location_id,date,demand
store_0,2017-10-02,3950
store_0,2017-10-03,3679
store_0,2017-10-04,3517
store_0,2017-10-05,1787
store_0,2017-10-06,1359
store_0,2017-10-07,1430
store_0,2017-10-08,1319
store_0,2017-10-09,1419
store_0,2017-10-10,1647
store_0,2017-10-11,2038
store_0,2017-10-12,2288
store_0,2017-10-13,1613
store_0,2017-10-14,1811
store_0,2017-10-15,1414
store_0,2017-10-16,1451
store_0,2017-10-17,1727
store_0,2017-10-18,1915
store_0,2017-10-19,1750
store_0,2017-10-20,1516
store_0,2017-10-21,1703
store_0,2017-10-22,1461
store_0,2017-10-23,1511
store_0,2017-10-24,1830
store_0,2017-10-25,2104
store_0,2017-10-26,2372
store_0,2017-10-27,1597
store_0,2017-10-28,1400
store_0,2017-10-29,1481
store_0,2017-10-30,1622
store_0,2017-10-31,1552
store_0,2017-11-01,1788
store_0,2017-11-02,2057
store_0,2017-11-03,2081
store_0,2017-11-04,2217
store_0,2017-11-05,2583
store_0,2017-11-06,4800
store_0,2017-11-07,4124
store_0,2017-11-08,4096
store_0,2017-11-09,2883
store_0,2017-11-10,1874
store_0,2017-11-11,1691
store_0,2017-11-12,1399
store_0,2017-11-13,1323
store_0,2017-11-14,1398
store_0,2017-11-15,1687
store_0,2017-11-16,1747
store_0,2017-11-17,2697
store_0,2017-11-18,2903
store_0,2017-11-19,1973
store_0,2017-11-20,1459
store_0,2017-11-21,1406
store_0,2017-11-22,1411
store_0,2017-11-23,1910
store_0,2017-11-24,1993
store_0,2017-11-25,1796
store_0,2017-11-26,1434
store_0,2017-11-27,1203
store_0,2017-11-28,1221
store_0,2017-11-29,1315
store_0,2017-11-30,1308
store_0,2017-12-01,1432
store_0,2017-12-02,1502
store_0,2017-12-03,1470
store_0,2017-12-04,1789
store_0,2017-12-05,1789
store_0,2017-12-06,1730
store_0,2017-12-07,1611
store_0,2017-12-08,1448
store_0,2017-12-09,1480
store_0,2017-12-10,2055
store_0,2017-12-11,2063
store_0,2017-12-12,1210
store_0,2017-12-13,1359
store_0,2017-12-14,1439
store_0,2017-12-15,1452
store_0,2017-12-16,1493
store_0,2017-12-17,1445
store_0,2017-12-18,1390
store_0,2017-12-19,1417
store_0,2017-12-20,1368
store_0,2017-12-21,1302
store_0,2017-12-22,1445
store_0,2017-12-23,1573
store_0,2017-12-24,1279
store_0,2017-12-25,2218
store_0,2017-12-26,1535
store_0,2017-12-27,1591
store_0,2017-12-28,1654
store_0,2017-12-29,1689
store_0,2017-12-30,1541
store_0,2017-12-31,1520
store_0,2018-01-01,1095
store_0,2018-01-02,1050
store_0,2018-01-03,1179
store_0,2018-01-04,1497
store_0,2018-01-05,1307
store_0,2018-01-06,1301
store_0,2018-01-07,1208
store_0,2018-01-08,1109
store_0,2018-01-09,1309
store_0,2018-01-10,1272
store_0,2018-01-11,1385
store_0,2018-01-12,1776
store_0,2018-01-13,1847
store_0,2018-01-14,1582
store_0,2018-01-15,1464
store_0,2018-01-16,1357
store_0,2018-01-17,1414
store_0,2018-01-18,1984
store_0,2018-01-19,2191
store_0,2018-01-20,2067
store_0,2018-01-21,1879
store_0,2018-01-22,1978
store_0,2018-01-23,1926
store_0,2018-01-24,1444
store_0,2018-01-25,1509
store_0,2018-01-26,1751
store_0,2018-01-27,2214
store_0,2018-01-28,2390
store_0,2018-01-29,2665
store_0,2018-01-30,2619
store_0,2018-01-31,2449
store_0,2018-02-01,2043
store_0,2018-02-02,1380
store_0,2018-02-03,1043
store_0,2018-02-04,886
store_0,2018-02-05,1178
store_0,2018-02-06,1273
store_0,2018-02-07,1449
store_0,2018-02-08,2188
store_0,2018-02-09,2217
store_0,2018-02-10,1673
store_0,2018-02-11,1288
store_0,2018-02-12,1640
store_0,2018-02-13,1671
store_0,2018-02-14,1612
store_0,2018-02-15,1382
store_0,2018-02-16,1499
store_0,2018-02-17,1598
store_0,2018-02-18,1802
store_0,2018-02-19,1561
store_0,2018-02-20,1773
store_0,2018-02-21,1555
store_0,2018-02-22,1470
store_0,2018-02-23,1461
store_0,2018-02-24,1517
store_0,2018-02-25,1167
store_0,2018-02-26,1359
store_0,2018-02-27,1625
store_0,2018-02-28,1477
store_0,2018-03-01,1346
store_0,2018-03-02,1954
store_0,2018-03-03,1843
store_0,2018-03-04,1917
store_0,2018-03-05,1987
store_0,2018-03-06,1511
store_0,2018-03-07,1436
store_0,2018-03-08,1536
store_0,2018-03-09,1494
store_0,2018-03-10,1460
store_0,2018-03-11,1468
store_0,2018-03-12,1686
store_0,2018-03-13,2119
store_0,2018-03-14,2547
store_0,2018-03-15,1711
store_0,2018-03-16,1605
store_0,2018-03-17,1725
store_0,2018-03-18,1821
store_0,2018-03-19,3144
store_0,2018-03-20,3401
store_0,2018-03-21,3578
store_0,2018-03-22,3488
store_0,2018-03-23,3013
store_0,2018-03-24,1898
store_0,2018-03-25,1893
store_0,2018-03-26,1801
store_0,2018-03-27,1974
store_0,2018-03-28,2750
store_0,2018-03-29,2682
store_0,2018-03-30,1820
store_0,2018-03-31,1678
store_0,2018-04-01,1788
store_0,2018-04-02,1593
store_0,2018-04-03,1754
store_0,2018-04-04,3286
store_0,2018-04-05,1609
store_0,2018-04-06,1380
store_0,2018-04-07,1493
store_0,2018-04-08,1640
store_0,2018-04-09,2282
store_0,2018-04-10,2397
store_0,2018-04-11,1808
store_0,2018-04-12,2133
store_0,2018-04-13,2265
store_0,2018-04-14,2028
store_0,2018-04-15,1963
store_0,2018-04-16,3020
store_0,2018-04-17,3702
store_0,2018-04-18,3569
store_0,2018-04-19,2856
store_0,2018-04-20,2097
store_0,2018-04-21,1368
store_0,2018-04-22,1180
store_0,2018-04-23,1411
store_0,2018-04-24,2398
store_0,2018-04-25,1382
store_0,2018-04-26,1567
store_0,2018-04-27,1795
store_0,2018-04-28,1708
store_0,2018-04-29,1936
store_0,2018-04-30,2262
store_0,2018-05-01,2493
store_0,2018-05-02,2061
store_0,2018-05-03,1665
store_0,2018-05-04,1696
store_0,2018-05-05,1647
store_0,2018-05-06,1683
store_0,2018-05-07,1913
store_0,2018-05-08,2635
store_0,2018-05-09,2660
store_0,2018-05-10,2401
store_0,2018-05-11,1492
store_0,2018-05-12,1289
store_0,2018-05-13,1209
store_0,2018-05-14,1517
store_0,2018-05-15,1494
store_0,2018-05-16,1605
store_0,2018-05-17,1791
store_0,2018-05-18,2742
store_0,2018-05-19,2570
store_0,2018-05-20,2527
store_0,2018-05-21,2368
store_0,2018-05-22,1460
store_0,2018-05-23,1319
store_0,2018-05-24,1356
store_0,2018-05-25,1261
store_0,2018-05-26,1159
store_0,2018-05-27,1246
store_0,2018-05-28,1011
store_0,2018-05-29,882
store_0,2018-05-30,1431
store_0,2018-05-31,1477
store_0,2018-06-01,1467
store_0,2018-06-02,1319
store_0,2018-06-03,1208
store_0,2018-06-04,1732
store_0,2018-06-05,2472
store_0,2018-06-06,2678
store_0,2018-06-07,1437
store_0,2018-06-08,1422
store_0,2018-06-09,1252
store_0,2018-06-10,1283
store_0,2018-06-11,1536
store_0,2018-06-12,1847
store_0,2018-06-13,2107
store_0,2018-06-14,1915
store_0,2018-06-15,1654
store_0,2018-06-16,1110
store_0,2018-06-17,1067
store_0,2018-06-18,1484
store_0,2018-06-19,1361
store_0,2018-06-20,1550
store_0,2018-06-21,1594
store_0,2018-06-22,1621
store_0,2018-06-23,1457
store_0,2018-06-24,1833
store_0,2018-06-25,2224
store_0,2018-06-26,2352
store_0,2018-06-27,2507
store_0,2018-06-28,1999
store_0,2018-06-29,1647
store_0,2018-06-30,1207
store_0,2018-07-01,1202
store_0,2018-07-02,1361
store_0,2018-07-03,1681
store_0,2018-07-04,997
store_0,2018-07-05,1733
store_0,2018-07-06,1751
store_0,2018-07-07,1548
store_0,2018-07-08,1318
store_0,2018-07-09,1692
store_0,2018-07-10,2657
store_0,2018-07-11,2582
store_0,2018-07-12,2292
store_0,2018-07-13,1574
store_0,2018-07-14,1283
store_0,2018-07-15,1430
store_0,2018-07-16,1484
store_0,2018-07-17,1472
store_0,2018-07-18,1533
store_0,2018-07-19,1842
store_0,2018-07-20,1847
store_0,2018-07-21,1786
store_0,2018-07-22,1881
store_0,2018-07-23,2199
store_0,2018-07-24,2852
store_0,2018-07-25,2699
store_0,2018-07-26,2566
store_0,2018-07-27,1865
store_0,2018-07-28,1309
store_0,2018-07-29,1472
store_0,2018-07-30,1509
store_0,2018-07-31,1606
store_0,2018-08-01,1489
store_0,2018-08-02,1684
store_0,2018-08-03,1569
store_0,2018-08-04,1438
store_0,2018-08-05,1277
store_0,2018-08-06,1416
store_0,2018-08-07,1573
store_0,2018-08-08,1588
store_0,2018-08-09,2148
store_0,2018-08-10,2278
store_0,2018-08-11,2183
store_0,2018-08-12,1677
store_0,2018-08-13,1458
store_0,2018-08-14,1510
store_0,2018-08-15,1442
store_0,2018-08-16,1508
store_0,2018-08-17,1439
store_0,2018-08-18,1467
store_0,2018-08-19,1474
store_0,2018-08-20,1565
store_0,2018-08-21,1463
store_0,2018-08-22,1585
store_0,2018-08-23,1384
store_0,2018-08-24,1469
store_0,2018-08-25,1464
store_0,2018-08-26,1322
store_0,2018-08-27,1576
store_0,2018-08-28,1675
store_0,2018-08-29,2347
store_0,2018-08-30,2378
store_0,2018-08-31,1468
store_0,2018-09-01,1394
store_0,2018-09-02,1530
store_0,2018-09-03,1133
store_0,2018-09-04,1657
store_0,2018-09-05,2499
store_0,2018-09-06,2794
store_0,2018-09-07,2585
store_0,2018-09-08,1724
store_0,2018-09-09,1253
store_0,2018-09-10,1280
store_0,2018-09-11,1457
store_0,2018-09-12,1509
store_0,2018-09-13,1798
store_0,2018-09-14,1833
store_0,2018-09-15,1229
store_0,2018-09-16,1282
store_0,2018-09-17,1711
store_0,2018-09-18,1756
store_0,2018-09-19,1820
store_0,2018-09-20,1978
store_0,2018-09-21,2095
store_0,2018-09-22,2244
store_0,2018-09-23,2168
store_0,2018-09-24,2782
store_0,2018-09-25,4562
store_0,2018-09-26,4412
store_0,2018-09-27,4327
store_0,2018-09-28,2866
store_0,2018-09-29,1741
store_0,2018-09-30,1473
store_0,2018-10-01,1567
store_0,2018-10-02,1647
store_0,2018-10-03,1876
store_0,2018-10-04,2259
store_0,2018-10-05,2231
store_0,2018-10-06,2053
store_0,2018-10-07,1291
store_0,2018-10-08,1484
store_0,2018-10-09,1498
store_0,2018-10-10,1561
store_0,2018-10-11,1755
store_0,2018-10-12,1780
store_0,2018-10-13,2799
store_0,2018-10-14,2597
store_0,2018-10-15,2339
store_0,2018-10-16,2404
store_0,2018-10-17,1968
store_0,2018-10-18,1723
store_0,2018-10-19,1959
store_0,2018-10-20,1943
store_0,2018-10-21,2298
store_0,2018-10-22,4013
store_0,2018-10-23,3725
store_0,2018-10-24,3451
store_0,2018-10-25,2571
store_0,2018-10-26,1586
store_0,2018-10-27,955
store_0,2018-10-28,1208
store_0,2018-10-29,1361
store_0,2018-10-30,1339
store_0,2018-10-31,1140
store_0,2018-11-01,1486
store_0,2018-11-02,1623
store_0,2018-11-03,1624
store_0,2018-11-04,1418
store_0,2018-11-05,1633
store_0,2018-11-06,1852
store_0,2018-11-07,2271
store_0,2018-11-08,2300
store_0,2018-11-09,1820
store_0,2018-11-10,1830
store_0,2018-11-11,1767
store_0,2018-11-12,1952
store_0,2018-11-13,1731
store_0,2018-11-14,1708
store_0,2018-11-15,1745
store_0,2018-11-16,1270
store_0,2018-11-17,1135
store_0,2018-11-18,1086
store_0,2018-11-19,1179
store_0,2018-11-20,1251
store_0,2018-11-21,1270
store_0,2018-11-22,1860
store_0,2018-11-23,1845
store_0,2018-11-24,1719
store_0,2018-11-25,1509
store_0,2018-11-26,1313
store_0,2018-11-27,1348
store_0,2018-11-28,1694
store_0,2018-11-29,2355
store_0,2018-11-30,2492
store_0,2018-12-01,1849
store_0,2018-12-02,1442
store_0,2018-12-03,1655
store_0,2018-12-04,1724
store_0,2018-12-05,1391
store_0,2018-12-06,1483
store_0,2018-12-07,1422
store_0,2018-12-08,1532
store_0,2018-12-09,1305
store_0,2018-12-10,1483
store_0,2018-12-11,1534
store_0,2018-12-12,1413
store_0,2018-12-13,1440
store_0,2018-12-14,1367
store_0,2018-12-15,1332
store_0,2018-12-16,1154
store_0,2018-12-17,1260
store_0,2018-12-18,1343
store_0,2018-12-19,1310
store_0,2018-12-20,1479
store_0,2018-12-21,1161
store_0,2018-12-22,1283
store_0,2018-12-23,1275
store_0,2018-12-24,968
store_0,2018-12-25,2080
store_0,2018-12-26,1429
store_0,2018-12-27,1443
store_0,2018-12-28,1623
store_0,2018-12-29,1504
store_0,2018-12-30,1454
store_0,2018-12-31,1357
store_0,2019-01-01,1116
store_0,2019-01-02,1261
store_0,2019-01-03,1510
store_0,2019-01-04,1345
store_0,2019-01-05,1111
store_0,2019-01-06,806
store_0,2019-01-07,1335
store_0,2019-01-08,1389
store_0,2019-01-09,1434
store_0,2019-01-10,1430
store_0,2019-01-11,1401
store_0,2019-01-12,1462
store_0,2019-01-13,1827
store_0,2019-01-14,2061
store_0,2019-01-15,1653
store_0,2019-01-16,1436
store_0,2019-01-17,1813
store_0,2019-01-18,2077
store_0,2019-01-19,1589
store_0,2019-01-20,1149
store_0,2019-01-21,1452
store_0,2019-01-22,1634
store_0,2019-01-23,1897
store_0,2019-01-24,2320
store_0,2019-01-25,2909
store_0,2019-01-26,2526
store_0,2019-01-27,2223
store_0,2019-01-28,1558
store_0,2019-01-29,1620
store_0,2019-01-30,1626
store_0,2019-01-31,1550
store_0,2019-02-01,1560
store_0,2019-02-02,1722
store_0,2019-02-03,1829
store_0,2019-02-04,2130
store_0,2019-02-05,2655
store_0,2019-02-06,2445
store_0,2019-02-07,2132
store_0,2019-02-08,1641
store_0,2019-02-09,1845
store_0,2019-02-10,1886
store_0,2019-02-11,2680
store_0,2019-02-12,3128
store_0,2019-02-13,2606
store_0,2019-02-14,3154
store_0,2019-02-15,2397
store_0,2019-02-16,1914
store_0,2019-02-17,1396
store_0,2019-02-18,1425
store_0,2019-02-19,1477
store_0,2019-02-20,1550
store_0,2019-02-21,1476
store_0,2019-02-22,1951
store_0,2019-02-23,1799
store_0,2019-02-24,1778
store_0,2019-02-25,1472
store_0,2019-02-26,1626
store_0,2019-02-27,1418
store_0,2019-02-28,1625
store_0,2019-03-01,1723
store_0,2019-03-02,1615
store_0,2019-03-03,1964
store_0,2019-03-04,2820
store_0,2019-03-05,3189
store_0,2019-03-06,3290
store_0,2019-03-07,2875
store_0,2019-03-08,2079
store_0,2019-03-09,1559
store_0,2019-03-10,1863
store_0,2019-03-11,1950
store_0,2019-03-12,2244
store_0,2019-03-13,2139
store_0,2019-03-14,1519
store_0,2019-03-15,1711
store_0,2019-03-16,1482
store_0,2019-03-17,1702
store_0,2019-03-18,2942
store_0,2019-03-19,3088
store_0,2019-03-20,3341
store_0,2019-03-21,3061
store_0,2019-03-22,2585
store_0,2019-03-23,1518
store_0,2019-03-24,1328
store_0,2019-03-25,1314
store_0,2019-03-26,1733
store_0,2019-03-27,1712
store_0,2019-03-28,1907
store_0,2019-03-29,1466
store_0,2019-03-30,1541
store_0,2019-03-31,1591
store_0,2019-04-01,2000
store_0,2019-04-02,2533
store_0,2019-04-03,2629
store_0,2019-04-04,1777
store_0,2019-04-05,1744
store_0,2019-04-06,1809
store_0,2019-04-07,1771
store_0,2019-04-08,2698
store_0,2019-04-09,3403
store_0,2019-04-10,2604
store_0,2019-04-11,2454
store_0,2019-04-12,1666
store_0,2019-04-13,2464
store_0,2019-04-14,2507
store_0,2019-04-15,2403
store_0,2019-04-16,1959
store_0,2019-04-17,1455
store_0,2019-04-18,1550
store_0,2019-04-19,1654
store_0,2019-04-20,1515
store_0,2019-04-21,1586
store_0,2019-04-22,1464
store_0,2019-04-23,2092
store_0,2019-04-24,2328
store_0,2019-04-25,2216
store_0,2019-04-26,1595
store_0,2019-04-27,1662
store_0,2019-04-28,1527
store_0,2019-04-29,1486
store_0,2019-04-30,1879
store_0,2019-05-01,1885
store_0,2019-05-02,1700
store_0,2019-05-03,1578
store_0,2019-05-04,1453
store_0,2019-05-05,1318
store_0,2019-05-06,1527
store_0,2019-05-07,1668
store_0,2019-05-08,2183
store_0,2019-05-09,2378
store_0,2019-05-10,2174
store_0,2019-05-11,1811
store_0,2019-05-12,1423
store_0,2019-05-13,1849
store_0,2019-05-14,2203
store_0,2019-05-15,2068
store_0,2019-05-16,1663
store_0,2019-05-17,1644
store_0,2019-05-18,1786
store_0,2019-05-19,1940
store_0,2019-05-20,1942
store_0,2019-05-21,2109
store_0,2019-05-22,2175
store_0,2019-05-23,2181
store_0,2019-05-24,1591
store_0,2019-05-25,1620
store_0,2019-05-26,1830
store_0,2019-05-27,1604
store_0,2019-05-28,1819
store_0,2019-05-29,2761
store_0,2019-05-30,2856
store_0,2019-05-31,1830
store_0,2019-06-01,2216
store_0,2019-06-02,1452
store_0,2019-06-03,1221
store_0,2019-06-04,1372
store_0,2019-06-05,1454
store_0,2019-06-06,1553
store_0,2019-06-07,2421
store_0,2019-06-08,2439
store_0,2019-06-09,2445
store_0,2019-06-10,2258
store_0,2019-06-11,1923
store_0,2019-06-12,1492
store_0,2019-06-13,1398
store_0,2019-06-14,1606
store_0,2019-06-15,1658
store_0,2019-06-16,1344
store_0,2019-06-17,1348
store_0,2019-06-18,1368
store_0,2019-06-19,1424
store_0,2019-06-20,1685
store_0,2019-06-21,2019
store_0,2019-06-22,2086
store_0,2019-06-23,2060
store_0,2019-06-24,1672
store_0,2019-06-25,1512
store_0,2019-06-26,1441
store_0,2019-06-27,1545
store_0,2019-06-28,1447
store_0,2019-06-29,1418
store_0,2019-06-30,1844
store_0,2019-07-01,1472
store_0,2019-07-02,1448
store_0,2019-07-03,1393
store_0,2019-07-04,1050
store_0,2019-07-05,1610
store_0,2019-07-06,1488
store_0,2019-07-07,1346
store_0,2019-07-08,1267
store_0,2019-07-09,1920
store_0,2019-07-10,1717
store_0,2019-07-11,1594
store_0,2019-07-12,1380
store_0,2019-07-13,1290
store_0,2019-07-14,1244
store_0,2019-07-15,1229
store_0,2019-07-16,1362
store_0,2019-07-17,1157
store_0,2019-07-18,1341
store_0,2019-07-19,1410
store_0,2019-07-20,1317
store_0,2019-07-21,1261
store_0,2019-07-22,1311
store_0,2019-07-23,1363
store_0,2019-07-24,1651
store_0,2019-07-25,1845
store_0,2019-07-26,1831
store_0,2019-07-27,1319
store_0,2019-07-28,1258
store_0,2019-07-29,1240
store_0,2019-07-30,1498
store_0,2019-07-31,1290
store_0,2019-08-01,1365
store_0,2019-08-02,1639
store_0,2019-08-03,1672
store_0,2019-08-04,1439
store_0,2019-08-05,1672
store_0,2019-08-06,1782
store_0,2019-08-07,1926
store_0,2019-08-08,1473
store_0,2019-08-09,1486
store_0,2019-08-10,1520
store_0,2019-08-11,1440
store_0,2019-08-12,1498
store_0,2019-08-13,1846
store_0,2019-08-14,1829
store_0,2019-08-15,1701
store_0,2019-08-16,1402
store_0,2019-08-17,1388
store_0,2019-08-18,1382
store_0,2019-08-19,1347
store_0,2019-08-20,1595
store_0,2019-08-21,1564
store_0,2019-08-22,1741
store_0,2019-08-23,1718
store_0,2019-08-24,1699
store_0,2019-08-25,2477
store_0,2019-08-26,2914
store_0,2019-08-27,2951
store_0,2019-08-28,2864
store_0,2019-08-29,2148
store_0,2019-08-30,1560
store_0,2019-08-31,1375
store_0,2019-09-01,1474
store_0,2019-09-02,1295
store_0,2019-09-03,1519
store_0,2019-09-04,1692
store_0,2019-09-05,2268
store_0,2019-09-06,2385
store_0,2019-09-07,2199
store_0,2019-09-08,1521
store_0,2019-09-09,1552
store_0,2019-09-10,1542
store_0,2019-09-11,1595
store_0,2019-09-12,1669
store_0,2019-09-13,1742
store_0,2019-09-14,1717
store_0,2019-09-15,1923
store_0,2019-09-16,3421
store_0,2019-09-17,3385
store_0,2019-09-18,3302
store_0,2019-09-19,2200
store_0,2019-09-20,1506
store_0,2019-09-21,1400
store_0,2019-09-22,1310
store_0,2019-09-23,1390
store_0,2019-09-24,1620
store_0,2019-09-25,1993
store_0,2019-09-26,2150
store_0,2019-09-27,2110
store_0,2019-09-28,1839
store_0,2019-09-29,1439
store_0,2019-09-30,1386
store_0,2019-10-01,1763
store_0,2019-10-02,1974
store_0,2019-10-03,2565
store_0,2019-10-04,2062
store_0,2019-10-05,1327
store_0,2019-10-06,1365
store_0,2019-10-07,1628
store_0,2019-10-08,1739
store_0,2019-10-09,1696
store_0,2019-10-10,1914
store_0,2019-10-11,2464
store_0,2019-10-12,2594
store_0,2019-10-13,2510
store_0,2019-10-14,2320
store_0,2019-10-15,2092
store_0,2019-10-16,1603
store_0,2019-10-17,1636
store_0,2019-10-18,1606
store_0,2019-10-19,1725
store_0,2019-10-20,1970
store_0,2019-10-21,2541
store_0,2019-10-22,2395
store_0,2019-10-23,2087
store_0,2019-10-24,1661
store_0,2019-10-25,1570
store_0,2019-10-26,1513
store_0,2019-10-27,1844
store_0,2019-10-28,2546
store_0,2019-10-29,2533
store_0,2019-10-30,2255
store_0,2019-10-31,1652
store_0,2019-11-01,1294
store_0,2019-11-02,1365
store_0,2019-11-03,1296
store_0,2019-11-04,1502
store_0,2019-11-05,1627
store_0,2019-11-06,1728
store_0,2019-11-07,2054
store_0,2019-11-08,2261
store_0,2019-11-09,2135
store_0,2019-11-10,2007
store_0,2019-11-11,1748
store_0,2019-11-12,2038
store_0,2019-11-13,2257
store_0,2019-11-14,2374
store_0,2019-11-15,2398
store_0,2019-11-16,2429
store_0,2019-11-17,2272
store_0,2019-11-18,2743
store_0,2019-11-19,4310
store_0,2019-11-20,3926
store_0,2019-11-21,4068
store_0,2019-11-22,2759
store_0,2019-11-23,1339
store_0,2019-11-24,1545
store_0,2019-11-25,1533
store_0,2019-11-26,1498
store_0,2019-11-27,1501
store_0,2019-11-28,1953
store_0,2019-11-29,2027
store_0,2019-11-30,1852
store_0,2019-12-01,1623
store_0,2019-12-02,1659
store_0,2019-12-03,2159
store_0,2019-12-04,1466
store_0,2019-12-05,1497
store_0,2019-12-06,1700
store_0,2019-12-07,1344
store_0,2019-12-08,1830
store_0,2019-12-09,3030
store_0,2019-12-10,2859
store_0,2019-12-11,2932
store_0,2019-12-12,2839
store_0,2019-12-13,2715
store_0,2019-12-14,1699
store_0,2019-12-15,1360
store_0,2019-12-16,1368
store_0,2019-12-17,1451
store_0,2019-12-18,1331
store_0,2019-12-19,1371
store_0,2019-12-20,1376
store_0,2019-12-21,1376
store_0,2019-12-22,1380
store_0,2019-12-23,1396
store_0,2019-12-24,1230
store_0,2019-12-25,2009
store_0,2019-12-26,1627
store_0,2019-12-27,1619
store_0,2019-12-28,1590
store_0,2019-12-29,1558
store_0,2019-12-30,1479
store_0,2019-12-31,1407
store_0,2020-01-01,1214
store_0,2020-01-02,1513
store_0,2020-01-03,1555
store_0,2020-01-04,1393
store_0,2020-01-05,1345
store_0,2020-01-06,1431
store_0,2020-01-07,1415
store_0,2020-01-08,1377
store_0,2020-01-09,1373
store_0,2020-01-10,1216
store_0,2020-01-11,1256
store_0,2020-01-12,1113
store_0,2020-01-13,1526
store_0,2020-01-14,1651
store_0,2020-01-15,1633
store_0,2020-01-16,1411
store_0,2020-01-17,1385
store_0,2020-01-18,1704
store_0,2020-01-19,1822
store_0,2020-01-20,2046
store_0,2020-01-21,1849
store_0,2020-01-22,1670
store_0,2020-01-23,2031
store_0,2020-01-24,2196
store_0,2020-01-25,1625
store_0,2020-01-26,1099
store_0,2020-01-27,1383
store_0,2020-01-28,1361
store_0,2020-01-29,1447
store_0,2020-01-30,1500
store_0,2020-01-31,1622
store_0,2020-02-01,1806
store_0,2020-02-02,1913
store_0,2020-02-03,2193
store_0,2020-02-04,2349
store_0,2020-02-05,2246
store_0,2020-02-06,2030
store_0,2020-02-07,1409
store_0,2020-02-08,1037
store_0,2020-02-09,1026
store_0,2020-02-10,1319
store_0,2020-02-11,1565
store_0,2020-02-12,1509
store_0,2020-02-13,2305
store_0,2020-02-14,2088
store_0,2020-02-15,1647
store_0,2020-02-16,1311
store_0,2020-02-17,1207
store_0,2020-02-18,1511
store_0,2020-02-19,1640
store_0,2020-02-20,1649
store_0,2020-02-21,1714
store_0,2020-02-22,1638
store_0,2020-02-23,1752
store_0,2020-02-24,2736
store_0,2020-02-25,3159
store_0,2020-02-26,3089
store_0,2020-02-27,2360
store_0,2020-02-28,1692
store_0,2020-02-29,1127
store_1,2017-10-02,1831
store_1,2017-10-03,1677
store_1,2017-10-04,1646
store_1,2017-10-05,1789
store_1,2017-10-06,2119
store_1,2017-10-07,2029
store_1,2017-10-08,1808
store_1,2017-10-09,1687
store_1,2017-10-10,1739
store_1,2017-10-11,1644
store_1,2017-10-12,1793
store_1,2017-10-13,1968
store_1,2017-10-14,1976
store_1,2017-10-15,1513
store_1,2017-10-16,1623
store_1,2017-10-17,1567
store_1,2017-10-18,1679
store_1,2017-10-19,1706
store_1,2017-10-20,1961
store_1,2017-10-21,1706
store_1,2017-10-22,1558
store_1,2017-10-23,1703
store_1,2017-10-24,1677
store_1,2017-10-25,1702
store_1,2017-10-26,1817
store_1,2017-10-27,1885
store_1,2017-10-28,1875
store_1,2017-10-29,1528
store_1,2017-10-30,1578
store_1,2017-10-31,1548
store_1,2017-11-01,1688
store_1,2017-11-02,1782
store_1,2017-11-03,1907
store_1,2017-11-04,2001
store_1,2017-11-05,1672
store_1,2017-11-06,1684
store_1,2017-11-07,1612
store_1,2017-11-08,1632
store_1,2017-11-09,1690
store_1,2017-11-10,2267
store_1,2017-11-11,1962
store_1,2017-11-12,1544
store_1,2017-11-13,1622
store_1,2017-11-14,1577
store_1,2017-11-15,1637
store_1,2017-11-16,1781
store_1,2017-11-17,2017
store_1,2017-11-18,2224
store_1,2017-11-19,1614
store_1,2017-11-20,1677
store_1,2017-11-21,1605
store_1,2017-11-22,1734
store_1,2017-11-23,1907
store_1,2017-11-24,3353
store_1,2017-11-25,2344
store_1,2017-11-26,1543
store_1,2017-11-27,1624
store_1,2017-11-28,1420
store_1,2017-11-29,1686
store_1,2017-11-30,1610
store_1,2017-12-01,2516
store_1,2017-12-02,2225
store_1,2017-12-03,1853
store_1,2017-12-04,1671
store_1,2017-12-05,1805
store_1,2017-12-06,1685
store_1,2017-12-07,1984
store_1,2017-12-08,2238
store_1,2017-12-09,2638
store_1,2017-12-10,2370
store_1,2017-12-11,1754
store_1,2017-12-12,2046
store_1,2017-12-13,1959
store_1,2017-12-14,2027
store_1,2017-12-15,2292
store_1,2017-12-16,2608
store_1,2017-12-17,2171
store_1,2017-12-18,2186
store_1,2017-12-19,2003
store_1,2017-12-20,2619
store_1,2017-12-21,2555
store_1,2017-12-22,2754
store_1,2017-12-23,2808
store_1,2017-12-24,2120
store_1,2017-12-25,2103
store_1,2017-12-26,2275
store_1,2017-12-27,2164
store_1,2017-12-28,2103
store_1,2017-12-29,1881
store_1,2017-12-30,2317
store_1,2017-12-31,1898
store_1,2018-01-01,1871
store_1,2018-01-02,1752
store_1,2018-01-03,1720
store_1,2018-01-04,1681
store_1,2018-01-05,1765
store_1,2018-01-06,1686
store_1,2018-01-07,1262
store_1,2018-01-08,1431
store_1,2018-01-09,1484
store_1,2018-01-10,1635
store_1,2018-01-11,1512
store_1,2018-01-12,1678
store_1,2018-01-13,1887
store_1,2018-01-14,1590
store_1,2018-01-15,1695
store_1,2018-01-16,1539
store_1,2018-01-17,1484
store_1,2018-01-18,1597
store_1,2018-01-19,1803
store_1,2018-01-20,2552
store_1,2018-01-21,1221
store_1,2018-01-22,1518
store_1,2018-01-23,1415
store_1,2018-01-24,1605
store_1,2018-01-25,1674
store_1,2018-01-26,1719
store_1,2018-01-27,1734
store_1,2018-01-28,1362
store_1,2018-01-29,1545
store_1,2018-01-30,1675
store_1,2018-01-31,1624
store_1,2018-02-01,1538
store_1,2018-02-02,1799
store_1,2018-02-03,1703
store_1,2018-02-04,1118
store_1,2018-02-05,1536
store_1,2018-02-06,1639
store_1,2018-02-07,1733
store_1,2018-02-08,1649
store_1,2018-02-09,1824
store_1,2018-02-10,2048
store_1,2018-02-11,1598
store_1,2018-02-12,1645
store_1,2018-02-13,1650
store_1,2018-02-14,1622
store_1,2018-02-15,1706
store_1,2018-02-16,1728
store_1,2018-02-17,1950
store_1,2018-02-18,1555
store_1,2018-02-19,1651
store_1,2018-02-20,1704
store_1,2018-02-21,1761
store_1,2018-02-22,1858
store_1,2018-02-23,1823
store_1,2018-02-24,1787
store_1,2018-02-25,1279
store_1,2018-02-26,1500
store_1,2018-02-27,1514
store_1,2018-02-28,1574
store_1,2018-03-01,1775
store_1,2018-03-02,2059
store_1,2018-03-03,2239
store_1,2018-03-04,1696
store_1,2018-03-05,1521
store_1,2018-03-06,1670
store_1,2018-03-07,1690
store_1,2018-03-08,1598
store_1,2018-03-09,1822
store_1,2018-03-10,2085
store_1,2018-03-11,1542
store_1,2018-03-12,1737
store_1,2018-03-13,1612
store_1,2018-03-14,1761
store_1,2018-03-15,1833
store_1,2018-03-16,1912
store_1,2018-03-17,2234
store_1,2018-03-18,1533
store_1,2018-03-19,1664
store_1,2018-03-20,1773
store_1,2018-03-21,1770
store_1,2018-03-22,1823
store_1,2018-03-23,1947
store_1,2018-03-24,2447
store_1,2018-03-25,1648
store_1,2018-03-26,2014
store_1,2018-03-27,1885
store_1,2018-03-28,1932
store_1,2018-03-29,2009
store_1,2018-03-30,2117
store_1,2018-03-31,2251
store_1,2018-04-01,1405
store_1,2018-04-02,1780
store_1,2018-04-03,1906
store_1,2018-04-04,1815
store_1,2018-04-05,1882
store_1,2018-04-06,1948
store_1,2018-04-07,1960
store_1,2018-04-08,1430
store_1,2018-04-09,1740
store_1,2018-04-10,1692
store_1,2018-04-11,1676
store_1,2018-04-12,1819
store_1,2018-04-13,1745
store_1,2018-04-14,1735
store_1,2018-04-15,1430
store_1,2018-04-16,1529
store_1,2018-04-17,1716
store_1,2018-04-18,1869
store_1,2018-04-19,1898
store_1,2018-04-20,1913
store_1,2018-04-21,1969
store_1,2018-04-22,1564
store_1,2018-04-23,1689
store_1,2018-04-24,1769
store_1,2018-04-25,1966
store_1,2018-04-26,2021
store_1,2018-04-27,2039
store_1,2018-04-28,1981
store_1,2018-04-29,1657
store_1,2018-04-30,1765
store_1,2018-05-01,1273
store_1,2018-05-02,2015
store_1,2018-05-03,2177
store_1,2018-05-04,2101
store_1,2018-05-05,2105
store_1,2018-05-06,1795
store_1,2018-05-07,1938
store_1,2018-05-08,1876
store_1,2018-05-09,1846
store_1,2018-05-10,2037
store_1,2018-05-11,1993
store_1,2018-05-12,2267
store_1,2018-05-13,1818
store_1,2018-05-14,1916
store_1,2018-05-15,1879
store_1,2018-05-16,1948
store_1,2018-05-17,2116
store_1,2018-05-18,2143
store_1,2018-05-19,2174
store_1,2018-05-20,1828
store_1,2018-05-21,2045
store_1,2018-05-22,2179
store_1,2018-05-23,2217
store_1,2018-05-24,2114
store_1,2018-05-25,2133
store_1,2018-05-26,2288
store_1,2018-05-27,2096
store_1,2018-05-28,1890
store_1,2018-05-29,1238
store_1,2018-05-30,1990
store_1,2018-05-31,2006
store_1,2018-06-01,2063
store_1,2018-06-02,1438
store_1,2018-06-03,1585
store_1,2018-06-04,1809
store_1,2018-06-05,1925
store_1,2018-06-06,1916
store_1,2018-06-07,2116
store_1,2018-06-08,1995
store_1,2018-06-09,2190
store_1,2018-06-10,1842
store_1,2018-06-11,1994
store_1,2018-06-12,1897
store_1,2018-06-13,1837
store_1,2018-06-14,2111
store_1,2018-06-15,2231
store_1,2018-06-16,2291
store_1,2018-06-17,2054
store_1,2018-06-18,2099
store_1,2018-06-19,2129
store_1,2018-06-20,2147
store_1,2018-06-21,2240
store_1,2018-06-22,2297
store_1,2018-06-23,2300
store_1,2018-06-24,2772
store_1,2018-06-25,2089
store_1,2018-06-26,2029
store_1,2018-06-27,2071
store_1,2018-06-28,2058
store_1,2018-06-29,2261
store_1,2018-06-30,2291
store_1,2018-07-01,1916
store_1,2018-07-02,2061
store_1,2018-07-03,2238
store_1,2018-07-04,1878
store_1,2018-07-05,2221
store_1,2018-07-06,2251
store_1,2018-07-07,2344
store_1,2018-07-08,1917
store_1,2018-07-09,2017
store_1,2018-07-10,2045
store_1,2018-07-11,2074
store_1,2018-07-12,2397
store_1,2018-07-13,2429
store_1,2018-07-14,2247
store_1,2018-07-15,2006
store_1,2018-07-16,2109
store_1,2018-07-17,2061
store_1,2018-07-18,2102
store_1,2018-07-19,2330
store_1,2018-07-20,2167
store_1,2018-07-21,2309
store_1,2018-07-22,2001
store_1,2018-07-23,2046
store_1,2018-07-24,2187
store_1,2018-07-25,2209
store_1,2018-07-26,2331
store_1,2018-07-27,2205
store_1,2018-07-28,2348
store_1,2018-07-29,1905
store_1,2018-07-30,2074
store_1,2018-07-31,2046
store_1,2018-08-01,2172
store_1,2018-08-02,2195
store_1,2018-08-03,2422
store_1,2018-08-04,2302
store_1,2018-08-05,1958
store_1,2018-08-06,2159
store_1,2018-08-07,2229
store_1,2018-08-08,2205
store_1,2018-08-09,2334
store_1,2018-08-10,2434
store_1,2018-08-11,2372
store_1,2018-08-12,1928
store_1,2018-08-13,2087
store_1,2018-08-14,2071
store_1,2018-08-15,2035
store_1,2018-08-16,2217
store_1,2018-08-17,2342
store_1,2018-08-18,2452
store_1,2018-08-19,1936
store_1,2018-08-20,1913
store_1,2018-08-21,2002
store_1,2018-08-22,2027
store_1,2018-08-23,2083
store_1,2018-08-24,2278
store_1,2018-08-25,2139
store_1,2018-08-26,1800
store_1,2018-08-27,1959
store_1,2018-08-28,2048
store_1,2018-08-29,2049
store_1,2018-08-30,2087
store_1,2018-08-31,2387
store_1,2018-09-01,2548
store_1,2018-09-02,2153
store_1,2018-09-03,1956
store_1,2018-09-04,1874
store_1,2018-09-05,1821
store_1,2018-09-06,1863
store_1,2018-09-07,1991
store_1,2018-09-08,2004
store_1,2018-09-09,1599
store_1,2018-09-10,1763
store_1,2018-09-11,1739
store_1,2018-09-12,1791
store_1,2018-09-13,1814
store_1,2018-09-14,1924
store_1,2018-09-15,1959
store_1,2018-09-16,1659
store_1,2018-09-17,1719
store_1,2018-09-18,1788
store_1,2018-09-19,1866
store_1,2018-09-20,1975
store_1,2018-09-21,2046
store_1,2018-09-22,2082
store_1,2018-09-23,1688
store_1,2018-09-24,1855
store_1,2018-09-25,1720
store_1,2018-09-26,1761
store_1,2018-09-27,1896
store_1,2018-09-28,1950
store_1,2018-09-29,1983
store_1,2018-09-30,1583
store_1,2018-10-01,1707
store_1,2018-10-02,1717
store_1,2018-10-03,1789
store_1,2018-10-04,1879
store_1,2018-10-05,1945
store_1,2018-10-06,2036
store_1,2018-10-07,1708
store_1,2018-10-08,1593
store_1,2018-10-09,1685
store_1,2018-10-10,1728
store_1,2018-10-11,1889
store_1,2018-10-12,2006
store_1,2018-10-13,1798
store_1,2018-10-14,1413
store_1,2018-10-15,1583
store_1,2018-10-16,1734
store_1,2018-10-17,1751
store_1,2018-10-18,1793
store_1,2018-10-19,1906
store_1,2018-10-20,2008
store_1,2018-10-21,1584
store_1,2018-10-22,1614
store_1,2018-10-23,1789
store_1,2018-10-24,1695
store_1,2018-10-25,1705
store_1,2018-10-26,1816
store_1,2018-10-27,1803
store_1,2018-10-28,1349
store_1,2018-10-29,1555
store_1,2018-10-30,1569
store_1,2018-10-31,1504
store_1,2018-11-01,1606
store_1,2018-11-02,1933
store_1,2018-11-03,1837
store_1,2018-11-04,1547
store_1,2018-11-05,1664
store_1,2018-11-06,1711
store_1,2018-11-07,1822
store_1,2018-11-08,1854
store_1,2018-11-09,1983
store_1,2018-11-10,2100
store_1,2018-11-11,1843
store_1,2018-11-12,1848
store_1,2018-11-13,1685
store_1,2018-11-14,1648
store_1,2018-11-15,1817
store_1,2018-11-16,1914
store_1,2018-11-17,1993
store_1,2018-11-18,1640
store_1,2018-11-19,1830
store_1,2018-11-20,1896
store_1,2018-11-21,1821
store_1,2018-11-22,1526
store_1,2018-11-23,3295
store_1,2018-11-24,2411
store_1,2018-11-25,1536
store_1,2018-11-26,1341
store_1,2018-11-27,1555
store_1,2018-11-28,1613
store_1,2018-11-29,1838
store_1,2018-11-30,2025
store_1,2018-12-01,2229
store_1,2018-12-02,1814
store_1,2018-12-03,1880
store_1,2018-12-04,1851
store_1,2018-12-05,1850
store_1,2018-12-06,1951
store_1,2018-12-07,2677
store_1,2018-12-08,2479
store_1,2018-12-09,2050
store_1,2018-12-10,1903
store_1,2018-12-11,1782
store_1,2018-12-12,1982
store_1,2018-12-13,1905
store_1,2018-12-14,2253
store_1,2018-12-15,2661
store_1,2018-12-16,1866
store_1,2018-12-17,1881
store_1,2018-12-18,1848
store_1,2018-12-19,2217
store_1,2018-12-20,2203
store_1,2018-12-21,2528
store_1,2018-12-22,2560
store_1,2018-12-23,2346
store_1,2018-12-24,2387
store_1,2018-12-25,2452
store_1,2018-12-26,2045
store_1,2018-12-27,2380
store_1,2018-12-28,1897
store_1,2018-12-29,1935
store_1,2018-12-30,2041
store_1,2018-12-31,2130
store_1,2019-01-01,1786
store_1,2019-01-02,1696
store_1,2019-01-03,1609
store_1,2019-01-04,1922
store_1,2019-01-05,1616
store_1,2019-01-06,1286
store_1,2019-01-07,1640
store_1,2019-01-08,1523
store_1,2019-01-09,1548
store_1,2019-01-10,1748
store_1,2019-01-11,1743
store_1,2019-01-12,1867
store_1,2019-01-13,1387
store_1,2019-01-14,1741
store_1,2019-01-15,1675
store_1,2019-01-16,1728
store_1,2019-01-17,1669
store_1,2019-01-18,1726
store_1,2019-01-19,2038
store_1,2019-01-20,1554
store_1,2019-01-21,1738
store_1,2019-01-22,1600
store_1,2019-01-23,1610
store_1,2019-01-24,1788
store_1,2019-01-25,1829
store_1,2019-01-26,1668
store_1,2019-01-27,1371
store_1,2019-01-28,1606
store_1,2019-01-29,1579
store_1,2019-01-30,1625
store_1,2019-01-31,1650
store_1,2019-02-01,1654
store_1,2019-02-02,2021
store_1,2019-02-03,1268
store_1,2019-02-04,1216
store_1,2019-02-05,1617
store_1,2019-02-06,1719
store_1,2019-02-07,1809
store_1,2019-02-08,1554
store_1,2019-02-09,1574
store_1,2019-02-10,1144
store_1,2019-02-11,1021
store_1,2019-02-12,1185
store_1,2019-02-13,1752
store_1,2019-02-14,1698
store_1,2019-02-15,1915
store_1,2019-02-16,1656
store_1,2019-02-17,1607
store_1,2019-02-18,1673
store_1,2019-02-19,1629
store_1,2019-02-20,1736
store_1,2019-02-21,1819
store_1,2019-02-22,1753
store_1,2019-02-23,1818
store_1,2019-02-24,1333
store_1,2019-02-25,1597
store_1,2019-02-26,1567
store_1,2019-02-27,1656
store_1,2019-02-28,1747
store_1,2019-03-01,1926
store_1,2019-03-02,1899
store_1,2019-03-03,1585
store_1,2019-03-04,1676
store_1,2019-03-05,1776
store_1,2019-03-06,1743
store_1,2019-03-07,1733
store_1,2019-03-08,1709
store_1,2019-03-09,1900
store_1,2019-03-10,1644
store_1,2019-03-11,1616
store_1,2019-03-12,1662
store_1,2019-03-13,1781
store_1,2019-03-14,1998
store_1,2019-03-15,2169
store_1,2019-03-16,2455
store_1,2019-03-17,1748
store_1,2019-03-18,1931
store_1,2019-03-19,1871
store_1,2019-03-20,1930
store_1,2019-03-21,1909
store_1,2019-03-22,1980
store_1,2019-03-23,2078
store_1,2019-03-24,1703
store_1,2019-03-25,1838
store_1,2019-03-26,1858
store_1,2019-03-27,2026
store_1,2019-03-28,1933
store_1,2019-03-29,2158
store_1,2019-03-30,2207
store_1,2019-03-31,1854
store_1,2019-04-01,1854
store_1,2019-04-02,1895
store_1,2019-04-03,1928
store_1,2019-04-04,1991
store_1,2019-04-05,2013
store_1,2019-04-06,1839
store_1,2019-04-07,1394
store_1,2019-04-08,1643
store_1,2019-04-09,1648
store_1,2019-04-10,1780
store_1,2019-04-11,1763
store_1,2019-04-12,1909
store_1,2019-04-13,1808
store_1,2019-04-14,1499
store_1,2019-04-15,1754
store_1,2019-04-16,1731
store_1,2019-04-17,1813
store_1,2019-04-18,1855
store_1,2019-04-19,2039
store_1,2019-04-20,2200
store_1,2019-04-21,1456
store_1,2019-04-22,1716
store_1,2019-04-23,1783
store_1,2019-04-24,1933
store_1,2019-04-25,1990
store_1,2019-04-26,2138
store_1,2019-04-27,1974
store_1,2019-04-28,1575
store_1,2019-04-29,1726
store_1,2019-04-30,1980
store_1,2019-05-01,1289
store_1,2019-05-02,1963
store_1,2019-05-03,2042
store_1,2019-05-04,2056
store_1,2019-05-05,1748
store_1,2019-05-06,1877
store_1,2019-05-07,1917
store_1,2019-05-08,1973
store_1,2019-05-09,2051
store_1,2019-05-10,2210
store_1,2019-05-11,2172
store_1,2019-05-12,1590
store_1,2019-05-13,1731
store_1,2019-05-14,1765
store_1,2019-05-15,1745
store_1,2019-05-16,1812
store_1,2019-05-17,2111
store_1,2019-05-18,2186
store_1,2019-05-19,1837
store_1,2019-05-20,1734
store_1,2019-05-21,1734
store_1,2019-05-22,1784
store_1,2019-05-23,2041
store_1,2019-05-24,2158
store_1,2019-05-25,1971
store_1,2019-05-26,1942
store_1,2019-05-27,1856
store_1,2019-05-28,1859
store_1,2019-05-29,1824
store_1,2019-05-30,2001
store_1,2019-05-31,2063
store_1,2019-06-01,2066
store_1,2019-06-02,1752
store_1,2019-06-03,1871
store_1,2019-06-04,1854
store_1,2019-06-05,1918
store_1,2019-06-06,2032
store_1,2019-06-07,2041
store_1,2019-06-08,2172
store_1,2019-06-09,1757
store_1,2019-06-10,1992
store_1,2019-06-11,2022
store_1,2019-06-12,2139
store_1,2019-06-13,2120
store_1,2019-06-14,2294
store_1,2019-06-15,2258
store_1,2019-06-16,1824
store_1,2019-06-17,2149
store_1,2019-06-18,1997
store_1,2019-06-19,2021
store_1,2019-06-20,2130
store_1,2019-06-21,2368
store_1,2019-06-22,2252
store_1,2019-06-23,1872
store_1,2019-06-24,2254
store_1,2019-06-25,2083
store_1,2019-06-26,2182
store_1,2019-06-27,2178
store_1,2019-06-28,2302
store_1,2019-06-29,2300
store_1,2019-06-30,3202
store_1,2019-07-01,2264
store_1,2019-07-02,2038
store_1,2019-07-03,2183
store_1,2019-07-04,2008
store_1,2019-07-05,2257
store_1,2019-07-06,2218
store_1,2019-07-07,1498
store_1,2019-07-08,1917
store_1,2019-07-09,1988
store_1,2019-07-10,1928
store_1,2019-07-11,2189
store_1,2019-07-12,2370
store_1,2019-07-13,2353
store_1,2019-07-14,1821
store_1,2019-07-15,2055
store_1,2019-07-16,2162
store_1,2019-07-17,2029
store_1,2019-07-18,2187
store_1,2019-07-19,2349
store_1,2019-07-20,2380
store_1,2019-07-21,2126
store_1,2019-07-22,2190
store_1,2019-07-23,1980
store_1,2019-07-24,2018
store_1,2019-07-25,2279
store_1,2019-07-26,2366
store_1,2019-07-27,2381
store_1,2019-07-28,1814
store_1,2019-07-29,2091
store_1,2019-07-30,2033
store_1,2019-07-31,2099
store_1,2019-08-01,2233
store_1,2019-08-02,2436
store_1,2019-08-03,2366
store_1,2019-08-04,1940
store_1,2019-08-05,2121
store_1,2019-08-06,2137
store_1,2019-08-07,2280
store_1,2019-08-08,2212
store_1,2019-08-09,2442
store_1,2019-08-10,2228
store_1,2019-08-11,2024
store_1,2019-08-12,2200
store_1,2019-08-13,2250
store_1,2019-08-14,2242
store_1,2019-08-15,2444
store_1,2019-08-16,2395
store_1,2019-08-17,2241
store_1,2019-08-18,1727
store_1,2019-08-19,2075
store_1,2019-08-20,2085
store_1,2019-08-21,1862
store_1,2019-08-22,2204
store_1,2019-08-23,2351
store_1,2019-08-24,2183
store_1,2019-08-25,2202
store_1,2019-08-26,2169
store_1,2019-08-27,2221
store_1,2019-08-28,2215
store_1,2019-08-29,2087
store_1,2019-08-30,2486
store_1,2019-08-31,2429
store_1,2019-09-01,2241
store_1,2019-09-02,2066
store_1,2019-09-03,1924
store_1,2019-09-04,1938
store_1,2019-09-05,2035
store_1,2019-09-06,2037
store_1,2019-09-07,1959
store_1,2019-09-08,1680
store_1,2019-09-09,1914
store_1,2019-09-10,1808
store_1,2019-09-11,1889
store_1,2019-09-12,1985
store_1,2019-09-13,2071
store_1,2019-09-14,2005
store_1,2019-09-15,1593
store_1,2019-09-16,1887
store_1,2019-09-17,1835
store_1,2019-09-18,2015
store_1,2019-09-19,1991
store_1,2019-09-20,2081
store_1,2019-09-21,2026
store_1,2019-09-22,1571
store_1,2019-09-23,1925
store_1,2019-09-24,1882
store_1,2019-09-25,1894
store_1,2019-09-26,1939
store_1,2019-09-27,2051
store_1,2019-09-28,2073
store_1,2019-09-29,1664
store_1,2019-09-30,1768
store_1,2019-10-01,1856
store_1,2019-10-02,1857
store_1,2019-10-03,1888
store_1,2019-10-04,1984
store_1,2019-10-05,1913
store_1,2019-10-06,1592
store_1,2019-10-07,1824
store_1,2019-10-08,1704
store_1,2019-10-09,1853
store_1,2019-10-10,1995
store_1,2019-10-11,2138
store_1,2019-10-12,1991
store_1,2019-10-13,1647
store_1,2019-10-14,1833
store_1,2019-10-15,1738
store_1,2019-10-16,1810
store_1,2019-10-17,1850
store_1,2019-10-18,2066
store_1,2019-10-19,1758
store_1,2019-10-20,1557
store_1,2019-10-21,1854
store_1,2019-10-22,1457
store_1,2019-10-23,1740
store_1,2019-10-24,2077
store_1,2019-10-25,2009
store_1,2019-10-26,1936
store_1,2019-10-27,1454
store_1,2019-10-28,1720
store_1,2019-10-29,1803
store_1,2019-10-30,1796
store_1,2019-10-31,1661
store_1,2019-11-01,1866
store_1,2019-11-02,1950
store_1,2019-11-03,1625
store_1,2019-11-04,1805
store_1,2019-11-05,1754
store_1,2019-11-06,1716
store_1,2019-11-07,2023
store_1,2019-11-08,2032
store_1,2019-11-09,1956
store_1,2019-11-10,1719
store_1,2019-11-11,1948
store_1,2019-11-12,1981
store_1,2019-11-13,1750
store_1,2019-11-14,1767
store_1,2019-11-15,1909
store_1,2019-11-16,1755
store_1,2019-11-17,1334
store_1,2019-11-18,1598
store_1,2019-11-19,1542
store_1,2019-11-20,1770
store_1,2019-11-21,1804
store_1,2019-11-22,2007
store_1,2019-11-23,1841
store_1,2019-11-24,1488
store_1,2019-11-25,1795
store_1,2019-11-26,1721
store_1,2019-11-27,1694
store_1,2019-11-28,1704
store_1,2019-11-29,3056
store_1,2019-11-30,2274
store_1,2019-12-01,1620
store_1,2019-12-02,1836
store_1,2019-12-03,1827
store_1,2019-12-04,1777
store_1,2019-12-05,1903
store_1,2019-12-06,2396
store_1,2019-12-07,2129
store_1,2019-12-08,1933
store_1,2019-12-09,1712
store_1,2019-12-10,1504
store_1,2019-12-11,1764
store_1,2019-12-12,1765
store_1,2019-12-13,1942
store_1,2019-12-14,2112
store_1,2019-12-15,1513
store_1,2019-12-16,1812
store_1,2019-12-17,1800
store_1,2019-12-18,1713
store_1,2019-12-19,1864
store_1,2019-12-20,1701
store_1,2019-12-21,2103
store_1,2019-12-22,2072
store_1,2019-12-23,2219
store_1,2019-12-24,2121
store_1,2019-12-25,2047
store_1,2019-12-26,1892
store_1,2019-12-27,1951
store_1,2019-12-28,1966
store_1,2019-12-29,1614
store_1,2019-12-30,1840
store_1,2019-12-31,1787
store_1,2020-01-01,1595
store_1,2020-01-02,1561
store_1,2020-01-03,1712
store_1,2020-01-04,1417
store_1,2020-01-05,1136
store_1,2020-01-06,1237
store_1,2020-01-07,1306
store_1,2020-01-08,1464
store_1,2020-01-09,1584
store_1,2020-01-10,1544
store_1,2020-01-11,1465
store_1,2020-01-12,853
store_1,2020-01-13,1358
store_1,2020-01-14,1358
store_1,2020-01-15,1447
store_1,2020-01-16,1385
store_1,2020-01-17,1586
store_1,2020-01-18,1538
store_1,2020-01-19,1389
store_1,2020-01-20,1410
store_1,2020-01-21,1109
store_1,2020-01-22,1213
store_1,2020-01-23,1005
store_1,2020-01-24,1532
store_1,2020-01-25,1546
store_1,2020-01-26,1344
store_1,2020-01-27,1396
store_1,2020-01-28,1326
store_1,2020-01-29,1392
store_1,2020-01-30,1437
store_1,2020-01-31,1448
store_1,2020-02-01,1477
store_1,2020-02-02,1415
store_1,2020-02-03,1561
store_1,2020-02-04,1505
store_1,2020-02-05,1315
store_1,2020-02-06,1527
store_1,2020-02-07,1622
store_1,2020-02-08,1682
store_1,2020-02-09,1442
store_1,2020-02-10,1504
store_1,2020-02-11,1478
store_1,2020-02-12,1406
store_1,2020-02-13,1489
store_1,2020-02-14,1770
store_1,2020-02-15,1807
store_1,2020-02-16,1624
store_1,2020-02-17,1488
store_1,2020-02-18,1491
store_1,2020-02-19,1444
store_1,2020-02-20,1594
store_1,2020-02-21,1625
store_1,2020-02-22,1516
store_1,2020-02-23,1239
store_1,2020-02-24,1396
store_1,2020-02-25,1450
store_1,2020-02-26,1448
store_1,2020-02-27,1590
store_1,2020-02-28,1702
store_1,2020-02-29,1510
store_2,2017-01-01,18157.98
store_2,2017-01-02,28765.93
store_2,2017-01-03,15108.91
store_2,2017-01-04,13826.9
store_2,2017-01-05,12387.65
store_2,2017-01-06,13787.51
store_2,2017-01-07,14826.86
store_2,2017-01-08,20687.09
store_2,2017-01-09,9323.23
store_2,2017-01-10,11158.78
store_2,2017-01-11,9413.46
store_2,2017-01-12,11421.62
store_2,2017-01-13,15111.43
store_2,2017-01-14,20278.64
store_2,2017-01-15,22507.23
store_2,2017-01-16,18402.08
store_2,2017-01-17,8739.77
store_2,2017-01-18,8503.89
store_2,2017-01-19,9472.03
store_2,2017-01-20,8103.67
store_2,2017-01-21,21870.4
store_2,2017-01-22,19058.72
store_2,2017-01-23,6368.52
store_2,2017-01-24,10248.19
store_2,2017-01-25,10931.4
store_2,2017-01-26,10277.22
store_2,2017-01-27,10894.69
store_2,2017-01-28,22180.38
store_2,2017-01-29,18783.29
store_2,2017-01-30,10859.75
store_2,2017-01-31,8268.17
store_2,2017-02-01,9910.74
store_2,2017-02-02,8840.03
store_2,2017-02-03,9552.34
store_2,2017-02-04,20255.84
store_2,2017-02-05,16259.8
store_2,2017-02-06,7983.76
store_2,2017-02-07,9899.15
store_2,2017-02-08,12072.82
store_2,2017-02-09,8382.53
store_2,2017-02-10,16579.14
store_2,2017-02-11,27436.83
store_2,2017-02-12,24713.72
store_2,2017-02-13,18496.9
store_2,2017-02-14,14520.48
store_2,2017-02-15,8527.11
store_2,2017-02-16,11461.73
store_2,2017-02-17,14920.65
store_2,2017-02-18,27800.2
store_2,2017-02-19,22585.33
store_2,2017-02-20,24351.87
store_2,2017-02-21,10256.68
store_2,2017-02-22,11975.85
store_2,2017-02-23,14620.53
store_2,2017-02-24,17426.45
store_2,2017-02-25,29027.96
store_2,2017-02-26,22995.6
store_2,2017-02-27,9667.84
store_2,2017-02-28,8388.96
store_2,2017-03-01,9627.26
store_2,2017-03-02,11166.77
store_2,2017-03-03,14504.28
store_2,2017-03-04,29159.67
store_2,2017-03-05,26438.32
store_2,2017-03-06,9378.55
store_2,2017-03-07,8493.79
store_2,2017-03-08,8197.32
store_2,2017-03-09,9536.03
store_2,2017-03-10,15552.13
store_2,2017-03-11,27178.91
store_2,2017-03-12,22196.25
store_2,2017-03-13,12347.5
store_2,2017-03-14,8907.56
store_2,2017-03-15,13503.75
store_2,2017-03-16,13921.43
store_2,2017-03-17,18376.64
store_2,2017-03-18,31216.04
store_2,2017-03-19,31234.1
store_2,2017-03-20,12345.67
store_2,2017-03-21,14442.88
store_2,2017-03-22,12640.18
store_2,2017-03-23,11846.3
store_2,2017-03-24,16682.11
store_2,2017-03-25,29080.04
store_2,2017-03-26,25508.25
store_2,2017-03-27,10235.83
store_2,2017-03-28,12379.72
store_2,2017-03-29,15061.26
store_2,2017-03-30,14831.48
store_2,2017-03-31,15452.29
store_2,2017-04-01,35094.89
store_2,2017-04-02,29485.31
store_2,2017-04-03,13626.42
store_2,2017-04-04,14705.09
store_2,2017-04-05,14049.38
store_2,2017-04-06,12121.4
store_2,2017-04-07,17083.08
store_2,2017-04-08,30460.45
store_2,2017-04-09,28079.14
store_2,2017-04-10,21366.67
store_2,2017-04-11,23135.19
store_2,2017-04-12,26193.18
store_2,2017-04-13,24790.5
store_2,2017-04-14,27931.47
store_2,2017-04-15,33948.37
store_2,2017-04-16,100
store_2,2017-04-17,28202.51
store_2,2017-04-18,19073.94
store_2,2017-04-19,14800.01
store_2,2017-04-20,13826.49
store_2,2017-04-21,16567.56
store_2,2017-04-22,29250.75
store_2,2017-04-23,26304.17
store_2,2017-04-24,12826.55
store_2,2017-04-25,10227.35
store_2,2017-04-26,11292.23
store_2,2017-04-27,12656.97
store_2,2017-04-28,16207.1
store_2,2017-04-29,32521.31
store_2,2017-04-30,25869.75
store_2,2017-05-01,10757.01
store_2,2017-05-02,9626.18
store_2,2017-05-03,12348.65
store_2,2017-05-04,11685.18
store_2,2017-05-05,12840.63
store_2,2017-05-06,26336.72
store_2,2017-05-07,24064.25
store_2,2017-05-08,12232.7
store_2,2017-05-09,14815.15
store_2,2017-05-10,14619.81
store_2,2017-05-11,15461.29
store_2,2017-05-12,20481.3
store_2,2017-05-13,30762.05
store_2,2017-05-14,23603
store_2,2017-05-15,14906.48
store_2,2017-05-16,12278.2
store_2,2017-05-17,14514.09
store_2,2017-05-18,14154.63
store_2,2017-05-19,18366.09
store_2,2017-05-20,33072.47
store_2,2017-05-21,24771.21
store_2,2017-05-22,10931.96
store_2,2017-05-23,12529.68
store_2,2017-05-24,12368.23
store_2,2017-05-25,16987.67
store_2,2017-05-26,23108.82
store_2,2017-05-27,34405.26
store_2,2017-05-28,34282.43
store_2,2017-05-29,43376.54
store_2,2017-05-30,12435.18
store_2,2017-05-31,12448.17
store_2,2017-06-01,12177.67
store_2,2017-06-02,17617.67
store_2,2017-06-03,22834.86
store_2,2017-06-04,24435.22
store_2,2017-06-05,10770.23
store_2,2017-06-06,11726.82
store_2,2017-06-07,13119.34
store_2,2017-06-08,16804.6
store_2,2017-06-09,16487.92
store_2,2017-06-10,26901.12
store_2,2017-06-11,23846.25
store_2,2017-06-12,18551.26
store_2,2017-06-13,18358.69
store_2,2017-06-14,18429.78
store_2,2017-06-15,19453.59
store_2,2017-06-16,23905.73
store_2,2017-06-17,37986.34
store_2,2017-06-18,27047.19
store_2,2017-06-19,18019.25
store_2,2017-06-20,17091.66
store_2,2017-06-21,16416.12
store_2,2017-06-22,17731.59
store_2,2017-06-23,21665.3
store_2,2017-06-24,29698.1
store_2,2017-06-25,24367.41
store_2,2017-06-26,18771.64
store_2,2017-06-27,15468.15
store_2,2017-06-28,19272.57
store_2,2017-06-29,19807.27
store_2,2017-06-30,21287.16
store_2,2017-07-01,28551.03
store_2,2017-07-02,27641.17
store_2,2017-07-03,29432.88
store_2,2017-07-04,22523.88
store_2,2017-07-05,16765.36
store_2,2017-07-06,15055.06
store_2,2017-07-07,20031.66
store_2,2017-07-08,24926.62
store_2,2017-07-09,25379.89
store_2,2017-07-10,16148.24
store_2,2017-07-11,14256
store_2,2017-07-12,16354.99
store_2,2017-07-13,16330.48
store_2,2017-07-14,21429.53
store_2,2017-07-15,28546.19
store_2,2017-07-16,26916.63
store_2,2017-07-17,18520.24
store_2,2017-07-18,18683.04
store_2,2017-07-19,16934.15
store_2,2017-07-20,15839.22
store_2,2017-07-21,22008.72
store_2,2017-07-22,29563.56
store_2,2017-07-23,28092.94
store_2,2017-07-24,16897.21
store_2,2017-07-25,16352.33
store_2,2017-07-26,20578.38
store_2,2017-07-27,18217.21
store_2,2017-07-28,17898.69
store_2,2017-07-29,30233.25
store_2,2017-07-30,26320.56
store_2,2017-07-31,18174.93
store_2,2017-08-01,17634.76
store_2,2017-08-02,17095.66
store_2,2017-08-03,19032.38
store_2,2017-08-04,21881.46
store_2,2017-08-05,35322.53
store_2,2017-08-06,28580.53
store_2,2017-08-07,22880.77
store_2,2017-08-08,20608.6
store_2,2017-08-09,18638.31
store_2,2017-08-10,20532.37
store_2,2017-08-11,21623.19
store_2,2017-08-12,31667.89
store_2,2017-08-13,27853.27
store_2,2017-08-14,21980.47
store_2,2017-08-15,23023.39
store_2,2017-08-16,21169.98
store_2,2017-08-17,20946.13
store_2,2017-08-18,25032.35
store_2,2017-08-19,33846.31
store_2,2017-08-20,31387.77
store_2,2017-08-21,23964.54
store_2,2017-08-22,23562.39
store_2,2017-08-23,21434.83
store_2,2017-08-24,22303.2
store_2,2017-08-25,26116.28
store_2,2017-08-26,38022.78
store_2,2017-08-27,37285.31
store_2,2017-08-28,28005.07
store_2,2017-08-29,28093.11
store_2,2017-08-30,27836.43
store_2,2017-08-31,23143.93
store_2,2017-09-01,33656.04
store_2,2017-09-02,48577.46
store_2,2017-09-03,44042.48
store_2,2017-09-04,55902.02
store_2,2017-09-05,27220.66
store_2,2017-09-06,32438.14
store_2,2017-09-07,14539.89
store_2,2017-09-08,13504.47
store_2,2017-09-09,27199.14
store_2,2017-09-10,28491.01
store_2,2017-09-11,14791.19
store_2,2017-09-12,13582.21
store_2,2017-09-13,13498.53
store_2,2017-09-14,12797.13
store_2,2017-09-15,15863.24
store_2,2017-09-16,20978.44
store_2,2017-09-17,24594.39
store_2,2017-09-18,12645.72
store_2,2017-09-19,12056.26
store_2,2017-09-20,11072.83
store_2,2017-09-21,16254.56
store_2,2017-09-22,20373.46
store_2,2017-09-23,26066.07
store_2,2017-09-24,23307.49
store_2,2017-09-25,14636.82
store_2,2017-09-26,12086.17
store_2,2017-09-27,10202.68
store_2,2017-09-28,12863.93
store_2,2017-09-29,19194.09
store_2,2017-09-30,33671.61
store_2,2017-10-01,34908.16
store_2,2017-10-02,12202.41
store_2,2017-10-03,11753.08
store_2,2017-10-04,12513.1
store_2,2017-10-05,12609.65
store_2,2017-10-06,21118.55
store_2,2017-10-07,30280.5
store_2,2017-10-08,28982.16
store_2,2017-10-09,32002.1
store_2,2017-10-10,11776.91
store_2,2017-10-11,11674.88
store_2,2017-10-12,16857.44
store_2,2017-10-13,16616.89
store_2,2017-10-14,32865.25
store_2,2017-10-15,31037.62
store_2,2017-10-16,16588.95
store_2,2017-10-17,17733.89
store_2,2017-10-18,18697.32
store_2,2017-10-19,13940.03
store_2,2017-10-20,16482.48
store_2,2017-10-21,28875.24
store_2,2017-10-22,25173.94
store_2,2017-10-23,10971.09
store_2,2017-10-24,14755.26
store_2,2017-10-25,15113.34
store_2,2017-10-26,16123.63
store_2,2017-10-27,21270.71
store_2,2017-10-28,33983.73
store_2,2017-10-29,33620.89
store_2,2017-10-30,15514.92
store_2,2017-10-31,12402.05
store_2,2017-11-01,13952.02
store_2,2017-11-02,12063.61
store_2,2017-11-03,17349.77
store_2,2017-11-04,35976.05
store_2,2017-11-05,36062.63
store_2,2017-11-06,15820.86
store_2,2017-11-07,23274.25
store_2,2017-11-08,21154.54
store_2,2017-11-09,19981.27
store_2,2017-11-10,35453.2
store_2,2017-11-11,56791.9
store_2,2017-11-12,53017.63
store_2,2017-11-13,20078.51
store_2,2017-11-14,18214.73
store_2,2017-11-15,19533.44
store_2,2017-11-16,18922.49
store_2,2017-11-17,22994.19
store_2,2017-11-18,41699.81
store_2,2017-11-19,46396.7
store_2,2017-11-20,21487.8
store_2,2017-11-21,28254.26
store_2,2017-11-22,43781.09
store_2,2017-11-23,75561.17
store_2,2017-11-24,144642.31
store_2,2017-11-25,67783.47
store_2,2017-11-26,45000.73
store_2,2017-11-27,24658.83
store_2,2017-11-28,16791.49
store_2,2017-11-29,15232.26
store_2,2017-11-30,14422.06
store_2,2017-12-01,21494.79
store_2,2017-12-02,32326.48
store_2,2017-12-03,37957.85
store_2,2017-12-04,19621.84
store_2,2017-12-05,20146.18
store_2,2017-12-06,26987.59
store_2,2017-12-07,23833.59
store_2,2017-12-08,31193.86
store_2,2017-12-09,50917.85
store_2,2017-12-10,51322.38
store_2,2017-12-11,29444.67
store_2,2017-12-12,28601.96
store_2,2017-12-13,30506.66
store_2,2017-12-14,33005.7
store_2,2017-12-15,44742.58
store_2,2017-12-16,68798.38
store_2,2017-12-17,69719.83
store_2,2017-12-18,55159.25
store_2,2017-12-19,54459.77
store_2,2017-12-20,56913.15
store_2,2017-12-21,58423.74
store_2,2017-12-22,73522.66
store_2,2017-12-23,85045.84
store_2,2017-12-24,52957.31
store_2,2017-12-25,100
store_2,2017-12-26,46048.59
store_2,2017-12-27,37210.91
store_2,2017-12-28,34971.31
store_2,2017-12-29,38875.41
store_2,2017-12-30,40044.87
store_2,2017-12-31,27663.79
store_2,2018-01-01,16193.08
store_2,2018-01-02,17696.3
store_2,2018-01-03,15841.99
store_2,2018-01-04,6676.24
store_2,2018-01-05,14193.61
store_2,2018-01-06,21694.23
store_2,2018-01-07,21614.16
store_2,2018-01-08,11435.66
store_2,2018-01-09,10562.5
store_2,2018-01-10,10497.51
store_2,2018-01-11,10363.4
store_2,2018-01-12,15241.59
store_2,2018-01-13,25145.45
store_2,2018-01-14,23978.68
store_2,2018-01-15,23296.22
store_2,2018-01-16,8906.6
store_2,2018-01-17,8397.34
store_2,2018-01-18,11191.26
store_2,2018-01-19,10655.46
store_2,2018-01-20,23473.05
store_2,2018-01-21,18655.66
store_2,2018-01-22,9674.17
store_2,2018-01-23,10400.02
store_2,2018-01-24,11863.71
store_2,2018-01-25,10204.81
store_2,2018-01-26,15057.75
store_2,2018-01-27,26643.39
store_2,2018-01-28,19774.75
store_2,2018-01-29,10985.32
store_2,2018-01-30,6773.98
store_2,2018-01-31,8528.8
store_2,2018-02-01,8810.95
store_2,2018-02-02,8703.75
store_2,2018-02-03,17948.63
store_2,2018-02-04,17167.12
store_2,2018-02-05,8046.82
store_2,2018-02-06,8904.35
store_2,2018-02-07,8241.4
store_2,2018-02-08,10046.68
store_2,2018-02-09,14248.08
store_2,2018-02-10,27419.66
store_2,2018-02-11,23710.85
store_2,2018-02-12,14379.9
store_2,2018-02-13,13009.84
store_2,2018-02-14,12773.34
store_2,2018-02-15,10881.53
store_2,2018-02-16,17004.09
store_2,2018-02-17,24388.66
store_2,2018-02-18,24846.54
store_2,2018-02-19,20066.02
store_2,2018-02-20,14590.62
store_2,2018-02-21,17309.41
store_2,2018-02-22,15503.65
store_2,2018-02-23,20712.3
store_2,2018-02-24,30592.1
store_2,2018-02-25,24159.74
store_2,2018-02-26,15575.76
store_2,2018-02-27,10380.7
store_2,2018-02-28,9897.07
store_2,2018-03-01,12211.31
store_2,2018-03-02,13441.4
store_2,2018-03-03,28869.68
store_2,2018-03-04,31625.07
store_2,2018-03-05,9018.07
store_2,2018-03-06,7796.42
store_2,2018-03-07,7591.77
store_2,2018-03-08,10701.76
store_2,2018-03-09,16698.7
store_2,2018-03-10,31378.15
store_2,2018-03-11,30604.15
store_2,2018-03-12,14313.94
store_2,2018-03-13,11389.87
store_2,2018-03-14,12457.94
store_2,2018-03-15,12496.94
store_2,2018-03-16,20046.67
store_2,2018-03-17,40494.85
store_2,2018-03-18,35892.2
store_2,2018-03-19,14167.6
store_2,2018-03-20,13304.4
store_2,2018-03-21,3342.67
store_2,2018-03-22,13032.65
store_2,2018-03-23,16489.13
store_2,2018-03-24,32830.03
store_2,2018-03-25,29314.51
store_2,2018-03-26,16637.77
store_2,2018-03-27,13580.68
store_2,2018-03-28,18667.21
store_2,2018-03-29,20971.59
store_2,2018-03-30,29724.95
store_2,2018-03-31,37086.12
store_2,2018-04-01,100
store_2,2018-04-02,27758.34
store_2,2018-04-03,25667
store_2,2018-04-04,23446.68
store_2,2018-04-05,20995.16
store_2,2018-04-06,25700.44
store_2,2018-04-07,30238
store_2,2018-04-08,27161.88
store_2,2018-04-09,11696.99
store_2,2018-04-10,13861.99
store_2,2018-04-11,16471.2
store_2,2018-04-12,14254.15
store_2,2018-04-13,18010.12
store_2,2018-04-14,34283.42
store_2,2018-04-15,35528.95
store_2,2018-04-16,11078.37
store_2,2018-04-17,12093.04
store_2,2018-04-18,11746.56
store_2,2018-04-19,13662.96
store_2,2018-04-20,16655.4
store_2,2018-04-21,29277.28
store_2,2018-04-22,27669.44
store_2,2018-04-23,13231.25
store_2,2018-04-24,12792.84
store_2,2018-04-25,12702.41
store_2,2018-04-26,14422.22
store_2,2018-04-27,18487.46
store_2,2018-04-28,36480.32
store_2,2018-04-29,32318.73
store_2,2018-04-30,13358.25
store_2,2018-05-01,12492.49
store_2,2018-05-02,13239.58
store_2,2018-05-03,13461.96
store_2,2018-05-04,18834.23
store_2,2018-05-05,35942.94
store_2,2018-05-06,33362.82
store_2,2018-05-07,16094.77
store_2,2018-05-08,14705.34
store_2,2018-05-09,15043.86
store_2,2018-05-10,14199.16
store_2,2018-05-11,21175.26
store_2,2018-05-12,36511.82
store_2,2018-05-13,30193.52
store_2,2018-05-14,15754.94
store_2,2018-05-15,11890.24
store_2,2018-05-16,11900.07
store_2,2018-05-17,14728.2
store_2,2018-05-18,19324.98
store_2,2018-05-19,34112.05
store_2,2018-05-20,32054.12
store_2,2018-05-21,14946.8
store_2,2018-05-22,14723.97
store_2,2018-05-23,14472.47
store_2,2018-05-24,18577.32
store_2,2018-05-25,25340.15
store_2,2018-05-26,42067.37
store_2,2018-05-27,40195.46
store_2,2018-05-28,44041.91
store_2,2018-05-29,16958.31
store_2,2018-05-30,13274.88
store_2,2018-05-31,14237.6
store_2,2018-06-01,18203.9
store_2,2018-06-02,33018.46
store_2,2018-06-03,31619.23
store_2,2018-06-04,16753.49
store_2,2018-06-05,19002.91
store_2,2018-06-06,14279.77
store_2,2018-06-07,20828.4
store_2,2018-06-08,20606.72
store_2,2018-06-09,31668.11
store_2,2018-06-10,29522.14
store_2,2018-06-11,22631.03
store_2,2018-06-12,17362.38
store_2,2018-06-13,16133.21
store_2,2018-06-14,22526.17
store_2,2018-06-15,25003.14
store_2,2018-06-16,36013.12
store_2,2018-06-17,28292.13
store_2,2018-06-18,19712.98
store_2,2018-06-19,18696.24
store_2,2018-06-20,20067.22
store_2,2018-06-21,19269.22
store_2,2018-06-22,17713.48
store_2,2018-06-23,34192.2
store_2,2018-06-24,26080.66
store_2,2018-06-25,20883.27
store_2,2018-06-26,16480.08
store_2,2018-06-27,16121.1
store_2,2018-06-28,24980.47
store_2,2018-06-29,23565.08
store_2,2018-06-30,32028.99
store_2,2018-07-01,32204.23
store_2,2018-07-02,23597.73
store_2,2018-07-03,25601.02
store_2,2018-07-04,27669.09
store_2,2018-07-05,20574.21
store_2,2018-07-06,23904.06
store_2,2018-07-07,30027.96
store_2,2018-07-08,29643.4
store_2,2018-07-09,19235.04
store_2,2018-07-10,16653.41
store_2,2018-07-11,15257.15
store_2,2018-07-12,16202.31
store_2,2018-07-13,21920.69
store_2,2018-07-14,29087.66
store_2,2018-07-15,25848.7
store_2,2018-07-16,18070.83
store_2,2018-07-17,16411.81
store_2,2018-07-18,18228.04
store_2,2018-07-19,16863.78
store_2,2018-07-20,20746.04
store_2,2018-07-21,29847.09
store_2,2018-07-22,28185.06
store_2,2018-07-23,20812.27
store_2,2018-07-24,16499
store_2,2018-07-25,20546.31
store_2,2018-07-26,20504.99
store_2,2018-07-27,22129.69
store_2,2018-07-28,32667.28
store_2,2018-07-29,27418.81
store_2,2018-07-30,20070.49
store_2,2018-07-31,17525.23
store_2,2018-08-01,20960.81
store_2,2018-08-02,17118.83
store_2,2018-08-03,26198.77
store_2,2018-08-04,36562.85
store_2,2018-08-05,26319.26
store_2,2018-08-06,20776.8
store_2,2018-08-07,17532.07
store_2,2018-08-08,20441.67
store_2,2018-08-09,19619.97
store_2,2018-08-10,21531.82
store_2,2018-08-11,39430.84
store_2,2018-08-12,32730.14
store_2,2018-08-13,20600.56
store_2,2018-08-14,19068.48
store_2,2018-08-15,20375.01
store_2,2018-08-16,19978.95
store_2,2018-08-17,24019.62
store_2,2018-08-18,35348.78
store_2,2018-08-19,38023.01
store_2,2018-08-20,26587.47
store_2,2018-08-21,25441.17
store_2,2018-08-22,25986.36
store_2,2018-08-23,22825.47
store_2,2018-08-24,34651.28
store_2,2018-08-25,39775.6
store_2,2018-08-26,35627.67
store_2,2018-08-27,28344.53
store_2,2018-08-28,22909.48
store_2,2018-08-29,26677.07
store_2,2018-08-30,26050.97
store_2,2018-08-31,33354.36
store_2,2018-09-01,52394.27
store_2,2018-09-02,50836.54
store_2,2018-09-03,64864.11
store_2,2018-09-04,38835.75
store_2,2018-09-05,12784.03
store_2,2018-09-06,10617.23
store_2,2018-09-07,14517.25
store_2,2018-09-08,28761.71
store_2,2018-09-09,34762.65
store_2,2018-09-10,26199.22
store_2,2018-09-11,19942.06
store_2,2018-09-12,11740.95
store_2,2018-09-13,13562.8
store_2,2018-09-14,12611.21
store_2,2018-09-15,28594.3
store_2,2018-09-16,24748.44
store_2,2018-09-17,13503.23
store_2,2018-09-18,15117.85
store_2,2018-09-19,19888.92
store_2,2018-09-20,10781.59
store_2,2018-09-21,16046.07
store_2,2018-09-22,34134.83
store_2,2018-09-23,32823.18
store_2,2018-09-24,18060.12
store_2,2018-09-25,17493.72
store_2,2018-09-26,15438.2
store_2,2018-09-27,16493.43
store_2,2018-09-28,28350
store_2,2018-09-29,39416.17
store_2,2018-09-30,36551.23
store_2,2018-10-01,18083.67
store_2,2018-10-02,12581.29
store_2,2018-10-03,12611.5
store_2,2018-10-04,14425.1
store_2,2018-10-05,19992.49
store_2,2018-10-06,30271.38
store_2,2018-10-07,30033.72
store_2,2018-10-08,32686.03
store_2,2018-10-09,11876.65
store_2,2018-10-10,12590.8
store_2,2018-10-11,16369.23
store_2,2018-10-12,19356.84
store_2,2018-10-13,43966.77
store_2,2018-10-14,49879.23
store_2,2018-10-15,17751.51
store_2,2018-10-16,19177.09
store_2,2018-10-17,20511.74
store_2,2018-10-18,21751.68
store_2,2018-10-19,23285.56
store_2,2018-10-20,47847.14
store_2,2018-10-21,52344.98
store_2,2018-10-22,21631.86
store_2,2018-10-23,19119.88
store_2,2018-10-24,21679.91
store_2,2018-10-25,18506.57
store_2,2018-10-26,24804.69
store_2,2018-10-27,48320.64
store_2,2018-10-28,50075.41
store_2,2018-10-29,17358.87
store_2,2018-10-30,20373.9
store_2,2018-10-31,12148.4
store_2,2018-11-01,13322
store_2,2018-11-02,15648.25
store_2,2018-11-03,34599.87
store_2,2018-11-04,38967.62
store_2,2018-11-05,16249.85
store_2,2018-11-06,20649.7
store_2,2018-11-07,14903.01
store_2,2018-11-08,13545.21
store_2,2018-11-09,16713.81
store_2,2018-11-10,49180.69
store_2,2018-11-11,55651.72
store_2,2018-11-12,33927.94
store_2,2018-11-13,20159.82
store_2,2018-11-14,21439.6
store_2,2018-11-15,17211.94
store_2,2018-11-16,25369.08
store_2,2018-11-17,52368.92
store_2,2018-11-18,61605.42
store_2,2018-11-19,23790.34
store_2,2018-11-20,29961.13
store_2,2018-11-21,54591.39
store_2,2018-11-22,128149.69
store_2,2018-11-23,224785.03
store_2,2018-11-24,86130.68
store_2,2018-11-25,71747.87
store_2,2018-11-26,23576.85
store_2,2018-11-27,16560.65
store_2,2018-11-28,15945.12
store_2,2018-11-29,20077.86
store_2,2018-11-30,25677.11
store_2,2018-12-01,36958.08
store_2,2018-12-02,36453.81
store_2,2018-12-03,16914.15
store_2,2018-12-04,20144.23
store_2,2018-12-05,22604.92
store_2,2018-12-06,25295.25
store_2,2018-12-07,26759.13
store_2,2018-12-08,54014.14
store_2,2018-12-09,54120.79
store_2,2018-12-10,28839.79
store_2,2018-12-11,32017
store_2,2018-12-12,26521.09
store_2,2018-12-13,24162.49
store_2,2018-12-14,37273.04
store_2,2018-12-15,67235.22
store_2,2018-12-16,73263.58
store_2,2018-12-17,47835.71
store_2,2018-12-18,58530.33
store_2,2018-12-19,66608.76
store_2,2018-12-20,66550.44
store_2,2018-12-21,81197.42
store_2,2018-12-22,112192.48
store_2,2018-12-23,117653.3
store_2,2018-12-24,72417.26
store_2,2018-12-25,100
store_2,2018-12-26,54555.55
store_2,2018-12-27,43932.34
store_2,2018-12-28,38800.06
store_2,2018-12-29,50105.48
store_2,2018-12-30,49421.09
store_2,2018-12-31,31505.68
store_2,2019-01-01,22122.72
store_2,2019-01-02,24458.77
store_2,2019-01-03,21487.9
store_2,2019-01-04,18235.21
store_2,2019-01-05,30272.42
store_2,2019-01-06,30129
store_2,2019-01-07,12649.62
store_2,2019-01-08,13481.02
store_2,2019-01-09,12003.43
store_2,2019-01-10,12331.83
store_2,2019-01-11,15754.59
store_2,2019-01-12,30533.62
store_2,2019-01-13,24660.59
store_2,2019-01-14,15577.61
store_2,2019-01-15,12901.24
store_2,2019-01-16,12353.8
store_2,2019-01-17,13776.32
store_2,2019-01-18,18371.42
store_2,2019-01-19,24519.62
store_2,2019-01-20,22775.16
store_2,2019-01-21,18361.48
store_2,2019-01-22,13900.47
store_2,2019-01-23,13497.41
store_2,2019-01-24,11773.77
store_2,2019-01-25,15822.89
store_2,2019-01-26,25919.87
store_2,2019-01-27,23244.73
store_2,2019-01-28,12259.52
store_2,2019-01-29,9813.05
store_2,2019-01-30,7668.22
store_2,2019-01-31,10340.88
store_2,2019-02-01,9083.23
store_2,2019-02-02,22789.22
store_2,2019-02-03,20072.03
store_2,2019-02-04,9582.16
store_2,2019-02-05,14586.68
store_2,2019-02-06,9321.33
store_2,2019-02-07,9176.78
store_2,2019-02-08,15662.54
store_2,2019-02-09,28585.61
store_2,2019-02-10,26854.71
store_2,2019-02-11,9737
store_2,2019-02-12,13427.11
store_2,2019-02-13,15629.49
store_2,2019-02-14,16276.74
store_2,2019-02-15,15990.07
store_2,2019-02-16,28318.3
store_2,2019-02-17,26998.91
store_2,2019-02-18,24549.54
store_2,2019-02-19,14785.93
store_2,2019-02-20,13037.18
store_2,2019-02-21,16745.91
store_2,2019-02-22,21846.23
store_2,2019-02-23,28793.06
store_2,2019-02-24,23566.76
store_2,2019-02-25,12597.15
store_2,2019-02-26,9452.06
store_2,2019-02-27,10552.95
store_2,2019-02-28,12027.1
store_2,2019-03-01,16414.67
store_2,2019-03-02,28646.93
store_2,2019-03-03,27886.99
store_2,2019-03-04,13898.57
store_2,2019-03-05,9191.69
store_2,2019-03-06,8294.53
store_2,2019-03-07,8539.67
store_2,2019-03-08,13580.25
store_2,2019-03-09,30873.97
store_2,2019-03-10,25056.23
store_2,2019-03-11,12793.66
store_2,2019-03-12,10436.19
store_2,2019-03-13,12205.61
store_2,2019-03-14,13139.03
store_2,2019-03-15,19072.39
store_2,2019-03-16,35561.35
store_2,2019-03-17,34237.05
store_2,2019-03-18,11625.98
store_2,2019-03-19,12311
store_2,2019-03-20,13008.61
store_2,2019-03-21,11588.62
store_2,2019-03-22,16324.33
store_2,2019-03-23,31740.67
store_2,2019-03-24,30726.55
store_2,2019-03-25,13644.52
store_2,2019-03-26,14772.04
store_2,2019-03-27,16966.09
store_2,2019-03-28,15070.18
store_2,2019-03-29,18795.74
store_2,2019-03-30,32021.44
store_2,2019-03-31,34872.34
store_2,2019-04-01,12610.97
store_2,2019-04-02,11221.6
store_2,2019-04-03,12019.75
store_2,2019-04-04,10992.29
store_2,2019-04-05,19461.84
store_2,2019-04-06,35918.06
store_2,2019-04-07,36930.09
store_2,2019-04-08,14391.72
store_2,2019-04-09,14372.22
store_2,2019-04-10,17883.7
store_2,2019-04-11,16756.55
store_2,2019-04-12,19528.26
store_2,2019-04-13,39139.4
store_2,2019-04-14,40636.97
store_2,2019-04-15,19780.4
store_2,2019-04-16,18148.07
store_2,2019-04-17,19622.05
store_2,2019-04-18,20216.95
store_2,2019-04-19,41484.09
store_2,2019-04-20,47381.52
store_2,2019-04-21,100
store_2,2019-04-22,33943.92
store_2,2019-04-23,26591.73
store_2,2019-04-24,26300.71
store_2,2019-04-25,22966.88
store_2,2019-04-26,22621.97
store_2,2019-04-27,35621.71
store_2,2019-04-28,29613.45
store_2,2019-04-29,13501.03
store_2,2019-04-30,13004.74
store_2,2019-05-01,12440.1
store_2,2019-05-02,14581.96
store_2,2019-05-03,18582.95
store_2,2019-05-04,31830.58
store_2,2019-05-05,28805.95
store_2,2019-05-06,11983.94
store_2,2019-05-07,10263.93
store_2,2019-05-08,12777.96
store_2,2019-05-09,13761.88
store_2,2019-05-10,18912.05
store_2,2019-05-11,37104.84
store_2,2019-05-12,29362.24
store_2,2019-05-13,14151.68
store_2,2019-05-14,12286.84
store_2,2019-05-15,13906.3
store_2,2019-05-16,13899.22
store_2,2019-05-17,17829.54
store_2,2019-05-18,37775.66
store_2,2019-05-19,34341.98
store_2,2019-05-20,18475.52
store_2,2019-05-21,14436.93
store_2,2019-05-22,15221.31
store_2,2019-05-23,21252.93
store_2,2019-05-24,28122.3
store_2,2019-05-25,45317.89
store_2,2019-05-26,40641.67
store_2,2019-05-27,47492.89
store_2,2019-05-28,20306.59
store_2,2019-05-29,11821.11
store_2,2019-05-30,17675.57
store_2,2019-05-31,20394.17
store_2,2019-06-01,32115.66
store_2,2019-06-02,33842.38
store_2,2019-06-03,21616.13
store_2,2019-06-04,20635.11
store_2,2019-06-05,15042.18
store_2,2019-06-06,17483.33
store_2,2019-06-07,14839.84
store_2,2019-06-08,33259.2
store_2,2019-06-09,28535.69
store_2,2019-06-10,16539.97
store_2,2019-06-11,20428.91
store_2,2019-06-12,14152.15
store_2,2019-06-13,16664.17
store_2,2019-06-14,20577.53
store_2,2019-06-15,37893.85
store_2,2019-06-16,30938.77
store_2,2019-06-17,17388.78
store_2,2019-06-18,17645.28
store_2,2019-06-19,17505.54
store_2,2019-06-20,16782.02
store_2,2019-06-21,19489.15
store_2,2019-06-22,30261.05
store_2,2019-06-23,27038.8
store_2,2019-06-24,17435.35
store_2,2019-06-25,25283.03
store_2,2019-06-26,19931.86
store_2,2019-06-27,19432.47
store_2,2019-06-28,23972.58
store_2,2019-06-29,35316.11
store_2,2019-06-30,29225.28
store_2,2019-07-01,19948.62
store_2,2019-07-02,22246.04
store_2,2019-07-03,27094.78
store_2,2019-07-04,27578.73
store_2,2019-07-05,27087.2
store_2,2019-07-06,33545
store_2,2019-07-07,26090.55
store_2,2019-07-08,18565.98
store_2,2019-07-09,14797.48
store_2,2019-07-10,17000.61
store_2,2019-07-11,16093.52
store_2,2019-07-12,22615.67
store_2,2019-07-13,27057.46
store_2,2019-07-14,26423.19
store_2,2019-07-15,18987.14
store_2,2019-07-16,16150.07
store_2,2019-07-17,20553.75
store_2,2019-07-18,20135.26
store_2,2019-07-19,21301.82
store_2,2019-07-20,33436.37
store_2,2019-07-21,27585.42
store_2,2019-07-22,17439.1
store_2,2019-07-23,22113.94
store_2,2019-07-24,17741.01
store_2,2019-07-25,20218
store_2,2019-07-26,21986
store_2,2019-07-27,31644.21
store_2,2019-07-28,28811.2
store_2,2019-07-29,19104.74
store_2,2019-07-30,19890.03
store_2,2019-07-31,19213.42
store_2,2019-08-01,21335.41
store_2,2019-08-02,23026.56
store_2,2019-08-03,33681.05
store_2,2019-08-04,31456.63
store_2,2019-08-05,20736.89
store_2,2019-08-06,19627.42
store_2,2019-08-07,20065.69
store_2,2019-08-08,19961.49
store_2,2019-08-09,25528.09
store_2,2019-08-10,37004.69
store_2,2019-08-11,27762.13
store_2,2019-08-12,22329.62
store_2,2019-08-13,23294.91
store_2,2019-08-14,22409.47
store_2,2019-08-15,22839.44
store_2,2019-08-16,24969.69
store_2,2019-08-17,37544.45
store_2,2019-08-18,33850
store_2,2019-08-19,24583.64
store_2,2019-08-20,20576.03
store_2,2019-08-21,22981.94
store_2,2019-08-22,23433.81
store_2,2019-08-23,30974.79
store_2,2019-08-24,43935.66
store_2,2019-08-25,39315.24
store_2,2019-08-26,36580.13
store_2,2019-08-27,29241.42
store_2,2019-08-28,33046.6
store_2,2019-08-29,30264.86
store_2,2019-08-30,32807.82
store_2,2019-08-31,48109.21
store_2,2019-09-01,43802.04
store_2,2019-09-02,62422.85
store_2,2019-09-03,35564.02
store_2,2019-09-04,36981.61
store_2,2019-09-05,12189.97
store_2,2019-09-06,19014.72
store_2,2019-09-07,34240.97
store_2,2019-09-08,35323.7
store_2,2019-09-09,18013.96
store_2,2019-09-10,13379.95
store_2,2019-09-11,11674.44
store_2,2019-09-12,11673.67
store_2,2019-09-13,17322.55
store_2,2019-09-14,32868.23
store_2,2019-09-15,28681.32
store_2,2019-09-16,14592.29
store_2,2019-09-17,15152.07
store_2,2019-09-18,15419.43
store_2,2019-09-19,15428.84
store_2,2019-09-20,18081.7
store_2,2019-09-21,35126.87
store_2,2019-09-22,32351.33
store_2,2019-09-23,15268.98
store_2,2019-09-24,15429.13
store_2,2019-09-25,13873.54
store_2,2019-09-26,13338.57
store_2,2019-09-27,17352.9
store_2,2019-09-28,35300.58
store_2,2019-09-29,33077.67
store_2,2019-09-30,25905.58
store_2,2019-10-01,22215.08
store_2,2019-10-02,9742.58
store_2,2019-10-03,12725.57
store_2,2019-10-04,17975.26
store_2,2019-10-05,37083.44
store_2,2019-10-06,33428.41
store_2,2019-10-07,14987.05
store_2,2019-10-08,14785.35
store_2,2019-10-09,24357.51
store_2,2019-10-10,17401.45
store_2,2019-10-11,21082.35
store_2,2019-10-12,40364.1
store_2,2019-10-13,35055.79
store_2,2019-10-14,33731.73
store_2,2019-10-15,15747.43
store_2,2019-10-16,12073.24
store_2,2019-10-17,18625.18
store_2,2019-10-18,22297.22
store_2,2019-10-19,43694.44
store_2,2019-10-20,43527.73
store_2,2019-10-21,19435.63
store_2,2019-10-22,19881.84
store_2,2019-10-23,13984.9
store_2,2019-10-24,13888.24
store_2,2019-10-25,20048.71
store_2,2019-10-26,37669.17
store_2,2019-10-27,33009.68
store_2,2019-10-28,14264.33
store_2,2019-10-29,12601.2
store_2,2019-10-30,14688.78
store_2,2019-10-31,12317.82
store_2,2019-11-01,18173.23
store_2,2019-11-02,41708.05
store_2,2019-11-03,48554.34
store_2,2019-11-04,19619.38
store_2,2019-11-05,25309.6
store_2,2019-11-06,16128.48
store_2,2019-11-07,17470.52
store_2,2019-11-08,26815.4
store_2,2019-11-09,51513.41
store_2,2019-11-10,49409.38
store_2,2019-11-11,40892.71
store_2,2019-11-12,23442.62
store_2,2019-11-13,23807.77
store_2,2019-11-14,20500.04
store_2,2019-11-15,24995.97
store_2,2019-11-16,54650.73
store_2,2019-11-17,57803.08
store_2,2019-11-18,21175
store_2,2019-11-19,21554.56
store_2,2019-11-20,15935.76
store_2,2019-11-21,18102.21
store_2,2019-11-22,18142.16
store_2,2019-11-23,38877.53
store_2,2019-11-24,36820.96
store_2,2019-11-25,18515.61
store_2,2019-11-26,35057.64
store_2,2019-11-27,42790.99
store_2,2019-11-28,118873.87
store_2,2019-11-29,234435.52
store_2,2019-11-30,81123.56
store_2,2019-12-01,56355.77
store_2,2019-12-02,30263.64
store_2,2019-12-03,21981.52
store_2,2019-12-04,19132.74
store_2,2019-12-05,17069.58
store_2,2019-12-06,22568.52
store_2,2019-12-07,45527.2
store_2,2019-12-08,49405.58
store_2,2019-12-09,25808.9
store_2,2019-12-10,23441.83
store_2,2019-12-11,22714.41
store_2,2019-12-12,22550.1