date,concerts_impact,conferences_impact,sports_impact,school_holidays_impact,public_holidays_count,cold-wave_impact,cold-wave-storm_impact,flood_impact,heat-wave_impact,hurricane_impact,thunderstorm_impact,tornado_impact
2019-01-01,0,0,0,15866,1,0.0,0.0,0.0,0.0,0.0,0.0,0.0
2019-01-02,0,0,0,15866,0,0.0,0.0,0.0,0.0,0.0,0.0,0.0
2019-01-03,294,0,3791,15866,0,0.0,0.0,0.0,0.0,0.0,0.0,0.0
2019-01-04,650,0,0,15866,0,0.0,0.0,0.0,0.0,0.0,0.0,0.0
2019-01-05,1000,0,0,15866,0,0.0,0.0,0.0,0.0,0.0,0.0,0.0
2019-01-06,215,0,11782,15866,0,0.0,0.0,0.0,0.0,0.0,0.0,0.0
2019-01-07,0,0,4196,0,0,0.0,0.0,0.0,0.0,0.0,0.0,0.0
2019-01-08,233,0,0,0,0,0.0,0.0,0.0,0.0,0.0,0.0,0.0
2019-01-09,300,0,0,0,0,0.0,0.0,0.0,0.0,0.0,0.0,0.0
2019-01-10,0,0,0,0,0,0.0,0.0,0.0,0.0,0.0,0.0,0.0
2019-01-11,650,0,0,0,0,0.0,0.0,0.0,0.0,0.0,0.0,0.0
2019-01-12,127,0,14528,0,0,0.0,0.0,0.0,0.0,0.0,0.0,0.0
2019-01-13,600,0,0,0,0,0.0,0.0,0.0,0.0,0.0,0.0,0.0
2019-01-14,0,0,0,0,0,0.0,0.0,0.0,0.0,0.0,0.0,0.0
2019-01-15,0,0,0,0,0,0.0,0.0,0.0,0.0,0.0,0.0,0.0
2019-01-16,650,0,0,0,0,0.0,0.0,0.0,0.0,0.0,0.0,0.0
2019-01-17,346,0,4784,0,0,0.0,0.0,0.0,0.0,0.0,0.0,0.0
2019-01-18,1183,0,15500,0,0,0.0,0.0,0.0,0.0,0.0,0.0,0.0
2019-01-19,1327,0,0,0,0,0.0,0.0,0.0,0.0,0.0,0.0,0.0
2019-01-20,300,0,13589,0,0,0.0,0.0,0.0,0.0,0.0,0.0,0.0
2019-01-21,0,0,0,0,1,0.0,0.0,0.0,0.0,0.0,0.0,0.0
2019-01-22,396,0,0,0,0,0.0,0.0,0.0,0.0,0.0,0.0,0.0
2019-01-23,0,0,4928,0,0,0.0,0.0,0.0,0.0,0.0,0.0,0.0
2019-01-24,462,0,14416,0,0,0.0,0.0,0.0,0.0,0.0,0.0,0.0
2019-01-25,950,0,0,0,0,0.0,0.0,0.0,0.0,0.0,0.0,0.0
2019-01-26,538,0,0,0,0,0.0,0.0,0.0,0.0,0.0,0.0,0.0
2019-01-27,706,0,5385,0,0,0.0,0.0,0.0,0.0,0.0,0.0,0.0
2019-01-28,0,0,0,0,0,0.0,0.0,0.0,0.0,0.0,0.0,0.0
2019-01-29,0,0,0,0,0,0.0,0.0,0.0,0.0,0.0,0.0,0.0
2019-01-30,642,0,0,0,0,0.0,0.0,0.0,0.0,0.0,0.0,0.0
2019-01-31,559,0,0,0,0,0.0,0.0,0.0,0.0,0.0,0.0,0.0
2019-02-01,406,0,15056,0,0,0.0,0.0,0.0,0.0,0.0,0.0,0.0
2019-02-02,1000,0,0,0,0,0.0,0.0,0.0,0.0,0.0,0.0,0.0
2019-02-03,0,0,0,0,0,0.0,0.0,0.0,0.0,0.0,0.0,0.0
2019-02-04,0,0,0,0,0,0.0,0.0,0.0,0.0,0.0,0.0,0.0
2019-02-05,0,0,0,0,0,0.0,84.0,0.0,0.0,0.0,0.0,0.0
2019-02-06,236,0,0,0,0,0.0,84.0,0.0,0.0,0.0,0.0,0.0
2019-02-07,0,0,6482,0,0,0.0,13.0,0.0,0.0,0.0,0.0,0.0
2019-02-08,1228,0,15500,0,0,0.0,0.0,0.0,0.0,0.0,0.0,0.0
2019-02-09,1357,0,0,0,0,0.0,0.0,0.0,0.0,0.0,0.0,0.0
2019-02-10,1409,0,11888,0,0,0.0,0.0,0.0,0.0,0.0,0.0,0.0
2019-02-11,0,0,0,0,0,0.0,0.0,0.0,0.0,0.0,0.0,0.0
2019-02-12,0,0,0,0,0,0.0,0.0,0.0,0.0,0.0,0.0,0.0
2019-02-13,1867,0,0,0,0,0.0,0.0,0.0,0.0,0.0,0.0,0.0
2019-02-14,300,0,5268,0,0,0.0,0.0,0.0,0.0,0.0,0.0,0.0
2019-02-15,1385,0,15500,0,0,0.0,0.0,0.0,0.0,0.0,0.0,0.0
2019-02-16,799,0,0,0,0,0.0,0.0,0.0,0.0,0.0,0.0,0.0
2019-02-17,0,0,8616,0,0,0.0,0.0,0.0,0.0,0.0,0.0,0.0
2019-02-18,0,0,0,0,1,0.0,0.0,0.0,0.0,0.0,0.0,0.0
2019-02-19,0,0,11986,0,0,0.0,80.0,0.0,0.0,0.0,0.0,0.0
2019-02-20,300,0,0,0,0,0.0,80.0,0.0,0.0,0.0,0.0,0.0
2019-02-21,350,0,0,0,0,0.0,13.0,0.0,0.0,0.0,0.0,0.0
2019-02-22,1840,0,15056,0,0,0.0,0.0,0.0,0.0,0.0,0.0,0.0
2019-02-23,561,0,0,0,0,0.0,0.0,0.0,0.0,0.0,0.0,0.0
2019-02-24,98,0,0,0,0,0.0,0.0,0.0,0.0,0.0,0.0,0.0
2019-02-25,0,0,0,0,0,0.0,0.0,0.0,0.0,0.0,0.0,0.0
2019-02-26,0,0,0,0,0,0.0,0.0,0.0,0.0,0.0,0.0,0.0
2019-02-27,1621,0,0,0,0,0.0,0.0,0.0,0.0,0.0,0.0,0.0
2019-02-28,755,0,0,0,0,0.0,0.0,0.0,0.0,0.0,0.0,0.0
2019-03-01,491,0,0,0,0,0.0,0.0,0.0,0.0,0.0,0.0,0.0
2019-03-02,707,0,15056,0,0,0.0,0.0,0.0,0.0,0.0,0.0,0.0
2019-03-03,350,0,6092,0,0,0.0,0.0,0.0,0.0,0.0,0.0,0.0
2019-03-04,468,0,0,0,0,0.0,0.0,0.0,0.0,0.0,0.0,0.0
2019-03-05,1095,0,0,0,0,0.0,0.0,0.0,0.0,0.0,0.0,0.0
2019-03-06,547,0,0,0,0,0.0,0.0,0.0,0.0,0.0,0.0,0.0
2019-03-07,926,1800,0,0,0,0.0,0.0,0.0,0.0,0.0,0.0,0.0
2019-03-08,2202,0,0,0,0,0.0,0.0,0.0,0.0,0.0,0.0,0.0
2019-03-09,523,0,0,0,0,0.0,0.0,0.0,0.0,0.0,0.0,0.0
2019-03-10,408,0,0,0,0,0.0,0.0,0.0,0.0,0.0,0.0,0.0
2019-03-11,0,0,0,0,0,0.0,0.0,0.0,0.0,0.0,0.0,0.0
2019-03-12,800,0,0,0,0,0.0,0.0,0.0,0.0,0.0,0.0,0.0
2019-03-13,600,0,0,0,0,0.0,0.0,0.0,0.0,0.0,0.0,0.0
2019-03-14,1986,0,0,0,0,0.0,0.0,0.0,0.0,0.0,0.0,0.0
2019-03-15,536,0,0,0,0,0.0,0.0,0.0,0.0,0.0,0.0,0.0
2019-03-16,0,0,0,15866,0,0.0,0.0,0.0,0.0,0.0,0.0,0.0
2019-03-17,536,0,0,15866,0,0.0,0.0,0.0,0.0,0.0,0.0,0.0
2019-03-18,0,0,0,15866,0,0.0,0.0,0.0,0.0,0.0,0.0,0.0
2019-03-19,0,0,0,15866,0,0.0,0.0,0.0,0.0,0.0,0.0,0.0
2019-03-20,1229,0,1866,15866,0,0.0,0.0,0.0,0.0,0.0,0.0,0.0
2019-03-21,198,0,0,15866,0,0.0,0.0,0.0,0.0,0.0,0.0,0.0
2019-03-22,266,0,11566,15866,0,0.0,0.0,0.0,0.0,0.0,0.0,0.0
2019-03-23,370,0,0,15866,0,0.0,0.0,0.0,0.0,0.0,0.0,0.0
2019-03-24,0,0,5470,15866,0,0.0,0.0,0.0,0.0,0.0,0.0,0.0
2019-03-25,0,0,0,0,0,0.0,0.0,0.0,0.0,0.0,0.0,0.0
2019-03-26,1168,0,1866,0,0,0.0,0.0,0.0,0.0,0.0,0.0,0.0
2019-03-27,1404,0,0,0,0,0.0,0.0,0.0,0.0,0.0,0.0,0.0
2019-03-28,564,1200,0,0,0,0.0,0.0,0.0,0.0,0.0,0.0,0.0
2019-03-29,874,0,1709,0,0,0.0,0.0,0.0,0.0,0.0,0.0,0.0
2019-03-30,1000,0,3000,0,0,0.0,0.0,0.0,0.0,0.0,0.0,0.0
2019-03-31,650,0,254,0,0,0.0,0.0,0.0,0.0,0.0,0.0,0.0
2019-04-01,0,0,0,0,0,0.0,0.0,0.0,0.0,0.0,0.0,0.0
2019-04-02,431,0,0,0,0,0.0,0.0,0.0,0.0,0.0,0.0,0.0
2019-04-03,158,0,0,0,0,0.0,0.0,0.0,0.0,0.0,0.0,0.0
2019-04-04,533,0,0,0,0,0.0,0.0,0.0,0.0,0.0,0.0,0.0
2019-04-05,1207,0,1709,0,0,0.0,0.0,0.0,0.0,0.0,0.0,0.0
2019-04-06,582,0,3000,0,0,0.0,0.0,0.0,0.0,0.0,0.0,0.0
2019-04-07,734,0,254,0,0,0.0,0.0,0.0,0.0,0.0,0.0,0.0
2019-04-08,0,0,0,0,0,0.0,0.0,0.0,0.0,0.0,0.0,0.0
2019-04-09,2187,0,0,0,0,0.0,0.0,0.0,0.0,0.0,0.0,0.0
2019-04-10,300,0,0,0,0,0.0,0.0,0.0,0.0,0.0,0.0,0.0
2019-04-11,180,0,0,0,0,0.0,0.0,0.0,0.0,0.0,0.0,0.0
2019-04-12,1709,0,0,0,0,0.0,0.0,0.0,0.0,0.0,0.0,0.0
2019-04-13,1049,0,0,0,0,0.0,0.0,0.0,0.0,0.0,0.0,0.0
2019-04-14,207,0,0,0,0,0.0,0.0,0.0,0.0,0.0,0.0,0.0
2019-04-15,0,0,0,0,0,0.0,0.0,0.0,0.0,0.0,0.0,0.0
2019-04-16,111,0,0,0,0,0.0,0.0,0.0,0.0,0.0,0.0,0.0
2019-04-17,398,0,0,0,0,0.0,0.0,0.0,0.0,0.0,0.0,0.0
2019-04-18,473,0,0,0,0,0.0,0.0,0.0,0.0,0.0,0.0,0.0
2019-04-19,787,0,0,0,0,0.0,0.0,0.0,0.0,0.0,0.0,0.0
2019-04-20,908,0,0,0,0,0.0,0.0,0.0,0.0,0.0,0.0,0.0
2019-04-21,0,0,0,0,0,0.0,0.0,0.0,0.0,0.0,0.0,0.0
2019-04-22,541,0,0,0,0,0.0,0.0,0.0,0.0,0.0,0.0,0.0
2019-04-23,300,0,660,0,0,0.0,0.0,0.0,0.0,0.0,0.0,0.0
2019-04-24,300,0,0,0,0,0.0,0.0,0.0,0.0,0.0,0.0,0.0
2019-04-25,996,0,0,0,0,0.0,0.0,0.0,0.0,0.0,0.0,0.0
2019-04-26,1624,0,0,0,0,0.0,0.0,0.0,0.0,0.0,0.0,0.0
2019-04-27,522,0,0,0,0,0.0,0.0,0.0,0.0,0.0,0.0,0.0
2019-04-28,0,0,265,0,0,0.0,0.0,0.0,0.0,0.0,0.0,0.0
2019-04-29,548,0,0,0,0,0.0,0.0,0.0,0.0,0.0,0.0,0.0
2019-04-30,437,0,660,0,0,0.0,0.0,0.0,0.0,0.0,0.0,0.0
2019-05-01,779,0,0,0,0,0.0,0.0,0.0,0.0,0.0,0.0,0.0
2019-05-02,638,0,0,0,0,0.0,0.0,0.0,0.0,0.0,0.0,0.0
2019-05-03,566,0,1709,0,0,0.0,0.0,0.0,0.0,0.0,0.0,0.0
2019-05-04,813,0,3000,0,0,0.0,0.0,0.0,0.0,0.0,0.0,0.0
2019-05-05,0,0,254,0,0,0.0,0.0,0.0,0.0,0.0,0.0,0.0
2019-05-06,0,0,0,0,0,0.0,0.0,0.0,0.0,0.0,0.0,0.0
2019-05-07,0,0,0,0,0,0.0,0.0,0.0,0.0,0.0,0.0,0.0
2019-05-08,300,0,0,0,0,0.0,0.0,0.0,0.0,0.0,0.0,0.0
2019-05-09,339,0,0,0,0,0.0,0.0,0.0,0.0,0.0,0.0,0.0
2019-05-10,381,0,1709,0,0,0.0,0.0,0.0,0.0,0.0,0.0,0.0
2019-05-11,592,0,3000,0,0,0.0,0.0,0.0,0.0,0.0,0.0,0.0
2019-05-12,0,0,254,0,0,0.0,0.0,0.0,0.0,0.0,0.0,0.0
2019-05-13,0,0,0,0,0,0.0,0.0,0.0,0.0,0.0,0.0,0.0
2019-05-14,300,0,0,0,0,0.0,0.0,0.0,0.0,0.0,0.0,0.0
2019-05-15,600,0,0,0,0,0.0,0.0,6.0,0.0,0.0,0.0,0.0
2019-05-16,695,0,0,0,0,0.0,0.0,16.0,0.0,0.0,0.0,0.0
2019-05-17,0,0,0,0,0,0.0,0.0,43.0,0.0,0.0,0.0,0.0
2019-05-18,697,0,0,0,0,0.0,0.0,82.0,0.0,0.0,0.0,0.0
2019-05-19,133,0,0,0,0,0.0,0.0,56.0,0.0,0.0,0.0,0.0
2019-05-20,0,0,0,0,0,0.0,0.0,20.0,0.0,0.0,0.0,0.0
2019-05-21,260,0,0,0,0,0.0,0.0,10.0,0.0,0.0,0.0,0.0
2019-05-22,300,0,0,0,0,0.0,0.0,0.0,0.0,0.0,0.0,0.0
2019-05-23,316,0,0,0,0,0.0,0.0,0.0,0.0,0.0,0.0,0.0
2019-05-24,632,0,0,0,0,0.0,0.0,0.0,0.0,0.0,0.0,0.0
2019-05-25,917,0,0,0,0,0.0,0.0,0.0,0.0,0.0,0.0,0.0
2019-05-26,0,0,0,0,0,0.0,0.0,0.0,0.0,0.0,0.0,0.0
2019-05-27,0,0,0,0,1,0.0,0.0,0.0,0.0,0.0,0.0,0.0
2019-05-28,120,0,0,0,0,0.0,0.0,0.0,0.0,0.0,0.0,0.0
2019-05-29,0,0,0,0,0,0.0,0.0,0.0,0.0,0.0,0.0,0.0
2019-05-30,0,0,0,0,0,0.0,0.0,0.0,0.0,0.0,0.0,0.0
2019-05-31,622,0,0,15866,0,0.0,0.0,0.0,0.0,0.0,0.0,0.0
2019-06-01,178,0,0,15866,0,0.0,0.0,0.0,0.0,0.0,0.0,0.0
2019-06-02,408,0,0,15866,0,0.0,0.0,0.0,0.0,0.0,0.0,0.0
2019-06-03,0,0,0,15866,0,0.0,0.0,0.0,0.0,0.0,0.0,0.0
2019-06-04,230,0,0,15866,0,0.0,0.0,0.0,0.0,0.0,0.0,0.0
2019-06-05,211,0,0,15866,0,0.0,0.0,0.0,0.0,0.0,0.0,0.0
2019-06-06,281,0,0,15866,0,0.0,0.0,0.0,0.0,0.0,0.0,0.0
2019-06-07,1272,0,0,15866,0,0.0,0.0,0.0,0.0,0.0,0.0,0.0
2019-06-08,205,0,0,15866,0,0.0,0.0,0.0,0.0,0.0,0.0,0.0
2019-06-09,0,0,0,15866,0,0.0,0.0,0.0,0.0,0.0,0.0,0.0
2019-06-10,0,0,0,15866,0,0.0,0.0,0.0,0.0,0.0,0.0,0.0
2019-06-11,341,0,0,15866,0,0.0,0.0,0.0,0.0,0.0,0.0,0.0
2019-06-12,444,0,0,15866,0,0.0,0.0,0.0,0.0,0.0,0.0,0.0
2019-06-13,509,0,0,15866,0,0.0,0.0,0.0,0.0,0.0,0.0,0.0
2019-06-14,300,0,0,15866,0,0.0,0.0,0.0,0.0,0.0,0.0,0.0
2019-06-15,271,0,0,15866,0,0.0,0.0,0.0,0.0,0.0,0.0,0.0
2019-06-16,0,0,0,15866,0,0.0,0.0,0.0,0.0,0.0,0.0,0.0
2019-06-17,350,0,0,15866,0,0.0,0.0,0.0,0.0,0.0,0.0,0.0
2019-06-18,350,0,0,15866,0,0.0,0.0,0.0,0.0,0.0,0.0,0.0
2019-06-19,600,0,0,15866,1,0.0,0.0,0.0,0.0,0.0,0.0,0.0
2019-06-20,0,0,0,15866,0,0.0,0.0,0.0,0.0,0.0,0.0,0.0
2019-06-21,160,0,0,15866,0,0.0,0.0,0.0,0.0,0.0,0.0,0.0
2019-06-22,350,0,0,15866,0,0.0,0.0,0.0,0.0,0.0,0.0,0.0
2019-06-23,125,0,0,15866,0,0.0,0.0,0.0,0.0,0.0,0.0,0.0
2019-06-24,0,0,0,15866,0,0.0,0.0,0.0,0.0,0.0,0.0,0.0
2019-06-25,0,581,0,15866,0,0.0,0.0,0.0,0.0,0.0,0.0,0.0
2019-06-26,300,581,0,15866,0,0.0,0.0,0.0,0.0,0.0,0.0,0.0
2019-06-27,425,581,0,15866,0,0.0,0.0,0.0,0.0,0.0,0.0,0.0
2019-06-28,532,0,0,15866,0,0.0,0.0,0.0,0.0,0.0,0.0,0.0
2019-06-29,125,0,0,15866,0,0.0,0.0,0.0,0.0,0.0,0.0,0.0
2019-06-30,300,0,0,15866,0,0.0,0.0,0.0,0.0,0.0,0.0,0.0
2019-07-01,0,0,0,15866,0,0.0,0.0,0.0,0.0,0.0,0.0,0.0
2019-07-02,0,0,0,15866,0,0.0,0.0,0.0,0.0,0.0,0.0,0.0
2019-07-03,300,0,0,15866,0,0.0,0.0,0.0,0.0,0.0,0.0,0.0
2019-07-04,0,0,0,15866,1,0.0,0.0,0.0,0.0,0.0,0.0,0.0
2019-07-05,350,0,0,15866,0,0.0,0.0,0.0,0.0,0.0,0.0,0.0
2019-07-06,591,0,0,15866,0,0.0,0.0,0.0,0.0,0.0,0.0,0.0
2019-07-07,0,0,0,15866,0,0.0,0.0,0.0,0.0,0.0,0.0,0.0
2019-07-08,0,0,0,15866,0,0.0,0.0,0.0,0.0,0.0,0.0,0.0
2019-07-09,0,0,0,15866,0,0.0,0.0,0.0,0.0,0.0,0.0,0.0
2019-07-10,530,0,0,15866,0,0.0,0.0,0.0,0.0,0.0,0.0,0.0
2019-07-11,300,0,0,15866,0,0.0,0.0,0.0,0.0,0.0,0.0,0.0
2019-07-12,300,0,0,15866,0,0.0,0.0,0.0,0.0,0.0,0.0,0.0
2019-07-13,211,0,0,15866,0,0.0,0.0,0.0,0.0,0.0,0.0,0.0
2019-07-14,384,0,0,15866,0,0.0,0.0,0.0,0.0,0.0,0.0,0.0
2019-07-15,0,0,0,15866,0,0.0,0.0,0.0,0.0,0.0,0.0,0.0
2019-07-16,0,0,0,15866,0,0.0,0.0,0.0,9.0,0.0,0.0,0.0
2019-07-17,300,0,0,15866,0,0.0,0.0,0.0,16.0,0.0,0.0,0.0
2019-07-18,142,131,0,15866,0,0.0,0.0,0.0,37.0,0.0,0.0,0.0
2019-07-19,151,0,0,15866,0,0.0,0.0,0.0,80.0,0.0,0.0,0.0
2019-07-20,300,0,0,15866,0,0.0,0.0,0.0,80.0,0.0,0.0,0.0
2019-07-21,0,0,0,15866,0,0.0,0.0,0.0,32.0,0.0,0.0,0.0
2019-07-22,0,0,0,15866,0,0.0,0.0,0.0,16.0,0.0,0.0,0.0
2019-07-23,490,0,0,15866,0,0.0,0.0,0.0,9.0,0.0,0.0,0.0
2019-07-24,987,0,0,15866,0,0.0,0.0,0.0,0.0,0.0,0.0,0.0
2019-07-25,114,0,0,15866,0,0.0,0.0,0.0,0.0,0.0,0.0,0.0
2019-07-26,350,0,0,15866,0,0.0,0.0,0.0,0.0,0.0,0.0,0.0
2019-07-27,0,0,0,15866,0,0.0,0.0,0.0,0.0,0.0,0.0,0.0
2019-07-28,300,0,0,15866,0,0.0,0.0,0.0,0.0,0.0,0.0,0.0
2019-07-29,0,0,0,15866,0,0.0,0.0,0.0,0.0,0.0,0.0,0.0
2019-07-30,0,0,0,15866,0,0.0,0.0,0.0,0.0,0.0,0.0,0.0
2019-07-31,751,0,0,15866,0,0.0,0.0,0.0,0.0,0.0,0.0,0.0
2019-08-01,0,0,0,15866,0,0.0,0.0,0.0,0.0,0.0,0.0,0.0
2019-08-02,300,0,0,15866,0,0.0,0.0,0.0,0.0,0.0,0.0,0.0
2019-08-03,515,0,0,15866,0,0.0,0.0,0.0,0.0,0.0,0.0,0.0
2019-08-04,369,0,0,15866,0,0.0,0.0,0.0,0.0,0.0,0.0,0.0
2019-08-05,0,0,0,15866,0,0.0,0.0,0.0,0.0,0.0,0.0,0.0
2019-08-06,396,0,0,15866,0,0.0,0.0,0.0,0.0,0.0,0.0,0.0
2019-08-07,965,0,0,15866,0,0.0,0.0,0.0,0.0,0.0,0.0,0.0
2019-08-08,0,0,0,15866,0,0.0,0.0,0.0,0.0,0.0,0.0,0.0
2019-08-09,300,0,0,15866,0,0.0,0.0,0.0,0.0,0.0,0.0,0.0
2019-08-10,220,0,0,15866,0,0.0,0.0,0.0,0.0,0.0,0.0,0.0
2019-08-11,0,0,0,15866,0,0.0,0.0,0.0,0.0,0.0,0.0,0.0
2019-08-12,0,0,0,15866,0,0.0,0.0,0.0,0.0,0.0,0.0,0.0
2019-08-13,0,267,0,15866,0,0.0,0.0,0.0,0.0,0.0,0.0,0.0
2019-08-14,688,0,0,15866,0,0.0,0.0,0.0,0.0,0.0,0.0,0.0
2019-08-15,300,0,0,15866,0,0.0,0.0,0.0,0.0,0.0,0.0,0.0
2019-08-16,270,0,0,15866,0,0.0,0.0,0.0,0.0,0.0,0.0,0.0
2019-08-17,371,0,0,15866,0,0.0,0.0,0.0,0.0,0.0,0.0,0.0
2019-08-18,0,0,0,15866,0,0.0,0.0,11.0,0.0,0.0,0.0,0.0
2019-08-19,0,0,0,15866,0,0.0,0.0,28.0,0.0,0.0,0.0,0.0
2019-08-20,300,0,0,15866,0,0.0,0.0,82.0,0.0,0.0,0.0,0.0
2019-08-21,0,0,0,15866,0,0.0,0.0,28.0,0.0,0.0,0.0,0.0
2019-08-22,0,0,0,15866,0,0.0,0.0,0.0,0.0,0.0,0.0,0.0
2019-08-23,300,0,0,0,0,0.0,0.0,0.0,0.0,0.0,0.0,0.0
2019-08-24,718,0,0,0,0,0.0,0.0,0.0,0.0,0.0,0.0,0.0
2019-08-25,637,0,0,0,0,0.0,0.0,0.0,0.0,0.0,0.0,0.0
2019-08-26,300,0,0,0,0,0.0,0.0,0.0,0.0,0.0,0.0,0.0
2019-08-27,0,0,0,0,0,0.0,0.0,0.0,0.0,0.0,0.0,0.0
2019-08-28,300,0,0,0,0,0.0,0.0,0.0,0.0,0.0,0.0,0.0
2019-08-29,485,0,0,0,0,0.0,0.0,0.0,0.0,0.0,0.0,0.0
2019-08-30,722,0,0,0,0,0.0,0.0,0.0,0.0,0.0,0.0,0.0
2019-08-31,300,0,69250,0,0,0.0,0.0,0.0,0.0,0.0,0.0,0.0
2019-09-01,0,0,0,0,0,0.0,0.0,0.0,0.0,0.0,0.0,0.0
2019-09-02,0,0,0,0,1,0.0,0.0,0.0,0.0,0.0,0.0,0.0
2019-09-03,0,0,0,0,0,0.0,0.0,0.0,0.0,0.0,0.0,0.0
2019-09-04,598,0,0,0,0,0.0,0.0,0.0,0.0,0.0,0.0,0.0
2019-09-05,610,111,0,0,0,0.0,0.0,0.0,0.0,0.0,0.0,0.0
2019-09-06,300,0,3047,0,0,0.0,0.0,0.0,0.0,0.0,0.0,0.0
2019-09-07,138,0,66920,0,0,0.0,0.0,0.0,0.0,0.0,0.0,0.0
2019-09-08,267,0,0,0,0,0.0,0.0,0.0,0.0,0.0,0.0,0.0
2019-09-09,0,0,0,0,0,0.0,0.0,0.0,0.0,0.0,0.0,0.0
2019-09-10,151,0,0,0,0,0.0,0.0,0.0,0.0,0.0,0.0,0.0
2019-09-11,1086,299,0,0,0,0.0,0.0,0.0,0.0,0.0,0.0,0.0
2019-09-12,0,0,0,0,0,0.0,0.0,0.0,0.0,0.0,56.0,0.0
2019-09-13,300,0,0,0,0,0.0,0.0,0.0,0.0,0.0,38.0,0.0
2019-09-14,1629,0,0,0,0,0.0,0.0,0.0,0.0,0.0,0.0,0.0
2019-09-15,0,0,0,0,0,0.0,0.0,0.0,0.0,0.0,0.0,0.0
2019-09-16,206,0,0,0,0,0.0,0.0,0.0,0.0,0.0,0.0,0.0
2019-09-17,300,0,0,0,0,0.0,0.0,0.0,0.0,0.0,0.0,0.0
2019-09-18,730,0,0,0,0,0.0,0.0,0.0,0.0,0.0,0.0,0.0
2019-09-19,243,0,3107,0,0,0.0,0.0,0.0,0.0,0.0,0.0,0.0
2019-09-20,424,0,6042,0,0,0.0,0.0,0.0,0.0,0.0,0.0,0.0
2019-09-21,380,0,9511,0,0,0.0,0.0,0.0,0.0,0.0,0.0,0.0
2019-09-22,468,0,0,0,0,0.0,0.0,0.0,0.0,0.0,0.0,0.0
2019-09-23,180,0,0,0,0,0.0,0.0,0.0,0.0,0.0,0.0,0.0
2019-09-24,300,0,0,0,0,0.0,0.0,0.0,0.0,0.0,0.0,0.0
2019-09-25,2400,0,0,0,0,0.0,0.0,0.0,0.0,0.0,0.0,0.0
2019-09-26,511,0,0,0,0,0.0,0.0,0.0,0.0,0.0,0.0,0.0
2019-09-27,523,0,0,0,0,0.0,0.0,0.0,0.0,0.0,0.0,0.0
2019-09-28,147,0,63706,0,0,0.0,0.0,0.0,0.0,0.0,0.0,0.0
2019-09-29,300,0,0,0,0,0.0,0.0,0.0,0.0,0.0,0.0,0.0
2019-09-30,0,0,0,0,0,0.0,0.0,0.0,0.0,0.0,0.0,0.0
2019-10-01,192,0,0,0,0,0.0,0.0,0.0,0.0,0.0,0.0,0.0
2019-10-02,474,0,3107,0,0,0.0,0.0,0.0,0.0,0.0,0.0,0.0
2019-10-03,185,0,0,0,0,0.0,0.0,0.0,0.0,0.0,0.0,0.0
2019-10-04,2407,207,0,15831,0,0.0,0.0,0.0,0.0,0.0,0.0,0.0
2019-10-05,278,100,15500,15831,0,0.0,0.0,0.0,0.0,0.0,0.0,0.0
2019-10-06,300,0,0,15831,0,0.0,0.0,0.0,0.0,0.0,0.0,0.0
2019-10-07,238,0,0,15831,0,0.0,0.0,0.0,0.0,0.0,0.0,0.0
2019-10-08,423,0,0,0,0,0.0,0.0,0.0,0.0,0.0,0.0,0.0
2019-10-09,778,0,0,0,0,20.0,0.0,0.0,0.0,0.0,0.0,0.0
2019-10-10,300,0,0,0,0,37.0,0.0,0.0,0.0,0.0,0.0,0.0
2019-10-11,2025,0,3047,0,0,56.0,0.0,0.0,0.0,0.0,0.0,0.0
2019-10-12,375,0,74146,0,0,56.0,0.0,0.0,0.0,0.0,0.0,0.0
2019-10-13,0,0,0,0,0,26.0,0.0,0.0,0.0,0.0,0.0,0.0
2019-10-14,0,500,0,0,3,16.0,0.0,0.0,0.0,0.0,0.0,0.0
2019-10-15,768,500,0,0,0,9.0,0.0,0.0,0.0,0.0,0.0,0.0
2019-10-16,307,500,0,0,0,0.0,0.0,0.0,0.0,0.0,0.0,0.0
2019-10-17,300,500,0,0,0,0.0,0.0,0.0,0.0,0.0,0.0,0.0
2019-10-18,300,0,0,0,0,0.0,0.0,0.0,0.0,0.0,0.0,0.0
2019-10-19,245,0,69250,0,0,0.0,0.0,0.0,0.0,0.0,0.0,0.0
2019-10-20,0,0,0,0,0,0.0,0.0,0.0,0.0,0.0,0.0,0.0
2019-10-21,0,0,0,0,0,0.0,0.0,0.0,0.0,0.0,0.0,0.0
2019-10-22,0,0,0,0,0,0.0,0.0,0.0,0.0,0.0,0.0,0.0
2019-10-23,920,120,0,0,0,0.0,0.0,0.0,0.0,0.0,0.0,0.0
2019-10-24,449,500,0,0,0,0.0,0.0,0.0,0.0,0.0,0.0,0.0
2019-10-25,0,2300,0,0,0,0.0,0.0,0.0,0.0,0.0,0.0,0.0
2019-10-26,227,500,0,0,0,0.0,0.0,0.0,0.0,0.0,0.0,0.0
2019-10-27,201,0,0,0,0,0.0,0.0,0.0,0.0,0.0,0.0,0.0
2019-10-28,0,0,0,0,0,0.0,0.0,0.0,0.0,0.0,0.0,0.0
2019-10-29,519,0,0,0,0,0.0,0.0,0.0,0.0,0.0,0.0,0.0
2019-10-30,300,337,0,0,0,0.0,0.0,0.0,0.0,0.0,0.0,0.0
2019-10-31,235,0,0,0,0,0.0,0.0,0.0,0.0,0.0,0.0,0.0
2019-11-01,0,0,3047,0,0,0.0,0.0,0.0,0.0,0.0,0.0,0.0
2019-11-02,0,0,5112,0,0,0.0,0.0,0.0,0.0,0.0,0.0,0.0
2019-11-03,114,0,0,0,0,0.0,0.0,0.0,0.0,0.0,0.0,0.0
2019-11-04,0,0,12075,0,0,0.0,0.0,0.0,0.0,0.0,0.0,0.0
2019-11-05,0,0,0,0,0,0.0,0.0,0.0,0.0,0.0,0.0,0.0
2019-11-06,0,0,3107,0,0,0.0,0.0,0.0,0.0,0.0,0.0,0.0
2019-11-07,520,0,4184,0,0,0.0,0.0,0.0,0.0,0.0,0.0,0.0
2019-11-08,495,0,11898,0,0,0.0,0.0,0.0,0.0,0.0,0.0,0.0
2019-11-09,300,0,5112,0,0,0.0,0.0,0.0,0.0,0.0,0.0,0.0
2019-11-10,421,0,0,0,0,0.0,0.0,0.0,0.0,0.0,0.0,0.0
2019-11-11,296,0,9961,0,1,0.0,0.0,0.0,0.0,0.0,0.0,0.0
2019-11-12,220,0,0,0,0,0.0,0.0,0.0,0.0,0.0,0.0,0.0
2019-11-13,811,500,0,0,0,0.0,0.0,0.0,0.0,0.0,0.0,0.0
2019-11-14,0,500,4757,0,0,0.0,0.0,0.0,0.0,0.0,0.0,0.0
2019-11-15,650,0,12079,0,0,0.0,0.0,0.0,0.0,0.0,0.0,0.0
2019-11-16,451,0,67518,0,0,0.0,0.0,0.0,0.0,0.0,0.0,0.0
2019-11-17,0,0,15500,0,0,0.0,0.0,0.0,0.0,0.0,0.0,0.0
2019-11-18,350,0,0,0,0,0.0,0.0,0.0,0.0,0.0,0.0,0.0
2019-11-19,300,0,0,0,0,0.0,0.0,0.0,0.0,0.0,0.0,0.0
2019-11-20,600,0,4084,0,0,0.0,0.0,0.0,0.0,0.0,0.0,0.0
2019-11-21,1018,0,9446,0,0,0.0,0.0,0.0,0.0,0.0,0.0,0.0
2019-11-22,300,0,0,0,0,0.0,0.0,0.0,0.0,0.0,0.0,0.0
2019-11-23,300,0,58331,0,0,0.0,0.0,0.0,0.0,0.0,0.0,0.0
2019-11-24,149,0,11938,0,0,0.0,0.0,0.0,0.0,0.0,0.0,0.0
2019-11-25,0,0,0,0,0,0.0,0.0,0.0,0.0,0.0,0.0,0.0
2019-11-26,300,0,0,0,0,0.0,0.0,0.0,0.0,0.0,0.0,0.0
2019-11-27,300,0,0,15831,0,0.0,0.0,0.0,0.0,0.0,0.0,0.0
2019-11-28,0,0,0,15831,1,0.0,0.0,0.0,0.0,0.0,0.0,0.0
2019-11-29,0,0,3047,15831,1,0.0,0.0,0.0,0.0,0.0,0.0,0.0
2019-11-30,0,0,5415,15831,0,0.0,0.0,0.0,0.0,0.0,0.0,0.0
2019-12-01,0,0,15500,15831,0,0.0,0.0,0.0,0.0,0.0,0.0,0.0
2019-12-02,0,0,0,0,0,0.0,0.0,0.0,0.0,0.0,0.0,0.0
2019-12-03,0,0,0,0,0,0.0,0.0,0.0,0.0,0.0,0.0,0.0
2019-12-04,0,0,5071,0,0,0.0,0.0,0.0,0.0,0.0,0.0,0.0
2019-12-05,246,0,0,0,0,0.0,0.0,0.0,0.0,0.0,0.0,0.0
2019-12-06,0,0,0,0,0,0.0,0.0,0.0,0.0,0.0,0.0,0.0
2019-12-07,0,0,0,0,0,0.0,0.0,0.0,0.0,0.0,0.0,0.0
2019-12-08,0,0,0,0,0,0.0,0.0,0.0,0.0,0.0,0.0,0.0
2019-12-09,0,0,12655,0,0,0.0,0.0,0.0,0.0,0.0,0.0,0.0
2019-12-10,0,0,0,0,0,0.0,0.0,0.0,0.0,0.0,0.0,0.0
2019-12-11,600,0,0,0,0,0.0,0.0,0.0,0.0,0.0,0.0,0.0
2019-12-12,489,0,0,0,0,0.0,0.0,0.0,0.0,0.0,0.0,0.0
2019-12-13,0,0,0,0,0,0.0,0.0,0.0,0.0,0.0,0.0,0.0
2019-12-14,2024,0,4653,0,0,0.0,0.0,0.0,0.0,0.0,0.0,0.0
2019-12-15,2100,0,0,0,0,0.0,0.0,0.0,0.0,0.0,0.0,0.0
2019-12-16,0,0,0,0,0,0.0,0.0,0.0,0.0,0.0,0.0,0.0
2019-12-17,0,0,0,0,0,0.0,0.0,0.0,0.0,0.0,0.0,0.0
2019-12-18,0,0,0,0,0,0.0,0.0,0.0,0.0,0.0,0.0,0.0
2019-12-19,0,0,0,0,0,0.0,0.0,0.0,0.0,0.0,0.0,0.0
2019-12-20,492,0,0,0,0,0.0,0.0,0.0,0.0,0.0,0.0,0.0
2019-12-21,300,0,5836,15831,0,0.0,0.0,0.0,0.0,0.0,0.0,0.0
2019-12-22,0,0,0,15831,0,0.0,0.0,0.0,0.0,0.0,0.0,0.0
2019-12-23,0,0,0,15831,0,0.0,0.0,0.0,0.0,0.0,0.0,0.0
2019-12-24,0,0,0,15831,1,0.0,0.0,0.0,0.0,0.0,0.0,0.0
2019-12-25,300,0,0,15831,2,0.0,0.0,0.0,0.0,0.0,0.0,0.0
2019-12-26,300,0,0,15831,0,0.0,0.0,0.0,0.0,0.0,0.0,0.0
2019-12-27,0,0,0,15831,0,0.0,0.0,0.0,0.0,0.0,0.0,0.0
2019-12-28,261,0,0,15831,0,0.0,0.0,0.0,0.0,0.0,0.0,0.0
2019-12-29,262,0,14757,15831,0,0.0,0.0,0.0,0.0,0.0,0.0,0.0
2019-12-30,0,0,0,15831,0,0.0,0.0,0.0,0.0,0.0,0.0,0.0
2019-12-31,450,0,5821,15831,0,0.0,0.0,0.0,0.0,0.0,0.0,0.0
2020-01-01,0,0,0,15831,1,0.0,0.0,0.0,0.0,0.0,0.0,0.0
2020-01-02,0,0,0,15831,0,0.0,0.0,0.0,0.0,0.0,0.0,0.0
2020-01-03,300,0,0,15831,0,0.0,0.0,0.0,0.0,0.0,0.0,0.0
2020-01-04,0,0,0,15831,0,0.0,0.0,0.0,0.0,0.0,0.0,0.0
2020-01-05,0,0,0,15831,0,0.0,0.0,0.0,0.0,0.0,0.0,0.0
2020-01-06,0,0,0,0,0,0.0,0.0,0.0,0.0,0.0,0.0,0.0
2020-01-07,0,0,0,0,0,0.0,0.0,0.0,0.0,0.0,0.0,0.0
2020-01-08,300,0,0,0,0,0.0,0.0,0.0,0.0,0.0,0.0,0.0
2020-01-09,300,0,4263,0,0,0.0,0.0,0.0,0.0,0.0,0.0,0.0
2020-01-10,0,0,13167,0,0,0.0,41.0,0.0,0.0,0.0,0.0,0.0
2020-01-11,300,0,0,0,0,0.0,80.0,0.0,0.0,0.0,0.0,0.0
2020-01-12,185,0,6168,0,0,0.0,0.0,0.0,0.0,0.0,0.0,0.0
2020-01-13,0,0,0,0,0,0.0,0.0,0.0,0.0,0.0,0.0,0.0
2020-01-14,0,0,0,0,0,0.0,0.0,0.0,0.0,0.0,0.0,0.0
2020-01-15,0,0,0,0,0,0.0,0.0,0.0,0.0,0.0,0.0,0.0
2020-01-16,0,0,0,0,0,0.0,0.0,0.0,0.0,0.0,0.0,0.0
2020-01-17,225,0,13855,0,0,0.0,56.0,0.0,0.0,0.0,0.0,0.0
2020-01-18,0,0,15500,0,0,0.0,56.0,0.0,0.0,0.0,0.0,0.0
2020-01-19,267,0,0,0,0,0.0,0.0,0.0,0.0,0.0,0.0,0.0
2020-01-20,0,0,0,0,1,0.0,0.0,0.0,0.0,0.0,0.0,0.0
2020-01-21,679,0,0,0,0,0.0,0.0,0.0,0.0,0.0,0.0,0.0
2020-01-22,600,0,13094,0,0,0.0,0.0,0.0,0.0,0.0,0.0,0.0
2020-01-23,220,0,4943,0,0,0.0,0.0,0.0,0.0,0.0,0.0,0.0
2020-01-24,300,0,15500,0,0,0.0,0.0,0.0,0.0,0.0,0.0,0.0
2020-01-25,0,0,0,0,0,0.0,0.0,0.0,0.0,0.0,0.0,0.0
2020-01-26,300,0,5477,0,0,0.0,0.0,0.0,0.0,0.0,0.0,0.0
2020-01-27,0,0,12959,0,0,0.0,0.0,0.0,0.0,0.0,0.0,0.0
2020-01-28,563,0,0,0,0,0.0,0.0,0.0,0.0,0.0,0.0,0.0
2020-01-29,0,0,4350,0,0,0.0,0.0,0.0,0.0,0.0,0.0,0.0
2020-01-30,258,0,0,0,0,0.0,0.0,0.0,0.0,0.0,0.0,0.0
2020-01-31,300,0,15500,0,0,0.0,0.0,0.0,0.0,0.0,0.0,0.0
2020-02-01,300,0,15500,0,0,0.0,0.0,0.0,0.0,0.0,0.0,0.0
2020-02-02,0,0,13125,0,0,0.0,0.0,0.0,0.0,0.0,0.0,0.0
2020-02-03,0,0,0,0,0,0.0,0.0,0.0,0.0,0.0,0.0,0.0
2020-02-04,0,0,0,0,0,0.0,0.0,0.0,0.0,0.0,0.0,0.0
2020-02-05,495,0,0,0,0,0.0,0.0,0.0,0.0,0.0,0.0,0.0
2020-02-06,0,0,4402,0,0,0.0,0.0,0.0,0.0,0.0,0.0,0.0
2020-02-07,350,1800,0,0,0,0.0,0.0,0.0,0.0,0.0,0.0,0.0
2020-02-08,1005,0,13178,0,0,0.0,0.0,0.0,0.0,0.0,0.0,0.0
2020-02-09,0,0,0,0,0,0.0,0.0,0.0,0.0,0.0,0.0,0.0
2020-02-10,0,0,0,0,0,0.0,0.0,0.0,0.0,0.0,0.0,0.0
2020-02-11,0,0,0,0,0,0.0,0.0,0.0,0.0,0.0,0.0,0.0
2020-02-12,1153,0,0,0,0,0.0,0.0,0.0,0.0,0.0,0.0,0.0
2020-02-13,650,1800,0,0,0,0.0,0.0,0.0,0.0,0.0,0.0,0.0
2020-02-14,239,0,0,0,0,0.0,0.0,0.0,0.0,0.0,0.0,0.0
2020-02-15,216,0,0,0,0,0.0,0.0,0.0,0.0,0.0,0.0,0.0
2020-02-16,600,0,6286,0,0,0.0,0.0,0.0,0.0,0.0,0.0,0.0
2020-02-17,0,0,0,0,1,0.0,0.0,0.0,0.0,0.0,0.0,0.0
2020-02-18,300,0,0,0,0,0.0,0.0,0.0,0.0,0.0,0.0,0.0
2020-02-19,425,0,0,0,0,0.0,0.0,0.0,0.0,0.0,0.0,0.0
2020-02-20,181,0,11895,0,0,0.0,0.0,0.0,0.0,0.0,0.0,0.0
2020-02-21,1023,0,0,0,0,0.0,0.0,0.0,0.0,0.0,0.0,0.0
2020-02-22,300,0,7416,0,0,0.0,0.0,0.0,0.0,0.0,0.0,0.0
2020-02-23,0,0,15500,0,0,0.0,0.0,0.0,0.0,0.0,0.0,0.0
2020-02-24,0,0,0,0,0,0.0,19.0,0.0,0.0,0.0,0.0,0.0
2020-02-25,300,0,0,0,0,0.0,56.0,0.0,0.0,0.0,0.0,0.0
2020-02-26,600,0,0,0,0,0.0,56.0,0.0,0.0,0.0,0.0,0.0
2020-02-27,400,0,5659,0,0,0.0,29.0,0.0,0.0,0.0,0.0,0.0
2020-02-28,0,0,0,0,0,0.0,0.0,0.0,0.0,0.0,0.0,0.0
2020-02-29,0,0,12845,0,0,0.0,0.0,0.0,0.0,0.0,0.0,0.0
2020-03-01,0,0,0,0,0,0.0,0.0,0.0,0.0,0.0,0.0,0.0
2020-03-02,0,0,0,0,0,0.0,0.0,0.0,0.0,0.0,0.0,0.0
2020-03-03,295,0,13701,0,0,0.0,0.0,0.0,0.0,0.0,0.0,0.0
2020-03-04,300,0,0,0,0,0.0,0.0,0.0,0.0,0.0,0.0,0.0
2020-03-05,505,0,0,0,0,0.0,0.0,0.0,0.0,0.0,0.0,0.0
2020-03-06,299,0,0,0,0,0.0,0.0,0.0,0.0,0.0,0.0,0.0
2020-03-07,810,0,0,0,0,0.0,0.0,0.0,0.0,0.0,0.0,0.0
2020-03-08,0,0,0,0,0,0.0,0.0,0.0,0.0,0.0,0.0,0.0
2020-03-09,145,0,0,0,0,0.0,0.0,0.0,0.0,0.0,0.0,0.0
2020-03-10,564,0,0,0,0,0.0,0.0,0.0,0.0,0.0,0.0,0.0
2020-03-11,600,0,0,0,0,0.0,0.0,0.0,0.0,0.0,0.0,0.0
2020-03-12,194,0,0,0,0,0.0,0.0,0.0,0.0,0.0,0.0,0.0
2020-03-13,505,0,0,0,0,0.0,0.0,0.0,0.0,0.0,0.0,0.0
2020-03-14,650,0,0,15831,0,0.0,0.0,0.0,0.0,0.0,0.0,0.0
2020-03-15,0,0,0,15831,0,0.0,0.0,0.0,0.0,0.0,0.0,0.0
2020-03-16,0,0,0,15831,0,0.0,0.0,0.0,0.0,0.0,0.0,0.0
2020-03-17,0,0,0,15831,0,0.0,0.0,0.0,0.0,0.0,0.0,0.0
2020-03-18,0,0,0,15831,0,0.0,0.0,0.0,0.0,0.0,0.0,0.0
2020-03-19,0,0,0,15831,0,0.0,0.0,0.0,0.0,0.0,0.0,0.0
2020-03-20,0,0,0,15831,0,0.0,0.0,0.0,0.0,0.0,0.0,0.0
2020-03-21,0,0,0,15831,0,0.0,0.0,0.0,0.0,0.0,0.0,0.0
2020-03-22,0,0,0,15831,0,0.0,0.0,0.0,0.0,0.0,0.0,0.0
2020-03-23,0,0,0,0,0,0.0,0.0,0.0,0.0,0.0,0.0,0.0
2020-03-24,0,0,0,0,0,0.0,0.0,0.0,0.0,0.0,0.0,0.0
2020-03-25,0,0,0,0,0,0.0,0.0,0.0,0.0,0.0,0.0,0.0
2020-03-26,0,0,0,0,0,0.0,0.0,0.0,0.0,0.0,0.0,0.0
2020-03-27,0,0,0,0,0,0.0,0.0,0.0,0.0,0.0,0.0,0.0
2020-03-28,0,0,0,0,0,0.0,0.0,0.0,0.0,0.0,0.0,60.0
2020-03-29,0,0,0,0,0,0.0,0.0,0.0,0.0,0.0,0.0,46.0
2020-03-30,0,0,0,0,0,0.0,0.0,0.0,0.0,0.0,0.0,11.0
2020-03-31,0,0,0,0,0,0.0,0.0,0.0,0.0,0.0,0.0,0.0
2020-04-01,0,0,0,0,0,0.0,0.0,0.0,0.0,0.0,0.0,0.0
2020-04-02,0,0,0,0,0,0.0,0.0,0.0,0.0,0.0,0.0,0.0
2020-04-03,0,0,0,0,0,0.0,0.0,0.0,0.0,0.0,0.0,0.0
2020-04-04,0,0,0,0,0,0.0,0.0,0.0,0.0,0.0,0.0,0.0
2020-04-05,0,0,0,0,0,0.0,0.0,0.0,0.0,0.0,0.0,0.0
2020-04-06,0,0,0,0,0,0.0,0.0,0.0,0.0,0.0,0.0,0.0
2020-04-07,0,0,0,0,0,0.0,0.0,0.0,0.0,0.0,56.0,0.0
2020-04-08,0,0,0,0,0,0.0,0.0,0.0,0.0,0.0,38.0,0.0
2020-04-09,0,0,0,0,0,0.0,0.0,0.0,0.0,0.0,0.0,0.0
2020-04-10,0,0,0,0,0,0.0,0.0,0.0,0.0,0.0,0.0,0.0
2020-04-11,0,0,0,0,0,0.0,0.0,0.0,0.0,0.0,0.0,0.0
2020-04-12,0,0,0,0,0,0.0,0.0,0.0,0.0,0.0,0.0,0.0
2020-04-13,0,0,0,0,0,0.0,0.0,0.0,0.0,0.0,0.0,0.0
2020-04-14,0,0,0,0,0,0.0,0.0,0.0,0.0,0.0,0.0,0.0
2020-04-15,0,0,0,0,0,0.0,0.0,0.0,0.0,0.0,0.0,0.0
2020-04-16,0,0,0,0,0,0.0,0.0,0.0,0.0,0.0,0.0,0.0
2020-04-17,0,0,0,0,0,0.0,0.0,0.0,0.0,0.0,0.0,0.0
2020-04-18,0,0,0,0,0,0.0,0.0,0.0,0.0,0.0,0.0,0.0
2020-04-19,0,0,0,0,0,0.0,0.0,0.0,0.0,0.0,0.0,0.0
2020-04-20,0,0,0,0,0,0.0,0.0,0.0,0.0,0.0,0.0,0.0
2020-04-21,0,0,0,0,0,0.0,0.0,0.0,0.0,0.0,0.0,0.0
2020-04-22,0,0,0,0,0,0.0,0.0,0.0,0.0,0.0,0.0,0.0
2020-04-23,0,0,0,0,0,0.0,0.0,0.0,0.0,0.0,0.0,0.0
2020-04-24,0,0,0,0,0,0.0,0.0,0.0,0.0,0.0,0.0,0.0
2020-04-25,0,0,0,0,0,0.0,0.0,0.0,0.0,0.0,0.0,0.0
2020-04-26,0,0,0,0,0,0.0,0.0,0.0,0.0,0.0,0.0,0.0
2020-04-27,0,0,0,0,0,0.0,0.0,0.0,0.0,0.0,0.0,0.0
2020-04-28,0,0,0,0,0,0.0,0.0,0.0,0.0,0.0,0.0,0.0
2020-04-29,0,0,0,0,0,0.0,0.0,0.0,0.0,0.0,0.0,0.0
2020-04-30,0,0,0,0,0,0.0,0.0,0.0,0.0,0.0,0.0,0.0
2020-05-01,0,0,0,0,0,0.0,0.0,0.0,0.0,0.0,0.0,0.0
2020-05-02,0,0,0,0,0,0.0,0.0,0.0,0.0,0.0,0.0,0.0
2020-05-03,0,0,0,0,0,0.0,0.0,0.0,0.0,0.0,0.0,0.0
2020-05-04,0,0,0,0,0,0.0,0.0,0.0,0.0,0.0,0.0,0.0
2020-05-05,0,0,0,0,0,0.0,0.0,0.0,0.0,0.0,0.0,0.0
2020-05-06,0,0,0,0,0,0.0,0.0,0.0,0.0,0.0,0.0,0.0
2020-05-07,0,0,0,0,0,23.0,0.0,0.0,0.0,0.0,0.0,0.0
2020-05-08,0,0,0,0,0,39.0,0.0,0.0,0.0,0.0,0.0,0.0
2020-05-09,0,0,0,0,0,65.0,0.0,0.0,0.0,0.0,0.0,0.0
2020-05-10,0,0,0,0,0,39.0,0.0,0.0,0.0,0.0,0.0,0.0
2020-05-11,0,0,0,0,0,49.0,0.0,7.0,0.0,0.0,0.0,0.0
2020-05-12,0,0,0,0,0,31.0,0.0,14.0,0.0,0.0,0.0,0.0
2020-05-13,0,0,0,0,0,17.0,0.0,26.0,0.0,0.0,0.0,0.0
2020-05-14,0,0,0,0,0,10.0,0.0,56.0,0.0,0.0,0.0,0.0
2020-05-15,0,0,0,0,0,0.0,0.0,56.0,0.0,0.0,0.0,0.0
2020-05-16,0,0,0,0,0,0.0,0.0,0.0,0.0,0.0,0.0,0.0
2020-05-17,0,0,0,0,0,0.0,0.0,0.0,0.0,0.0,0.0,0.0
2020-05-18,0,0,0,0,0,0.0,0.0,0.0,0.0,0.0,0.0,0.0
2020-05-19,0,0,0,0,0,0.0,0.0,0.0,0.0,0.0,0.0,0.0
2020-05-20,0,0,0,0,0,0.0,0.0,0.0,0.0,0.0,0.0,0.0
2020-05-21,0,0,0,0,0,0.0,0.0,0.0,0.0,0.0,0.0,0.0
2020-05-22,0,0,0,0,0,0.0,0.0,0.0,0.0,0.0,0.0,0.0
2020-05-23,0,0,0,0,0,0.0,0.0,0.0,0.0,0.0,0.0,0.0
2020-05-24,0,0,0,0,0,0.0,0.0,0.0,0.0,0.0,0.0,0.0
2020-05-25,0,0,0,0,1,0.0,0.0,7.0,0.0,0.0,0.0,0.0
2020-05-26,0,0,0,0,0,0.0,0.0,14.0,0.0,0.0,0.0,0.0
2020-05-27,0,0,0,0,0,0.0,0.0,26.0,0.0,0.0,0.0,0.0
2020-05-28,0,0,0,0,0,0.0,0.0,56.0,0.0,0.0,0.0,0.0
2020-05-29,0,0,0,0,0,0.0,0.0,0.0,0.0,0.0,0.0,0.0
2020-05-30,0,0,0,15831,0,0.0,0.0,0.0,0.0,0.0,0.0,0.0
2020-05-31,0,0,0,15831,0,0.0,0.0,0.0,0.0,0.0,0.0,0.0
2020-06-01,0,0,0,15831,0,0.0,0.0,0.0,0.0,0.0,0.0,0.0
2020-06-02,0,0,0,15831,0,0.0,0.0,0.0,0.0,0.0,0.0,0.0
2020-06-03,0,0,0,15831,0,0.0,0.0,0.0,0.0,0.0,0.0,0.0
2020-06-04,0,0,0,15831,0,0.0,0.0,0.0,0.0,0.0,0.0,0.0
2020-06-05,0,0,0,15831,0,0.0,0.0,0.0,0.0,0.0,56.0,0.0
2020-06-06,0,0,0,15831,0,0.0,0.0,0.0,0.0,0.0,25.0,0.0
2020-06-07,0,0,0,15831,0,0.0,0.0,11.0,0.0,0.0,0.0,0.0
2020-06-08,0,0,0,15831,0,0.0,0.0,28.0,0.0,0.0,0.0,0.0
2020-06-09,0,0,0,15831,0,0.0,0.0,82.0,0.0,0.0,0.0,0.0
2020-06-10,0,0,0,15831,0,0.0,0.0,82.0,0.0,0.0,0.0,0.0
2020-06-11,0,0,0,15831,0,0.0,0.0,31.0,0.0,0.0,0.0,0.0
2020-06-12,0,0,0,15831,0,0.0,0.0,15.0,0.0,0.0,0.0,0.0
2020-06-13,0,0,0,15831,0,0.0,0.0,0.0,0.0,0.0,0.0,0.0
2020-06-14,0,0,0,15831,0,0.0,0.0,0.0,0.0,0.0,0.0,0.0
2020-06-15,0,0,0,15831,0,0.0,0.0,0.0,0.0,0.0,0.0,0.0
2020-06-16,0,0,0,15831,0,0.0,0.0,0.0,0.0,0.0,0.0,0.0
2020-06-17,0,0,0,15831,0,0.0,0.0,0.0,0.0,0.0,0.0,0.0
2020-06-18,0,0,0,15831,0,0.0,0.0,0.0,0.0,0.0,0.0,0.0
2020-06-19,0,0,0,15831,1,0.0,0.0,0.0,0.0,0.0,0.0,0.0
2020-06-20,0,0,0,15831,0,0.0,0.0,0.0,0.0,0.0,0.0,0.0
2020-06-21,0,0,0,15831,0,0.0,0.0,0.0,0.0,0.0,0.0,0.0
2020-06-22,0,0,0,15831,0,0.0,0.0,0.0,0.0,0.0,0.0,0.0
2020-06-23,0,0,0,15831,0,0.0,0.0,0.0,0.0,0.0,0.0,0.0
2020-06-24,0,0,0,15831,0,0.0,0.0,0.0,0.0,0.0,0.0,0.0
2020-06-25,0,0,0,15831,0,0.0,0.0,0.0,0.0,0.0,0.0,0.0
2020-06-26,0,0,0,15831,0,0.0,0.0,0.0,0.0,0.0,56.0,0.0
2020-06-27,0,0,0,15831,0,0.0,0.0,0.0,0.0,0.0,25.0,0.0
2020-06-28,0,0,0,15831,0,0.0,0.0,0.0,0.0,0.0,0.0,0.0
2020-06-29,0,0,0,15831,0,0.0,0.0,0.0,0.0,0.0,0.0,0.0
2020-06-30,0,0,0,15831,0,0.0,0.0,0.0,0.0,0.0,0.0,0.0
2020-07-01,0,0,0,15831,0,0.0,0.0,0.0,0.0,0.0,0.0,0.0
2020-07-02,0,0,0,15831,0,0.0,0.0,0.0,0.0,0.0,0.0,0.0
2020-07-03,0,0,0,15831,1,0.0,0.0,0.0,0.0,0.0,0.0,0.0
2020-07-04,0,0,0,15831,1,0.0,0.0,0.0,0.0,0.0,0.0,0.0
2020-07-05,0,0,0,15831,0,0.0,0.0,0.0,0.0,0.0,0.0,0.0
2020-07-06,0,0,0,15831,0,0.0,0.0,0.0,0.0,0.0,0.0,0.0
2020-07-07,0,0,0,15831,0,0.0,0.0,0.0,0.0,0.0,0.0,0.0
2020-07-08,0,0,0,15831,0,0.0,0.0,0.0,0.0,0.0,0.0,0.0
2020-07-09,0,0,0,15831,0,0.0,0.0,0.0,0.0,0.0,56.0,0.0
2020-07-10,0,0,0,15831,0,0.0,0.0,0.0,0.0,0.0,25.0,0.0
2020-07-11,0,0,0,15831,0,0.0,0.0,0.0,0.0,0.0,56.0,0.0
2020-07-12,0,0,0,15831,0,0.0,0.0,0.0,0.0,0.0,25.0,0.0
2020-07-13,0,0,0,15831,0,0.0,0.0,0.0,0.0,0.0,0.0,0.0
2020-07-14,0,0,0,15831,0,0.0,0.0,0.0,0.0,0.0,0.0,0.0
2020-07-15,0,0,0,15831,0,0.0,0.0,0.0,7.0,0.0,0.0,0.0
2020-07-16,0,0,0,15831,0,0.0,0.0,0.0,21.0,0.0,0.0,0.0
2020-07-17,0,0,0,15831,0,0.0,0.0,0.0,62.0,0.0,0.0,0.0
2020-07-18,0,0,0,15831,0,0.0,0.0,0.0,65.0,0.0,0.0,0.0
2020-07-19,0,0,0,15831,0,0.0,0.0,0.0,32.0,0.0,0.0,0.0
2020-07-20,0,0,0,15831,0,0.0,0.0,0.0,14.0,0.0,0.0,0.0
2020-07-21,0,0,0,15831,0,0.0,0.0,0.0,6.0,0.0,0.0,0.0
2020-07-22,0,0,0,15831,0,0.0,0.0,0.0,0.0,0.0,0.0,0.0
2020-07-23,0,0,0,15831,0,0.0,0.0,0.0,7.0,0.0,0.0,0.0
2020-07-24,0,0,0,15831,0,0.0,0.0,0.0,21.0,0.0,0.0,0.0
2020-07-25,0,0,0,15831,0,0.0,0.0,0.0,62.0,0.0,0.0,0.0
2020-07-26,0,0,0,15831,0,0.0,0.0,0.0,65.0,0.0,0.0,0.0
2020-07-27,0,0,0,15831,0,0.0,0.0,0.0,32.0,0.0,0.0,0.0
2020-07-28,0,0,0,15831,0,0.0,0.0,0.0,14.0,0.0,0.0,0.0
2020-07-29,0,0,0,15831,0,0.0,0.0,0.0,6.0,0.0,0.0,0.0
2020-07-30,0,0,0,15831,0,0.0,0.0,0.0,0.0,0.0,0.0,0.0
2020-07-31,0,0,0,15831,0,0.0,0.0,0.0,0.0,0.0,0.0,0.0
2020-08-01,0,0,0,15831,0,0.0,0.0,0.0,0.0,0.0,0.0,0.0
2020-08-02,0,0,0,15831,0,0.0,0.0,0.0,0.0,0.0,0.0,0.0
2020-08-03,0,0,0,15831,0,0.0,0.0,0.0,0.0,0.0,0.0,0.0
2020-08-04,0,0,0,15831,0,0.0,0.0,0.0,0.0,0.0,0.0,0.0
2020-08-05,0,0,0,15831,0,0.0,0.0,0.0,0.0,0.0,0.0,0.0
2020-08-06,0,0,0,15831,0,0.0,0.0,0.0,0.0,0.0,0.0,0.0
2020-08-07,0,0,0,15831,0,0.0,0.0,0.0,0.0,0.0,0.0,0.0
2020-08-08,0,0,0,15831,0,0.0,0.0,0.0,0.0,0.0,0.0,0.0
2020-08-09,0,0,0,15831,0,0.0,0.0,0.0,0.0,0.0,54.0,0.0
2020-08-10,0,0,0,15831,0,0.0,0.0,0.0,0.0,0.0,86.0,0.0
2020-08-11,0,0,0,15831,0,0.0,0.0,0.0,0.0,0.0,54.0,0.0
2020-08-12,0,0,0,15831,0,0.0,0.0,0.0,0.0,0.0,0.0,0.0
2020-08-13,0,0,0,15831,0,0.0,0.0,0.0,0.0,0.0,0.0,0.0
2020-08-14,0,0,0,15831,0,0.0,0.0,0.0,0.0,0.0,0.0,0.0
2020-08-15,0,0,0,15831,0,0.0,0.0,0.0,0.0,0.0,0.0,0.0
2020-08-16,0,0,0,15831,0,0.0,0.0,0.0,0.0,0.0,0.0,0.0
2020-08-17,0,400,0,15831,0,0.0,0.0,0.0,0.0,0.0,0.0,0.0
2020-08-18,0,400,0,15831,0,0.0,0.0,0.0,0.0,0.0,0.0,0.0
2020-08-19,0,400,0,15831,0,0.0,0.0,0.0,0.0,0.0,0.0,0.0
2020-08-20,0,0,0,15831,0,0.0,0.0,0.0,0.0,0.0,0.0,0.0
2020-08-21,0,0,0,15831,0,0.0,0.0,0.0,7.0,0.0,0.0,0.0
2020-08-22,0,0,0,15831,0,0.0,0.0,0.0,21.0,0.0,0.0,0.0
2020-08-23,0,0,0,15831,0,0.0,0.0,0.0,62.0,0.0,0.0,0.0
2020-08-24,0,0,0,0,0,0.0,0.0,0.0,65.0,0.0,0.0,0.0
2020-08-25,0,0,0,0,0,0.0,0.0,0.0,65.0,0.0,0.0,0.0
2020-08-26,0,0,0,0,0,0.0,0.0,0.0,35.0,0.0,0.0,0.0
2020-08-27,0,0,0,0,0,0.0,0.0,0.0,22.0,0.0,0.0,0.0
2020-08-28,0,0,0,0,0,0.0,0.0,0.0,13.0,0.0,56.0,0.0
2020-08-29,0,0,0,0,0,0.0,0.0,0.0,0.0,0.0,25.0,0.0
2020-08-30,0,0,0,0,0,0.0,0.0,0.0,0.0,0.0,0.0,0.0
2020-08-31,0,0,0,0,0,0.0,0.0,0.0,0.0,0.0,0.0,0.0
2020-09-01,0,0,0,0,0,0.0,0.0,0.0,0.0,0.0,0.0,0.0
2020-09-02,0,0,0,0,0,0.0,0.0,0.0,0.0,0.0,0.0,0.0
2020-09-03,0,0,0,0,0,0.0,0.0,0.0,0.0,0.0,0.0,0.0
2020-09-04,0,0,0,0,0,0.0,0.0,0.0,0.0,0.0,0.0,0.0
2020-09-05,0,0,0,0,0,0.0,0.0,0.0,0.0,0.0,0.0,0.0
2020-09-06,0,0,0,0,0,0.0,0.0,0.0,0.0,0.0,0.0,0.0
2020-09-07,0,0,0,0,1,0.0,0.0,0.0,0.0,0.0,0.0,0.0
2020-09-08,0,0,0,0,0,0.0,0.0,0.0,0.0,0.0,0.0,0.0
2020-09-09,0,0,0,0,0,0.0,0.0,11.0,0.0,0.0,0.0,0.0
2020-09-10,0,0,0,0,0,0.0,0.0,28.0,0.0,0.0,0.0,0.0
2020-09-11,0,0,0,0,0,0.0,0.0,56.0,0.0,0.0,0.0,0.0
2020-09-12,0,0,0,0,0,0.0,0.0,56.0,0.0,0.0,0.0,0.0
2020-09-13,0,0,0,0,0,0.0,0.0,0.0,0.0,0.0,0.0,0.0
2020-09-14,0,0,0,0,0,0.0,0.0,0.0,0.0,0.0,0.0,0.0
2020-09-15,0,0,0,0,0,0.0,0.0,0.0,0.0,0.0,0.0,0.0
2020-09-16,0,0,0,0,0,0.0,0.0,0.0,0.0,0.0,0.0,0.0
2020-09-17,0,0,0,0,0,0.0,0.0,0.0,0.0,0.0,0.0,0.0
2020-09-18,0,0,0,0,0,0.0,0.0,0.0,0.0,0.0,0.0,0.0
2020-09-19,0,0,0,0,0,0.0,0.0,0.0,0.0,0.0,0.0,0.0
2020-09-20,0,0,0,0,0,0.0,0.0,0.0,0.0,0.0,0.0,0.0
2020-09-21,0,0,0,0,0,0.0,0.0,0.0,0.0,0.0,0.0,0.0
2020-09-22,0,0,0,0,0,0.0,0.0,0.0,0.0,0.0,0.0,0.0
2020-09-23,0,0,0,0,0,0.0,0.0,0.0,0.0,0.0,0.0,0.0
2020-09-24,0,0,0,0,0,0.0,0.0,0.0,0.0,0.0,0.0,0.0
2020-09-25,0,0,0,0,0,0.0,0.0,0.0,0.0,0.0,0.0,0.0
2020-09-26,0,0,0,0,0,0.0,0.0,0.0,0.0,0.0,0.0,0.0
2020-09-27,0,0,0,0,0,0.0,0.0,0.0,0.0,0.0,0.0,0.0
2020-09-28,0,0,0,0,0,0.0,0.0,0.0,0.0,0.0,0.0,0.0
2020-09-29,0,0,0,0,0,0.0,0.0,0.0,0.0,0.0,0.0,0.0
2020-09-30,0,0,0,0,0,0.0,0.0,0.0,0.0,0.0,0.0,0.0
2020-10-01,0,0,0,0,0,0.0,0.0,0.0,0.0,0.0,0.0,0.0
2020-10-02,0,0,0,15831,0,0.0,0.0,0.0,0.0,0.0,0.0,0.0
2020-10-03,0,0,0,15831,0,11.0,0.0,0.0,0.0,0.0,0.0,0.0
2020-10-04,0,0,0,15831,0,26.0,0.0,0.0,0.0,0.0,0.0,0.0
2020-10-05,0,0,0,15831,0,49.0,0.0,0.0,0.0,0.0,0.0,0.0
2020-10-06,0,0,0,0,0,0.0,0.0,0.0,0.0,0.0,0.0,0.0
2020-10-07,0,0,0,0,0,0.0,0.0,0.0,0.0,0.0,0.0,0.0
2020-10-08,0,0,0,0,0,0.0,0.0,0.0,0.0,0.0,0.0,0.0
2020-10-09,0,0,0,0,0,0.0,0.0,0.0,0.0,0.0,0.0,0.0
2020-10-10,0,0,0,0,0,0.0,0.0,0.0,0.0,0.0,0.0,0.0
2020-10-11,0,0,0,0,0,0.0,0.0,0.0,0.0,0.0,0.0,0.0
2020-10-12,0,0,0,0,2,0.0,0.0,0.0,0.0,0.0,0.0,0.0
2020-10-13,0,0,0,0,0,0.0,0.0,0.0,0.0,0.0,0.0,0.0
2020-10-14,0,0,0,0,0,23.0,0.0,0.0,0.0,0.0,0.0,0.0
2020-10-15,0,0,0,0,0,43.0,0.0,0.0,0.0,0.0,0.0,0.0
2020-10-16,0,0,0,0,0,65.0,0.0,0.0,0.0,0.0,0.0,0.0
2020-10-17,0,0,0,0,0,30.0,0.0,0.0,0.0,0.0,0.0,0.0
2020-10-18,0,0,0,0,0,18.0,0.0,0.0,0.0,0.0,0.0,0.0
2020-10-19,0,0,0,0,0,10.0,0.0,0.0,0.0,0.0,0.0,0.0
2020-10-20,0,0,0,0,0,0.0,0.0,0.0,0.0,0.0,0.0,0.0
2020-10-21,0,0,0,0,0,0.0,0.0,0.0,0.0,0.0,0.0,0.0
2020-10-22,0,0,0,0,0,0.0,0.0,0.0,0.0,0.0,0.0,0.0
2020-10-23,0,0,0,0,0,0.0,0.0,0.0,0.0,0.0,0.0,0.0
2020-10-24,0,0,0,0,0,0.0,0.0,0.0,0.0,0.0,0.0,0.0
2020-10-25,0,0,0,0,0,0.0,0.0,0.0,0.0,0.0,0.0,0.0
2020-10-26,0,0,0,0,0,0.0,0.0,0.0,0.0,0.0,0.0,0.0
2020-10-27,0,0,0,0,0,0.0,0.0,0.0,0.0,0.0,0.0,0.0
2020-10-28,0,0,0,0,0,0.0,0.0,0.0,0.0,0.0,0.0,0.0
2020-10-29,0,0,0,0,0,0.0,0.0,0.0,0.0,0.0,0.0,0.0
2020-10-30,0,0,0,0,0,0.0,0.0,0.0,0.0,0.0,0.0,0.0
2020-10-31,0,0,1432,0,0,0.0,0.0,0.0,0.0,0.0,0.0,0.0
2020-11-01,0,0,0,0,0,0.0,0.0,0.0,0.0,0.0,0.0,0.0
2020-11-02,0,0,0,0,0,0.0,0.0,0.0,0.0,0.0,0.0,0.0
2020-11-03,0,0,0,0,0,0.0,0.0,0.0,0.0,0.0,0.0,0.0
2020-11-04,0,0,0,0,0,0.0,0.0,0.0,0.0,0.0,0.0,0.0
2020-11-05,0,0,0,0,0,0.0,0.0,0.0,0.0,0.0,0.0,0.0
2020-11-06,0,0,0,0,0,0.0,0.0,0.0,0.0,0.0,0.0,0.0
2020-11-07,0,0,1441,0,0,0.0,0.0,0.0,0.0,0.0,0.0,0.0
2020-11-08,0,0,0,0,0,0.0,0.0,0.0,0.0,0.0,0.0,0.0
2020-11-09,0,0,0,0,0,0.0,0.0,0.0,0.0,0.0,0.0,0.0
2020-11-10,0,0,0,0,0,0.0,0.0,0.0,0.0,0.0,0.0,0.0
2020-11-11,0,0,0,0,1,0.0,0.0,0.0,0.0,0.0,0.0,0.0
2020-11-12,0,0,0,0,0,0.0,0.0,0.0,0.0,0.0,0.0,0.0
2020-11-13,0,0,0,0,0,0.0,0.0,0.0,0.0,0.0,0.0,0.0
2020-11-14,0,0,0,0,0,0.0,0.0,0.0,0.0,0.0,0.0,0.0
2020-11-15,0,0,0,0,0,0.0,0.0,0.0,0.0,0.0,0.0,0.0
2020-11-16,0,0,0,0,0,0.0,0.0,0.0,0.0,0.0,0.0,0.0
2020-11-17,0,0,0,0,0,0.0,0.0,0.0,0.0,0.0,0.0,0.0
2020-11-18,0,0,0,0,0,0.0,0.0,0.0,0.0,0.0,0.0,0.0
2020-11-19,0,0,0,0,0,0.0,0.0,0.0,0.0,0.0,0.0,0.0
2020-11-20,0,0,0,0,0,0.0,0.0,0.0,0.0,0.0,0.0,0.0
2020-11-21,0,0,0,0,0,0.0,0.0,0.0,0.0,0.0,0.0,0.0
2020-11-22,0,0,0,0,0,0.0,0.0,0.0,0.0,0.0,0.0,0.0
2020-11-23,0,0,0,0,0,0.0,0.0,0.0,0.0,0.0,0.0,0.0
2020-11-24,0,0,0,0,0,0.0,0.0,0.0,0.0,0.0,0.0,0.0
2020-11-25,0,0,632,15831,0,0.0,0.0,0.0,0.0,0.0,0.0,0.0
2020-11-26,0,0,316,15831,1,0.0,0.0,0.0,0.0,0.0,0.0,0.0
2020-11-27,0,0,1785,15831,1,0.0,0.0,0.0,0.0,0.0,0.0,0.0
2020-11-28,0,0,0,15831,0,0.0,0.0,0.0,0.0,0.0,0.0,0.0
2020-11-29,0,0,0,15831,0,0.0,0.0,0.0,0.0,0.0,0.0,0.0
2020-11-30,0,0,0,0,0,0.0,0.0,0.0,0.0,0.0,0.0,0.0
2020-12-01,0,0,0,0,0,0.0,0.0,0.0,0.0,0.0,0.0,0.0
2020-12-02,0,0,0,0,0,0.0,0.0,0.0,0.0,0.0,0.0,0.0
2020-12-03,0,0,316,0,0,0.0,0.0,0.0,0.0,0.0,0.0,0.0
2020-12-04,0,0,0,0,0,0.0,0.0,0.0,0.0,0.0,0.0,0.0
2020-12-05,0,0,316,0,0,0.0,0.0,0.0,0.0,0.0,0.0,0.0
2020-12-06,0,0,0,0,0,0.0,0.0,0.0,0.0,0.0,0.0,0.0
2020-12-07,0,0,0,0,0,0.0,0.0,0.0,0.0,0.0,0.0,0.0
2020-12-08,0,0,316,0,0,0.0,0.0,0.0,0.0,0.0,0.0,0.0
2020-12-09,0,0,316,0,0,0.0,0.0,0.0,0.0,0.0,0.0,0.0
2020-12-10,0,0,0,0,0,0.0,0.0,0.0,0.0,0.0,0.0,0.0
2020-12-11,0,0,316,0,0,0.0,0.0,0.0,0.0,0.0,0.0,0.0
2020-12-12,0,0,1445,0,0,0.0,0.0,0.0,0.0,0.0,0.0,0.0
2020-12-13,0,0,316,0,0,0.0,0.0,0.0,0.0,0.0,0.0,0.0
2020-12-14,0,0,0,0,0,0.0,0.0,0.0,0.0,0.0,0.0,0.0
2020-12-15,0,0,0,0,0,0.0,0.0,0.0,0.0,0.0,0.0,0.0
2020-12-16,0,0,0,0,0,0.0,0.0,0.0,0.0,0.0,0.0,0.0
2020-12-17,0,0,0,0,0,0.0,0.0,0.0,0.0,0.0,0.0,0.0
2020-12-18,0,0,0,0,0,0.0,0.0,0.0,0.0,0.0,0.0,0.0
2020-12-19,0,0,0,15831,0,0.0,0.0,0.0,0.0,0.0,0.0,0.0
2020-12-20,0,0,0,15831,0,0.0,0.0,0.0,0.0,0.0,0.0,0.0
2020-12-21,0,0,0,15831,0,0.0,0.0,0.0,0.0,0.0,0.0,0.0
2020-12-22,0,0,316,15831,0,0.0,0.0,0.0,0.0,0.0,0.0,0.0
2020-12-23,0,0,0,15831,0,0.0,0.0,0.0,0.0,0.0,0.0,0.0
2020-12-24,0,0,0,15831,1,0.0,0.0,0.0,0.0,0.0,0.0,0.0
2020-12-25,0,0,0,15831,2,0.0,0.0,0.0,0.0,0.0,0.0,0.0
2020-12-26,0,0,0,15831,0,0.0,0.0,0.0,0.0,0.0,0.0,0.0
2020-12-27,0,0,0,15831,0,0.0,0.0,0.0,0.0,0.0,0.0,0.0
2020-12-28,0,0,0,15831,0,0.0,0.0,0.0,0.0,0.0,0.0,0.0
2020-12-29,0,0,316,15831,0,0.0,0.0,0.0,0.0,0.0,0.0,0.0
2020-12-30,0,0,0,15831,0,0.0,80.0,0.0,0.0,0.0,0.0,0.0
2020-12-31,0,0,0,15831,0,0.0,13.0,0.0,0.0,0.0,0.0,0.0
2021-01-01,0,0,0,15831,2,0.0,0.0,0.0,0.0,0.0,0.0,0.0
2021-01-02,0,0,0,15831,0,0.0,0.0,0.0,0.0,0.0,0.0,0.0
2021-01-03,0,0,0,15831,0,0.0,0.0,0.0,0.0,0.0,0.0,0.0
2021-01-04,0,0,0,0,0,0.0,0.0,0.0,0.0,0.0,0.0,0.0
2021-01-05,0,0,0,0,0,0.0,0.0,0.0,0.0,0.0,0.0,0.0
2021-01-06,0,0,0,0,0,0.0,0.0,0.0,0.0,0.0,0.0,0.0
2021-01-07,0,0,0,0,0,0.0,0.0,0.0,0.0,0.0,0.0,0.0
2021-01-08,0,0,0,0,0,0.0,0.0,0.0,0.0,0.0,0.0,0.0
2021-01-09,0,0,0,0,0,0.0,0.0,0.0,0.0,0.0,0.0,0.0
2021-01-10,0,0,316,0,0,0.0,0.0,0.0,0.0,0.0,0.0,0.0
2021-01-11,0,0,0,0,0,0.0,0.0,0.0,0.0,0.0,0.0,0.0
2021-01-12,0,0,0,0,0,0.0,0.0,0.0,0.0,0.0,0.0,0.0
2021-01-13,0,0,0,0,0,0.0,0.0,0.0,0.0,0.0,0.0,0.0
2021-01-14,0,0,0,0,0,0.0,0.0,0.0,0.0,0.0,0.0,0.0
2021-01-15,0,0,0,0,0,0.0,0.0,0.0,0.0,0.0,0.0,0.0
2021-01-16,0,0,0,0,0,0.0,0.0,0.0,0.0,0.0,0.0,0.0
2021-01-17,0,0,0,0,0,0.0,0.0,0.0,0.0,0.0,0.0,0.0
2021-01-18,0,0,0,0,2,0.0,0.0,0.0,0.0,0.0,0.0,0.0
2021-01-19,0,0,0,0,0,0.0,0.0,0.0,0.0,0.0,0.0,0.0
2021-01-20,0,0,0,0,0,0.0,0.0,0.0,0.0,0.0,0.0,0.0
2021-01-21,0,0,316,0,0,0.0,0.0,0.0,0.0,0.0,0.0,0.0
2021-01-22,0,0,0,0,0,0.0,0.0,0.0,0.0,0.0,0.0,0.0
2021-01-23,0,0,0,0,0,0.0,0.0,0.0,0.0,0.0,0.0,0.0
2021-01-24,0,0,0,0,0,0.0,19.0,0.0,0.0,0.0,0.0,0.0
2021-01-25,0,0,0,0,0,0.0,56.0,0.0,0.0,0.0,0.0,0.0
2021-01-26,0,0,0,0,0,0.0,56.0,0.0,0.0,0.0,0.0,0.0
2021-01-27,0,0,0,0,0,0.0,29.0,0.0,0.0,0.0,0.0,0.0
2021-01-28,0,0,0,0,0,0.0,0.0,0.0,0.0,0.0,0.0,0.0
2021-01-29,0,0,0,0,0,0.0,0.0,0.0,0.0,0.0,0.0,0.0
2021-01-30,0,0,0,0,0,0.0,0.0,0.0,0.0,0.0,0.0,0.0
2021-01-31,0,0,0,0,0,0.0,0.0,0.0,0.0,0.0,0.0,0.0
2021-02-01,0,0,0,0,0,0.0,0.0,0.0,0.0,0.0,0.0,0.0
2021-02-02,0,0,316,0,0,0.0,0.0,0.0,0.0,0.0,0.0,0.0
2021-02-03,0,0,0,0,0,0.0,0.0,0.0,0.0,0.0,0.0,0.0
2021-02-04,0,0,316,0,0,0.0,0.0,0.0,0.0,0.0,0.0,0.0
2021-02-05,0,0,0,0,0,0.0,0.0,0.0,0.0,0.0,0.0,0.0
2021-02-06,0,0,0,0,0,0.0,0.0,0.0,0.0,0.0,0.0,0.0
2021-02-07,0,0,0,0,0,0.0,0.0,0.0,0.0,0.0,0.0,0.0
2021-02-08,0,0,0,0,0,0.0,0.0,0.0,0.0,0.0,0.0,0.0
2021-02-09,0,0,0,0,0,0.0,0.0,0.0,0.0,0.0,0.0,0.0
2021-02-10,0,0,316,0,0,0.0,0.0,0.0,0.0,0.0,0.0,0.0
2021-02-11,0,0,0,0,0,0.0,0.0,0.0,0.0,0.0,0.0,0.0
2021-02-12,0,0,0,0,0,0.0,0.0,0.0,0.0,0.0,0.0,0.0
2021-02-13,0,0,0,0,0,0.0,0.0,0.0,0.0,0.0,0.0,0.0
2021-02-14,0,0,0,0,0,0.0,0.0,0.0,0.0,0.0,0.0,0.0
2021-02-15,0,0,0,0,1,0.0,0.0,0.0,0.0,0.0,0.0,0.0
2021-02-16,0,0,0,0,0,0.0,0.0,0.0,0.0,0.0,0.0,0.0
2021-02-17,0,0,0,0,0,0.0,0.0,0.0,0.0,0.0,0.0,0.0
2021-02-18,0,0,0,0,0,0.0,0.0,0.0,0.0,0.0,0.0,0.0
2021-02-19,0,0,0,0,0,0.0,0.0,0.0,0.0,0.0,0.0,0.0
2021-02-20,0,0,0,0,0,0.0,0.0,0.0,0.0,0.0,0.0,0.0
2021-02-21,0,0,316,0,0,0.0,0.0,0.0,0.0,0.0,0.0,0.0
2021-02-22,0,0,0,0,0,0.0,0.0,0.0,0.0,0.0,0.0,0.0
2021-02-23,0,0,0,0,0,0.0,0.0,0.0,0.0,0.0,0.0,0.0
2021-02-24,0,0,0,0,0,0.0,0.0,0.0,0.0,0.0,0.0,0.0
2021-02-25,0,0,0,0,0,0.0,0.0,0.0,0.0,0.0,0.0,0.0
2021-02-26,0,0,0,0,0,0.0,0.0,0.0,0.0,0.0,0.0,0.0
2021-02-27,0,0,0,0,0,0.0,0.0,0.0,0.0,0.0,0.0,0.0
2021-02-28,0,0,0,0,0,0.0,0.0,0.0,0.0,0.0,0.0,0.0
2021-03-01,0,0,0,0,0,0.0,0.0,0.0,0.0,0.0,0.0,0.0
2021-03-02,0,0,0,0,0,0.0,0.0,0.0,0.0,0.0,0.0,0.0
2021-03-03,0,0,0,0,0,0.0,0.0,0.0,0.0,0.0,0.0,0.0
2021-03-04,0,0,316,0,0,0.0,0.0,0.0,0.0,0.0,0.0,0.0
2021-03-05,0,0,0,0,0,0.0,0.0,0.0,0.0,0.0,0.0,0.0
2021-03-06,0,0,0,0,0,0.0,0.0,0.0,0.0,0.0,0.0,0.0
2021-03-07,0,0,316,0,0,0.0,0.0,0.0,0.0,0.0,0.0,0.0
2021-03-08,0,0,0,0,0,0.0,0.0,0.0,0.0,0.0,0.0,0.0
2021-03-09,0,0,0,0,0,0.0,0.0,0.0,0.0,0.0,0.0,0.0
2021-03-10,0,0,0,0,0,0.0,0.0,0.0,0.0,0.0,0.0,0.0
2021-03-11,0,0,0,0,0,0.0,0.0,0.0,0.0,0.0,0.0,0.0
2021-03-12,0,0,0,0,0,0.0,0.0,0.0,0.0,0.0,0.0,0.0
2021-03-13,0,0,0,15831,0,0.0,0.0,0.0,0.0,0.0,0.0,0.0
2021-03-14,0,0,0,15831,0,0.0,0.0,0.0,0.0,0.0,0.0,0.0
2021-03-15,0,0,0,15831,0,0.0,0.0,0.0,0.0,0.0,0.0,0.0
2021-03-16,0,0,0,15831,0,0.0,0.0,0.0,0.0,0.0,0.0,0.0
2021-03-17,0,0,0,15831,0,0.0,0.0,0.0,0.0,0.0,0.0,0.0
2021-03-18,0,0,0,15831,0,0.0,0.0,0.0,0.0,0.0,0.0,0.0
2021-03-19,0,0,0,15831,0,0.0,0.0,0.0,0.0,0.0,0.0,0.0
2021-03-20,0,0,0,15831,0,0.0,0.0,0.0,0.0,0.0,0.0,0.0
2021-03-21,0,0,0,15831,0,0.0,0.0,0.0,0.0,0.0,0.0,0.0
2021-03-22,0,0,0,0,0,0.0,0.0,0.0,0.0,0.0,0.0,0.0
2021-03-23,0,0,0,0,0,0.0,0.0,0.0,0.0,0.0,0.0,0.0
2021-03-24,0,0,0,0,0,0.0,0.0,0.0,0.0,0.0,0.0,0.0
2021-03-25,0,0,0,0,0,0.0,0.0,0.0,0.0,0.0,0.0,0.0
2021-03-26,0,0,0,0,0,0.0,0.0,0.0,0.0,0.0,0.0,0.0
2021-03-27,0,0,0,0,0,0.0,0.0,0.0,0.0,0.0,0.0,0.0
2021-03-28,0,0,0,0,0,0.0,0.0,0.0,0.0,0.0,0.0,0.0
2021-03-29,0,0,0,0,0,0.0,0.0,0.0,0.0,0.0,0.0,0.0
2021-03-30,0,0,0,0,0,0.0,0.0,0.0,0.0,0.0,0.0,0.0
2021-03-31,0,0,0,0,0,0.0,0.0,0.0,0.0,0.0,0.0,0.0
2021-04-01,0,0,0,0,0,0.0,0.0,0.0,0.0,0.0,0.0,0.0
2021-04-02,0,0,0,0,0,0.0,0.0,0.0,0.0,0.0,0.0,0.0
2021-04-03,0,0,0,0,0,0.0,0.0,0.0,0.0,0.0,0.0,0.0
2021-04-04,0,0,0,0,0,0.0,0.0,0.0,0.0,0.0,0.0,0.0
2021-04-05,0,0,0,0,0,0.0,0.0,0.0,0.0,0.0,0.0,0.0
2021-04-06,0,0,0,0,0,0.0,0.0,0.0,0.0,0.0,0.0,0.0
2021-04-07,0,0,0,0,0,0.0,0.0,0.0,0.0,0.0,0.0,0.0
2021-04-08,0,0,0,0,0,0.0,0.0,0.0,0.0,0.0,0.0,0.0
2021-04-09,0,0,0,0,0,0.0,0.0,0.0,0.0,0.0,0.0,0.0
2021-04-10,0,0,0,0,0,0.0,0.0,0.0,0.0,0.0,0.0,0.0
2021-04-11,0,0,0,0,0,0.0,0.0,0.0,0.0,0.0,0.0,0.0
2021-04-12,0,0,0,0,0,17.0,0.0,0.0,0.0,0.0,0.0,0.0
2021-04-13,0,0,0,0,0,30.0,0.0,0.0,0.0,0.0,0.0,0.0
2021-04-14,0,0,0,0,0,49.0,0.0,0.0,0.0,0.0,0.0,0.0
2021-04-15,142,0,0,0,0,29.0,0.0,0.0,0.0,0.0,0.0,0.0
2021-04-16,0,0,0,0,0,13.0,0.0,0.0,0.0,0.0,0.0,0.0
2021-04-17,0,0,0,0,0,0.0,0.0,0.0,0.0,0.0,0.0,0.0
2021-04-18,0,0,0,0,0,20.0,0.0,0.0,0.0,0.0,0.0,0.0
2021-04-19,0,0,0,0,0,34.0,0.0,0.0,0.0,0.0,0.0,0.0
2021-04-20,0,0,0,0,0,56.0,0.0,0.0,0.0,0.0,0.0,0.0
2021-04-21,0,0,0,0,0,65.0,0.0,0.0,0.0,0.0,0.0,0.0
2021-04-22,0,0,0,0,0,65.0,0.0,0.0,0.0,0.0,0.0,0.0
2021-04-23,0,0,0,0,0,39.0,0.0,0.0,0.0,0.0,0.0,0.0
2021-04-24,0,0,0,0,0,30.0,0.0,0.0,0.0,0.0,0.0,0.0
2021-04-25,0,0,0,0,0,49.0,0.0,0.0,0.0,0.0,0.0,0.0
2021-04-26,0,0,0,0,0,29.0,0.0,0.0,0.0,0.0,0.0,0.0
2021-04-27,0,0,0,0,0,13.0,0.0,0.0,0.0,0.0,0.0,0.0
2021-04-28,0,0,0,0,0,0.0,0.0,0.0,0.0,0.0,0.0,0.0
2021-04-29,0,0,0,0,0,0.0,0.0,0.0,0.0,0.0,0.0,0.0
2021-04-30,0,0,0,0,0,0.0,0.0,0.0,0.0,0.0,0.0,0.0
2021-05-01,0,0,0,0,0,0.0,0.0,0.0,0.0,0.0,0.0,0.0
2021-05-02,0,0,0,0,0,0.0,0.0,0.0,0.0,0.0,0.0,0.0
2021-05-03,0,0,0,0,0,0.0,0.0,0.0,0.0,0.0,0.0,0.0
2021-05-04,317,0,0,0,0,0.0,0.0,0.0,0.0,0.0,0.0,0.0
2021-05-05,0,0,0,0,0,0.0,0.0,0.0,0.0,0.0,0.0,0.0
2021-05-06,0,0,0,0,0,0.0,0.0,0.0,0.0,0.0,0.0,0.0
2021-05-07,0,0,0,0,0,0.0,0.0,0.0,0.0,0.0,0.0,0.0
2021-05-08,0,0,0,0,0,0.0,0.0,0.0,0.0,0.0,0.0,0.0
2021-05-09,0,0,0,0,0,0.0,0.0,0.0,0.0,0.0,0.0,0.0
2021-05-10,0,0,0,0,0,17.0,0.0,0.0,0.0,0.0,0.0,0.0
2021-05-11,0,0,0,0,0,30.0,0.0,0.0,0.0,0.0,0.0,0.0
2021-05-12,0,0,0,0,0,49.0,0.0,0.0,0.0,0.0,0.0,0.0
2021-05-13,0,0,0,0,0,29.0,0.0,0.0,0.0,0.0,0.0,0.0
2021-05-14,0,0,0,0,0,13.0,0.0,0.0,0.0,0.0,0.0,0.0
2021-05-15,261,0,0,0,0,0.0,0.0,0.0,0.0,0.0,0.0,0.0
2021-05-16,261,0,0,0,0,0.0,0.0,0.0,0.0,0.0,0.0,0.0
2021-05-17,0,0,0,0,0,0.0,0.0,0.0,0.0,0.0,0.0,0.0
2021-05-18,0,0,0,0,0,0.0,0.0,0.0,0.0,0.0,0.0,0.0
2021-05-19,0,0,0,0,0,0.0,0.0,0.0,0.0,0.0,0.0,0.0
2021-05-20,0,0,0,0,0,0.0,0.0,0.0,0.0,0.0,0.0,0.0
2021-05-21,0,0,0,0,0,0.0,0.0,0.0,0.0,0.0,0.0,0.0
2021-05-22,0,0,0,0,0,0.0,0.0,0.0,0.0,0.0,0.0,0.0
2021-05-23,0,0,0,0,0,0.0,0.0,0.0,0.0,0.0,0.0,0.0
2021-05-24,0,0,0,0,0,0.0,0.0,0.0,0.0,0.0,0.0,0.0
2021-05-25,0,0,0,15831,0,0.0,0.0,0.0,0.0,0.0,0.0,0.0
2021-05-26,0,0,0,15831,0,0.0,0.0,0.0,0.0,0.0,0.0,0.0
2021-05-27,0,0,0,15831,0,17.0,0.0,0.0,0.0,0.0,0.0,0.0
2021-05-28,0,0,0,15831,0,30.0,0.0,0.0,0.0,0.0,0.0,0.0
2021-05-29,0,0,0,15831,0,49.0,0.0,0.0,0.0,0.0,0.0,0.0
2021-05-30,0,0,0,15831,0,29.0,0.0,0.0,0.0,0.0,0.0,0.0
2021-05-31,0,0,0,15831,1,13.0,0.0,0.0,0.0,0.0,0.0,0.0
2021-06-01,0,0,0,15831,0,0.0,0.0,0.0,0.0,0.0,0.0,0.0
2021-06-02,0,0,0,15831,0,0.0,0.0,0.0,0.0,0.0,0.0,0.0
2021-06-03,0,0,0,15831,0,0.0,0.0,0.0,0.0,0.0,0.0,0.0
2021-06-04,0,0,0,15831,0,0.0,0.0,0.0,0.0,0.0,0.0,0.0
2021-06-05,0,0,0,15831,0,0.0,0.0,0.0,0.0,0.0,0.0,0.0
2021-06-06,0,0,0,15831,0,0.0,0.0,0.0,0.0,0.0,0.0,0.0
2021-06-07,0,0,0,15831,0,0.0,0.0,0.0,0.0,0.0,0.0,0.0
2021-06-08,0,0,0,15831,0,0.0,0.0,0.0,0.0,0.0,0.0,0.0
2021-06-09,0,0,0,15831,0,0.0,0.0,0.0,0.0,0.0,0.0,0.0
2021-06-10,297,0,0,15831,0,0.0,0.0,0.0,0.0,0.0,0.0,0.0
2021-06-11,0,0,0,15831,0,0.0,0.0,0.0,0.0,0.0,0.0,0.0
2021-06-12,0,0,0,15831,0,0.0,0.0,0.0,0.0,0.0,0.0,0.0
2021-06-13,0,0,0,15831,0,0.0,0.0,0.0,0.0,0.0,0.0,0.0
2021-06-14,0,0,0,15831,0,0.0,0.0,0.0,0.0,0.0,0.0,0.0
2021-06-15,0,0,0,15831,0,0.0,0.0,0.0,0.0,0.0,0.0,0.0
2021-06-16,0,0,0,15831,0,0.0,0.0,0.0,0.0,0.0,0.0,0.0
2021-06-17,0,0,0,15831,0,0.0,0.0,0.0,0.0,0.0,0.0,0.0
2021-06-18,0,0,0,15831,2,0.0,0.0,0.0,0.0,0.0,56.0,0.0
2021-06-19,0,0,0,15831,2,0.0,0.0,0.0,0.0,0.0,56.0,0.0
2021-06-20,0,0,0,15831,0,0.0,0.0,0.0,0.0,0.0,25.0,0.0
2021-06-21,0,0,0,15831,0,0.0,0.0,0.0,0.0,0.0,0.0,0.0
2021-06-22,0,0,0,15831,0,0.0,0.0,0.0,0.0,0.0,0.0,0.0
2021-06-23,0,0,0,15831,0,0.0,0.0,0.0,0.0,0.0,0.0,0.0
2021-06-24,0,0,0,15831,0,0.0,0.0,0.0,0.0,0.0,0.0,0.0
2021-06-25,0,0,0,15831,0,0.0,0.0,0.0,0.0,0.0,0.0,0.0
2021-06-26,0,0,0,15831,0,0.0,0.0,0.0,0.0,0.0,0.0,0.0
2021-06-27,0,0,0,15831,0,0.0,0.0,0.0,0.0,0.0,0.0,0.0
2021-06-28,0,0,0,15831,0,0.0,0.0,0.0,0.0,0.0,0.0,0.0
2021-06-29,0,0,0,15831,0,0.0,0.0,0.0,0.0,0.0,0.0,0.0
2021-06-30,0,0,0,15831,0,0.0,0.0,0.0,0.0,0.0,0.0,0.0
2021-07-01,0,0,0,15831,0,0.0,0.0,0.0,0.0,0.0,0.0,0.0
2021-07-02,0,0,0,15831,0,0.0,0.0,0.0,0.0,0.0,0.0,0.0
2021-07-03,0,0,0,15831,0,0.0,0.0,0.0,0.0,0.0,0.0,0.0
2021-07-04,0,0,0,15831,1,0.0,0.0,0.0,0.0,0.0,0.0,0.0
2021-07-05,0,0,0,15831,1,0.0,0.0,0.0,0.0,0.0,0.0,0.0
2021-07-06,0,0,0,15831,0,0.0,0.0,0.0,0.0,0.0,0.0,0.0
2021-07-07,0,0,0,15831,0,0.0,0.0,0.0,0.0,0.0,0.0,0.0
2021-07-08,0,0,0,15831,0,0.0,0.0,0.0,0.0,0.0,0.0,0.0
2021-07-09,0,0,0,15831,0,0.0,0.0,0.0,0.0,0.0,0.0,0.0
2021-07-10,0,0,0,15831,0,0.0,0.0,0.0,0.0,0.0,0.0,0.0
2021-07-11,0,0,0,15831,0,0.0,0.0,0.0,0.0,0.0,0.0,0.0
2021-07-12,0,0,0,15831,0,0.0,0.0,0.0,0.0,0.0,0.0,0.0
2021-07-13,0,0,0,15831,0,0.0,0.0,0.0,0.0,0.0,0.0,16.0
2021-07-14,0,0,0,15831,0,0.0,0.0,0.0,0.0,0.0,0.0,60.0
2021-07-15,0,0,0,15831,0,0.0,0.0,0.0,0.0,0.0,0.0,0.0
2021-07-16,0,0,0,15831,0,0.0,0.0,0.0,0.0,0.0,0.0,0.0
2021-07-17,0,0,0,15831,0,0.0,0.0,0.0,0.0,0.0,0.0,0.0
2021-07-18,0,0,0,15831,0,0.0,0.0,0.0,0.0,0.0,0.0,0.0
2021-07-19,0,0,0,15831,0,0.0,0.0,0.0,0.0,0.0,0.0,0.0
2021-07-20,0,0,0,15831,0,0.0,0.0,0.0,0.0,0.0,0.0,0.0
2021-07-21,0,0,0,15831,0,0.0,0.0,0.0,7.0,0.0,0.0,0.0
2021-07-22,0,0,0,15831,0,0.0,0.0,0.0,21.0,0.0,0.0,0.0
2021-07-23,0,0,0,15831,0,0.0,0.0,0.0,62.0,0.0,0.0,0.0
2021-07-24,0,0,0,15831,0,0.0,0.0,0.0,65.0,0.0,0.0,0.0
2021-07-25,0,0,0,15831,0,0.0,0.0,0.0,32.0,0.0,0.0,0.0
2021-07-26,0,0,0,15831,0,0.0,0.0,0.0,14.0,0.0,0.0,0.0
2021-07-27,0,0,0,15831,0,0.0,0.0,0.0,31.0,0.0,0.0,0.0
2021-07-28,0,0,0,15831,0,0.0,0.0,0.0,65.0,0.0,0.0,0.0
2021-07-29,0,0,0,15831,0,0.0,0.0,0.0,65.0,0.0,0.0,0.0
2021-07-30,0,0,0,15831,0,0.0,0.0,0.0,35.0,0.0,0.0,0.0
2021-07-31,0,0,0,15831,0,0.0,0.0,0.0,22.0,0.0,0.0,0.0
2021-08-01,0,0,0,15831,0,0.0,0.0,0.0,13.0,0.0,0.0,0.0
2021-08-02,0,0,0,15831,0,0.0,0.0,0.0,0.0,0.0,0.0,0.0
2021-08-03,0,0,0,15831,0,0.0,0.0,0.0,0.0,0.0,0.0,0.0
2021-08-04,0,0,0,15831,0,0.0,0.0,0.0,0.0,0.0,0.0,0.0
2021-08-05,0,0,0,15831,0,0.0,0.0,0.0,0.0,0.0,0.0,0.0
2021-08-06,0,0,0,15831,0,0.0,0.0,0.0,0.0,0.0,0.0,0.0
2021-08-07,0,0,0,15831,0,0.0,0.0,0.0,0.0,0.0,0.0,0.0
2021-08-08,0,0,0,15831,0,0.0,0.0,0.0,13.0,0.0,0.0,0.0
2021-08-09,0,0,0,15831,0,0.0,0.0,0.0,31.0,0.0,0.0,0.0
2021-08-10,0,0,0,15831,0,0.0,0.0,0.0,65.0,0.0,0.0,0.0
2021-08-11,0,0,0,15831,0,0.0,0.0,0.0,65.0,0.0,0.0,0.0
2021-08-12,0,0,0,15831,0,0.0,0.0,0.0,35.0,0.0,0.0,0.0
2021-08-13,0,0,0,15831,0,0.0,0.0,0.0,22.0,0.0,0.0,0.0
2021-08-14,0,0,0,15831,0,0.0,0.0,0.0,13.0,0.0,0.0,0.0
2021-08-15,0,0,0,15831,0,0.0,0.0,0.0,0.0,0.0,0.0,0.0
2021-08-16,0,0,0,15831,0,0.0,0.0,0.0,0.0,0.0,0.0,0.0
2021-08-17,0,0,0,15831,0,0.0,0.0,0.0,0.0,0.0,0.0,0.0
2021-08-18,0,0,0,15831,0,0.0,0.0,0.0,0.0,0.0,0.0,0.0
2021-08-19,0,0,0,15831,0,0.0,0.0,0.0,0.0,0.0,0.0,0.0
2021-08-20,0,0,0,15831,0,0.0,0.0,0.0,0.0,0.0,0.0,0.0
2021-08-21,280,0,0,15831,0,0.0,0.0,0.0,6.0,0.0,0.0,0.0
2021-08-22,0,0,0,15831,0,0.0,0.0,0.0,13.0,0.0,0.0,0.0
2021-08-23,0,0,0,0,0,0.0,0.0,0.0,31.0,0.0,0.0,0.0
2021-08-24,0,0,0,0,0,0.0,0.0,0.0,65.0,0.0,56.0,0.0
2021-08-25,0,0,0,0,0,0.0,0.0,0.0,35.0,0.0,25.0,0.0
2021-08-26,0,0,0,0,0,0.0,0.0,0.0,22.0,0.0,0.0,0.0
2021-08-27,0,0,0,0,0,0.0,0.0,0.0,13.0,0.0,0.0,0.0
2021-08-28,0,0,0,0,0,0.0,0.0,0.0,0.0,0.0,0.0,0.0
2021-08-29,0,0,0,0,0,0.0,0.0,0.0,0.0,0.0,0.0,0.0
2021-08-30,0,0,0,0,0,0.0,0.0,0.0,0.0,0.0,0.0,0.0
2021-08-31,0,0,0,0,0,0.0,0.0,0.0,0.0,0.0,0.0,0.0
2021-09-01,0,0,0,0,0,0.0,0.0,0.0,0.0,0.0,0.0,0.0
2021-09-02,0,0,0,0,0,0.0,0.0,0.0,0.0,0.0,0.0,0.0
2021-09-03,0,0,0,0,0,0.0,0.0,0.0,0.0,0.0,0.0,0.0
2021-09-04,0,0,68166,0,0,0.0,0.0,0.0,0.0,0.0,0.0,0.0
2021-09-05,0,0,0,0,0,0.0,0.0,0.0,0.0,0.0,0.0,0.0
2021-09-06,0,0,0,0,2,0.0,0.0,0.0,0.0,0.0,0.0,0.0
2021-09-07,0,0,0,0,0,0.0,0.0,0.0,0.0,0.0,0.0,0.0
2021-09-08,0,0,0,0,0,0.0,0.0,0.0,0.0,0.0,0.0,0.0
2021-09-09,0,0,0,0,0,0.0,0.0,0.0,0.0,0.0,0.0,0.0
2021-09-10,0,0,0,0,0,0.0,0.0,0.0,0.0,0.0,0.0,0.0
2021-09-11,0,0,0,0,0,0.0,0.0,0.0,0.0,0.0,0.0,0.0
2021-09-12,0,0,0,0,0,0.0,0.0,0.0,0.0,0.0,0.0,0.0
2021-09-13,0,0,0,0,0,0.0,0.0,0.0,0.0,0.0,0.0,0.0
2021-09-14,0,0,0,0,0,0.0,0.0,0.0,0.0,0.0,0.0,0.0
2021-09-15,0,0,0,0,0,0.0,0.0,0.0,0.0,0.0,0.0,0.0
2021-09-16,0,0,0,0,0,0.0,0.0,0.0,0.0,0.0,0.0,0.0
2021-09-17,0,0,0,0,0,0.0,0.0,0.0,0.0,0.0,0.0,0.0
2021-09-18,286,0,61932,0,0,0.0,0.0,0.0,0.0,0.0,0.0,0.0
2021-09-19,0,0,0,0,0,0.0,0.0,0.0,0.0,0.0,54.0,0.0
2021-09-20,0,0,0,0,0,0.0,0.0,0.0,0.0,0.0,56.0,0.0
2021-09-21,0,0,0,0,0,0.0,0.0,0.0,0.0,0.0,23.0,0.0
2021-09-22,0,0,0,0,0,0.0,0.0,0.0,0.0,0.0,0.0,0.0
2021-09-23,0,0,0,0,0,0.0,0.0,0.0,0.0,0.0,0.0,0.0
2021-09-24,252,0,0,0,0,0.0,0.0,0.0,0.0,0.0,0.0,0.0
2021-09-25,280,0,65456,0,0,0.0,0.0,0.0,0.0,0.0,0.0,0.0
2021-09-26,0,0,0,0,0,0.0,0.0,0.0,0.0,0.0,0.0,0.0
2021-09-27,0,0,0,0,0,0.0,0.0,0.0,0.0,0.0,0.0,0.0
2021-09-28,0,0,0,0,0,0.0,0.0,0.0,0.0,0.0,0.0,0.0
2021-09-29,0,0,0,0,0,0.0,0.0,0.0,0.0,0.0,0.0,0.0
2021-09-30,0,0,0,0,0,0.0,0.0,0.0,0.0,0.0,0.0,0.0
2021-10-01,0,0,2963,0,0,0.0,0.0,0.0,0.0,0.0,0.0,0.0
2021-10-02,0,0,2963,0,0,0.0,0.0,0.0,0.0,0.0,0.0,0.0
2021-10-03,0,0,0,0,0,0.0,0.0,0.0,0.0,0.0,0.0,0.0
2021-10-04,140,0,0,0,0,0.0,0.0,0.0,0.0,0.0,0.0,0.0
2021-10-05,0,0,0,0,0,0.0,0.0,0.0,0.0,0.0,0.0,0.0
2021-10-06,0,0,0,0,0,0.0,0.0,0.0,0.0,0.0,0.0,0.0
2021-10-07,176,0,0,0,0,0.0,0.0,0.0,0.0,0.0,0.0,0.0
2021-10-08,216,0,0,0,0,0.0,0.0,0.0,0.0,0.0,0.0,0.0
2021-10-09,0,0,69250,0,0,0.0,0.0,0.0,0.0,0.0,0.0,0.0
2021-10-10,304,0,0,0,0,0.0,0.0,0.0,0.0,0.0,0.0,0.0
2021-10-11,0,0,0,0,2,0.0,0.0,0.0,0.0,0.0,0.0,0.0
2021-10-12,0,0,0,0,0,0.0,0.0,0.0,0.0,0.0,0.0,0.0
2021-10-13,0,0,0,0,0,0.0,0.0,0.0,0.0,0.0,0.0,0.0
2021-10-14,204,0,0,0,0,0.0,0.0,0.0,0.0,0.0,0.0,0.0
2021-10-15,0,0,0,0,0,0.0,0.0,0.0,0.0,0.0,0.0,0.0
2021-10-16,0,0,69250,0,0,0.0,0.0,0.0,0.0,0.0,0.0,0.0
2021-10-17,0,0,0,0,0,0.0,0.0,0.0,0.0,0.0,0.0,0.0
2021-10-18,0,0,0,0,0,0.0,0.0,0.0,0.0,0.0,0.0,0.0
2021-10-19,0,0,0,0,0,0.0,0.0,0.0,0.0,0.0,0.0,0.0
2021-10-20,0,0,0,0,0,18.0,0.0,0.0,0.0,0.0,0.0,0.0
2021-10-21,0,0,0,0,0,33.0,0.0,0.0,0.0,0.0,0.0,0.0
2021-10-22,0,0,0,0,0,49.0,0.0,0.0,0.0,0.0,0.0,0.0
2021-10-23,220,0,0,0,0,49.0,0.0,0.0,0.0,0.0,0.0,0.0
2021-10-24,0,0,0,0,0,23.0,0.0,0.0,0.0,0.0,0.0,0.0
2021-10-25,245,0,0,0,0,14.0,0.0,0.0,0.0,0.0,0.0,0.0
2021-10-26,0,0,0,0,0,8.0,0.0,0.0,0.0,0.0,0.0,0.0
2021-10-27,0,0,0,0,0,0.0,0.0,0.0,0.0,0.0,0.0,0.0
2021-10-28,0,0,0,0,0,0.0,0.0,0.0,0.0,0.0,0.0,0.0
2021-10-29,0,0,0,0,0,0.0,0.0,0.0,0.0,0.0,0.0,0.0
2021-10-30,0,0,0,0,0,15.0,0.0,0.0,0.0,0.0,0.0,0.0
2021-10-31,0,0,0,0,0,34.0,0.0,0.0,0.0,0.0,0.0,0.0
2021-11-01,525,0,0,0,0,65.0,0.0,0.0,0.0,0.0,0.0,0.0
2021-11-02,128,0,0,0,0,0.0,0.0,0.0,0.0,0.0,0.0,0.0
2021-11-03,974,0,0,0,0,0.0,0.0,0.0,0.0,0.0,0.0,0.0
2021-11-04,0,0,0,0,0,0.0,0.0,0.0,0.0,0.0,0.0,0.0
2021-11-05,0,0,8085,0,0,0.0,0.0,0.0,0.0,0.0,0.0,0.0
2021-11-06,0,0,0,0,0,0.0,0.0,0.0,0.0,0.0,0.0,0.0
2021-11-07,656,0,0,0,0,0.0,0.0,0.0,0.0,0.0,0.0,0.0
2021-11-08,0,0,0,0,0,0.0,0.0,0.0,0.0,0.0,0.0,0.0
2021-11-09,0,0,15613,0,0,0.0,0.0,0.0,0.0,0.0,0.0,0.0
2021-11-10,0,0,0,0,0,0.0,0.0,0.0,0.0,0.0,0.0,0.0
2021-11-11,0,0,4141,0,2,0.0,0.0,0.0,0.0,0.0,0.0,0.0
2021-11-12,0,0,9667,0,0,0.0,0.0,0.0,0.0,0.0,0.0,0.0
2021-11-13,305,0,69250,0,0,0.0,0.0,0.0,0.0,0.0,0.0,0.0
2021-11-14,0,0,0,0,0,0.0,0.0,0.0,0.0,0.0,0.0,0.0
2021-11-15,0,0,0,0,0,0.0,0.0,0.0,0.0,0.0,0.0,0.0
2021-11-16,0,0,10869,0,0,0.0,0.0,0.0,0.0,0.0,0.0,0.0
2021-11-17,0,0,4446,0,0,0.0,0.0,0.0,0.0,0.0,0.0,0.0
2021-11-18,0,0,8903,0,0,0.0,0.0,0.0,0.0,0.0,0.0,0.0
2021-11-19,176,0,15500,0,0,0.0,0.0,0.0,0.0,0.0,0.0,0.0
2021-11-20,0,0,64132,0,0,0.0,0.0,0.0,0.0,0.0,0.0,0.0
2021-11-21,0,0,0,0,0,0.0,0.0,0.0,0.0,0.0,0.0,0.0
2021-11-22,0,0,9303,0,0,0.0,0.0,0.0,0.0,0.0,0.0,0.0
2021-11-23,0,0,0,0,0,0.0,0.0,0.0,0.0,0.0,0.0,0.0
2021-11-24,0,0,0,15831,0,0.0,0.0,0.0,0.0,0.0,0.0,0.0
2021-11-25,0,0,0,15831,2,0.0,0.0,0.0,0.0,0.0,0.0,0.0
2021-11-26,0,0,11056,15831,1,0.0,0.0,0.0,0.0,0.0,0.0,0.0
2021-11-27,0,0,15500,15831,0,0.0,0.0,0.0,0.0,0.0,0.0,0.0
2021-11-28,0,0,15500,15831,0,0.0,0.0,0.0,0.0,0.0,0.0,0.0
2021-11-29,0,0,0,0,0,0.0,0.0,0.0,0.0,0.0,0.0,0.0
2021-11-30,0,0,0,0,0,0.0,0.0,0.0,0.0,0.0,0.0,0.0
2021-12-01,0,0,0,0,0,0.0,0.0,0.0,0.0,0.0,0.0,0.0
2021-12-02,0,0,0,0,0,0.0,0.0,0.0,0.0,0.0,0.0,0.0
2021-12-03,0,0,0,0,0,0.0,0.0,0.0,0.0,0.0,0.0,0.0
2021-12-04,152,0,0,0,0,0.0,0.0,0.0,0.0,0.0,0.0,0.0
2021-12-05,0,0,6130,0,0,0.0,0.0,0.0,0.0,0.0,0.0,0.0
2021-12-06,0,0,11854,0,0,0.0,0.0,0.0,0.0,0.0,0.0,0.0
2021-12-07,0,0,0,0,0,0.0,0.0,0.0,0.0,0.0,0.0,0.0
2021-12-08,176,0,0,0,0,0.0,0.0,0.0,0.0,0.0,0.0,0.0
2021-12-09,0,0,0,0,0,0.0,0.0,0.0,0.0,0.0,0.0,0.0
2021-12-10,0,0,0,0,0,0.0,0.0,0.0,0.0,0.0,0.0,0.0
2021-12-11,0,0,0,0,0,0.0,0.0,0.0,0.0,0.0,0.0,0.0
2021-12-12,0,0,0,0,0,0.0,0.0,0.0,0.0,0.0,0.0,0.0
2021-12-13,0,0,0,0,0,0.0,0.0,0.0,0.0,0.0,0.0,0.0
2021-12-14,0,0,0,0,0,0.0,0.0,0.0,0.0,0.0,31.0,0.0
2021-12-15,0,0,0,0,0,0.0,0.0,0.0,0.0,0.0,86.0,0.0
2021-12-16,0,0,0,0,0,0.0,0.0,0.0,0.0,0.0,34.0,0.0
2021-12-17,0,0,0,0,0,0.0,0.0,0.0,0.0,0.0,0.0,0.0
2021-12-18,0,0,7078,15831,0,0.0,0.0,0.0,0.0,0.0,0.0,0.0
2021-12-19,0,0,0,15831,0,0.0,0.0,0.0,0.0,0.0,0.0,0.0
2021-12-20,0,0,0,15831,0,0.0,0.0,0.0,0.0,0.0,0.0,0.0
2021-12-21,0,0,15666,15831,0,0.0,0.0,0.0,0.0,0.0,0.0,0.0
2021-12-22,0,0,0,15831,0,0.0,0.0,0.0,0.0,0.0,0.0,0.0
2021-12-23,0,0,0,15831,0,0.0,0.0,0.0,0.0,0.0,0.0,0.0
2021-12-24,0,0,0,15831,2,0.0,0.0,0.0,0.0,0.0,0.0,0.0
2021-12-25,0,0,0,15831,2,0.0,0.0,0.0,0.0,0.0,0.0,0.0
2021-12-26,0,0,0,15831,0,0.0,0.0,0.0,0.0,0.0,0.0,0.0
2021-12-27,0,0,0,15831,0,0.0,0.0,0.0,0.0,0.0,0.0,0.0
2021-12-28,0,0,0,15831,0,0.0,0.0,0.0,0.0,0.0,0.0,0.0
2021-12-29,0,0,13161,15831,0,0.0,0.0,0.0,0.0,0.0,0.0,0.0
2021-12-30,0,0,0,15831,0,0.0,0.0,0.0,0.0,0.0,0.0,0.0
2021-12-31,0,0,0,15831,2,0.0,41.0,0.0,0.0,0.0,0.0,0.0
2022-01-01,0,0,0,15831,2,0.0,80.0,0.0,0.0,0.0,0.0,0.0
2022-01-02,0,0,4321,15831,0,0.0,0.0,0.0,0.0,0.0,0.0,0.0
2022-01-03,0,0,12270,0,0,0.0,0.0,0.0,0.0,0.0,0.0,0.0
2022-01-04,0,0,0,0,0,0.0,0.0,0.0,0.0,0.0,0.0,0.0
2022-01-05,0,0,0,0,0,0.0,0.0,0.0,0.0,0.0,0.0,0.0
2022-01-06,0,0,4253,0,0,0.0,0.0,0.0,0.0,0.0,0.0,0.0
2022-01-07,0,0,15500,0,0,0.0,0.0,0.0,0.0,0.0,0.0,0.0
2022-01-08,0,0,0,0,0,0.0,0.0,0.0,0.0,0.0,0.0,0.0
2022-01-09,0,0,15500,0,0,0.0,0.0,0.0,0.0,0.0,0.0,0.0
2022-01-10,0,0,0,0,0,0.0,0.0,0.0,0.0,0.0,0.0,0.0
2022-01-11,0,0,0,0,0,0.0,0.0,0.0,0.0,0.0,0.0,0.0
2022-01-12,0,0,0,0,0,0.0,0.0,0.0,0.0,0.0,0.0,0.0
2022-01-13,0,0,12445,0,0,0.0,0.0,0.0,0.0,0.0,0.0,0.0
2022-01-14,0,0,0,0,0,0.0,41.0,0.0,0.0,0.0,0.0,0.0
2022-01-15,0,0,0,0,0,0.0,80.0,0.0,0.0,0.0,0.0,0.0
2022-01-16,0,0,6200,0,0,0.0,0.0,0.0,0.0,0.0,0.0,0.0
2022-01-17,0,0,0,0,2,0.0,0.0,0.0,0.0,0.0,0.0,0.0
2022-01-18,0,0,0,0,0,0.0,0.0,0.0,0.0,0.0,0.0,0.0
2022-01-19,1515,0,0,0,0,0.0,0.0,0.0,0.0,0.0,0.0,0.0
2022-01-20,0,0,0,0,0,0.0,0.0,0.0,0.0,0.0,0.0,0.0
2022-01-21,1517,0,0,0,0,0.0,0.0,0.0,0.0,0.0,0.0,0.0
2022-01-22,0,0,14025,0,0,0.0,0.0,0.0,0.0,0.0,0.0,0.0
2022-01-23,0,0,0,0,0,0.0,0.0,0.0,0.0,0.0,0.0,0.0
2022-01-24,0,0,0,0,0,0.0,0.0,0.0,0.0,0.0,0.0,0.0
2022-01-25,0,0,0,0,0,0.0,0.0,0.0,0.0,0.0,0.0,0.0
2022-01-26,0,0,0,0,0,0.0,0.0,0.0,0.0,0.0,0.0,0.0
2022-01-27,0,0,12369,0,0,0.0,0.0,0.0,0.0,0.0,0.0,0.0
2022-01-28,0,0,15500,0,0,0.0,0.0,0.0,0.0,0.0,0.0,0.0
2022-01-29,104,0,0,0,0,0.0,0.0,0.0,0.0,0.0,0.0,0.0
2022-01-30,0,0,0,0,0,0.0,0.0,0.0,0.0,0.0,0.0,0.0
2022-01-31,0,0,8765,0,0,0.0,0.0,0.0,0.0,0.0,0.0,0.0
2022-02-01,0,0,0,0,0,0.0,0.0,0.0,0.0,0.0,0.0,0.0
2022-02-02,174,0,0,0,0,0.0,0.0,0.0,0.0,0.0,0.0,0.0
2022-02-03,0,0,0,0,0,0.0,0.0,0.0,0.0,0.0,0.0,0.0
2022-02-04,708,0,0,0,0,0.0,0.0,0.0,0.0,0.0,0.0,0.0
2022-02-05,0,0,15500,0,0,0.0,0.0,0.0,0.0,0.0,0.0,0.0
2022-02-06,0,0,11968,0,0,0.0,0.0,0.0,0.0,0.0,0.0,0.0
2022-02-07,0,0,0,0,0,0.0,0.0,0.0,0.0,0.0,0.0,0.0
2022-02-08,0,0,0,0,0,0.0,0.0,0.0,0.0,0.0,0.0,0.0
2022-02-09,0,0,7789,0,0,0.0,0.0,0.0,0.0,0.0,0.0,0.0
2022-02-10,0,0,0,0,0,0.0,0.0,0.0,0.0,0.0,0.0,0.0
2022-02-11,0,0,0,0,0,0.0,0.0,0.0,0.0,0.0,0.0,0.0
2022-02-12,350,0,0,0,0,0.0,0.0,0.0,0.0,0.0,0.0,0.0
2022-02-13,0,0,26234,0,0,0.0,0.0,0.0,0.0,0.0,0.0,0.0
2022-02-14,0,0,9297,0,0,0.0,0.0,0.0,0.0,0.0,0.0,0.0
2022-02-15,0,0,0,0,0,0.0,0.0,0.0,0.0,0.0,0.0,0.0
2022-02-16,0,0,0,0,0,0.0,0.0,0.0,0.0,0.0,0.0,0.0
2022-02-17,197,0,11347,0,0,0.0,0.0,0.0,0.0,0.0,0.0,0.0
2022-02-18,423,0,0,0,0,0.0,0.0,0.0,0.0,0.0,0.0,0.0
2022-02-19,0,0,0,0,0,0.0,0.0,0.0,0.0,0.0,0.0,0.0
2022-02-20,0,0,0,0,0,0.0,0.0,0.0,0.0,0.0,0.0,0.0
2022-02-21,0,0,5353,0,1,0.0,0.0,0.0,0.0,0.0,0.0,0.0
2022-02-22,0,0,12216,0,0,0.0,0.0,0.0,0.0,0.0,0.0,0.0
2022-02-23,0,0,0,0,0,0.0,0.0,0.0,0.0,0.0,0.0,0.0
2022-02-24,0,0,0,0,0,0.0,0.0,0.0,0.0,0.0,0.0,0.0
2022-02-25,0,0,0,0,0,0.0,0.0,0.0,0.0,0.0,0.0,0.0
2022-02-26,0,0,0,0,0,0.0,0.0,0.0,0.0,0.0,0.0,0.0
2022-02-27,0,0,10674,0,0,0.0,0.0,0.0,0.0,0.0,0.0,0.0
2022-02-28,0,0,26287,0,0,0.0,0.0,0.0,0.0,0.0,0.0,0.0
2022-03-01,0,0,0,0,0,0.0,0.0,0.0,0.0,0.0,0.0,0.0
2022-03-02,0,0,0,0,0,0.0,0.0,0.0,0.0,0.0,0.0,0.0
2022-03-03,361,0,0,0,0,0.0,0.0,0.0,0.0,0.0,0.0,0.0
2022-03-04,325,0,0,0,0,0.0,0.0,0.0,0.0,0.0,65.0,0.0
2022-03-05,0,0,0,0,0,0.0,0.0,0.0,0.0,0.0,86.0,60.0
2022-03-06,0,0,0,0,0,0.0,0.0,0.0,0.0,0.0,54.0,46.0
2022-03-07,0,0,0,0,0,0.0,0.0,0.0,0.0,0.0,0.0,11.0
2022-03-08,0,0,0,0,0,0.0,0.0,0.0,0.0,0.0,0.0,0.0
2022-03-09,0,0,0,0,0,0.0,0.0,0.0,0.0,0.0,0.0,0.0
2022-03-10,179,0,0,0,0,0.0,0.0,0.0,0.0,0.0,0.0,0.0
2022-03-11,0,0,0,0,0,0.0,0.0,0.0,0.0,0.0,0.0,0.0
2022-03-12,0,0,0,15831,0,0.0,0.0,0.0,0.0,0.0,0.0,0.0
2022-03-13,453,0,0,15831,0,0.0,0.0,0.0,0.0,0.0,0.0,0.0
2022-03-14,0,0,0,15831,0,0.0,0.0,0.0,0.0,0.0,0.0,0.0
2022-03-15,0,0,0,15831,0,0.0,0.0,0.0,0.0,0.0,0.0,0.0
2022-03-16,350,0,0,15831,0,0.0,0.0,0.0,0.0,0.0,0.0,0.0
2022-03-17,0,0,0,15831,0,0.0,0.0,0.0,0.0,0.0,0.0,0.0
2022-03-18,0,0,15945,15831,0,0.0,0.0,0.0,0.0,0.0,0.0,0.0
2022-03-19,0,0,3000,15831,0,0.0,0.0,0.0,0.0,0.0,0.0,0.0
2022-03-20,102,0,7867,15831,0,0.0,0.0,0.0,0.0,0.0,0.0,0.0
2022-03-21,0,0,0,0,0,0.0,0.0,0.0,0.0,0.0,0.0,0.0
2022-03-22,0,0,0,0,0,0.0,0.0,0.0,0.0,0.0,0.0,0.0
2022-03-23,0,0,0,0,0,0.0,0.0,0.0,0.0,0.0,0.0,0.0
2022-03-24,0,0,0,0,0,0.0,0.0,0.0,0.0,0.0,0.0,0.0
2022-03-25,0,0,0,0,0,0.0,0.0,0.0,0.0,0.0,0.0,0.0
2022-03-26,0,0,3000,0,0,0.0,0.0,0.0,0.0,0.0,0.0,0.0
2022-03-27,0,0,0,0,0,0.0,0.0,0.0,0.0,0.0,0.0,0.0
2022-03-28,0,0,0,0,0,0.0,0.0,0.0,0.0,0.0,0.0,0.0
2022-03-29,0,0,0,0,0,0.0,0.0,0.0,0.0,0.0,0.0,0.0
2022-03-30,0,0,0,0,0,0.0,0.0,0.0,0.0,0.0,0.0,0.0
2022-03-31,0,0,0,0,0,0.0,0.0,2.0,0.0,0.0,0.0,0.0
2022-04-01,0,0,0,0,0,0.0,0.0,6.0,0.0,0.0,0.0,0.0
2022-04-02,0,0,0,0,0,0.0,0.0,16.0,0.0,0.0,0.0,0.0
2022-04-03,631,0,0,0,0,0.0,0.0,30.0,0.0,0.0,0.0,0.0
2022-04-04,0,0,0,0,0,0.0,0.0,30.0,0.0,0.0,0.0,0.0
2022-04-05,0,0,0,0,0,0.0,0.0,30.0,0.0,0.0,0.0,0.0
2022-04-06,0,0,0,0,0,0.0,0.0,30.0,0.0,0.0,0.0,0.0
2022-04-07,0,0,0,0,0,0.0,0.0,30.0,0.0,0.0,0.0,0.0
2022-04-08,0,100,1709,0,0,0.0,0.0,30.0,0.0,0.0,0.0,0.0
2022-04-09,0,100,3000,0,0,0.0,0.0,12.0,0.0,0.0,0.0,0.0
2022-04-10,350,100,254,0,0,0.0,0.0,6.0,0.0,0.0,0.0,0.0
2022-04-11,0,0,0,0,0,0.0,0.0,4.0,0.0,0.0,0.0,0.0
2022-04-12,0,0,0,0,0,0.0,0.0,0.0,0.0,0.0,0.0,0.0
2022-04-13,0,0,0,0,0,0.0,0.0,0.0,0.0,0.0,0.0,0.0
2022-04-14,0,0,0,0,0,0.0,0.0,0.0,0.0,0.0,0.0,0.0
2022-04-15,439,0,1709,0,0,0.0,0.0,0.0,0.0,0.0,0.0,0.0
2022-04-16,0,0,0,0,0,0.0,0.0,0.0,0.0,0.0,0.0,0.0
2022-04-17,0,0,254,0,0,0.0,0.0,0.0,0.0,0.0,0.0,0.0
2022-04-18,0,0,0,0,0,0.0,0.0,0.0,0.0,0.0,0.0,0.0
2022-04-19,0,0,660,0,0,0.0,0.0,0.0,0.0,0.0,0.0,0.0
2022-04-20,397,300,0,0,0,0.0,0.0,0.0,0.0,0.0,0.0,0.0
2022-04-21,0,400,0,0,0,0.0,0.0,42.0,0.0,0.0,0.0,0.0
2022-04-22,0,100,0,0,0,0.0,0.0,56.0,0.0,0.0,0.0,0.0
2022-04-23,0,100,408,0,0,0.0,0.0,20.0,0.0,0.0,0.0,0.0
2022-04-24,0,0,0,0,0,23.0,0.0,7.0,0.0,0.0,0.0,0.0
2022-04-25,0,0,0,0,0,39.0,0.0,0.0,0.0,0.0,0.0,0.0
2022-04-26,0,0,660,0,0,65.0,0.0,0.0,0.0,0.0,0.0,0.0
2022-04-27,144,0,0,0,0,49.0,0.0,0.0,0.0,0.0,0.0,0.0
2022-04-28,350,0,0,0,0,29.0,0.0,0.0,0.0,0.0,0.0,0.0
2022-04-29,0,0,0,0,0,13.0,0.0,0.0,0.0,0.0,0.0,0.0
2022-04-30,0,0,0,0,0,0.0,0.0,0.0,0.0,0.0,0.0,0.0
2022-05-01,0,0,0,0,0,0.0,0.0,5.0,0.0,0.0,0.0,0.0
2022-05-02,0,0,0,0,0,0.0,0.0,14.0,0.0,0.0,0.0,0.0
2022-05-03,0,0,660,0,0,0.0,0.0,30.0,0.0,0.0,0.0,0.0
2022-05-04,0,0,0,0,0,0.0,0.0,30.0,0.0,0.0,0.0,0.0
2022-05-05,150,0,0,0,0,0.0,0.0,30.0,0.0,0.0,0.0,0.0
2022-05-06,323,0,0,0,0,0.0,0.0,30.0,0.0,0.0,0.0,0.0
2022-05-07,243,0,0,0,0,0.0,0.0,30.0,0.0,0.0,0.0,0.0
2022-05-08,243,0,254,0,0,0.0,0.0,30.0,0.0,0.0,0.0,0.0
2022-05-09,0,0,0,0,0,0.0,0.0,30.0,13.0,0.0,0.0,0.0
2022-05-10,0,0,0,0,0,0.0,0.0,30.0,31.0,0.0,0.0,0.0
2022-05-11,0,0,0,0,0,0.0,0.0,30.0,65.0,0.0,0.0,0.0
2022-05-12,0,0,0,0,0,0.0,0.0,12.0,65.0,0.0,0.0,0.0
2022-05-13,0,0,0,0,0,0.0,0.0,5.0,35.0,0.0,0.0,0.0
2022-05-14,0,0,0,0,0,0.0,0.0,0.0,22.0,0.0,0.0,0.0
2022-05-15,0,0,0,0,0,0.0,0.0,0.0,13.0,0.0,0.0,0.0
2022-05-16,0,0,0,0,0,0.0,0.0,0.0,0.0,0.0,0.0,0.0
2022-05-17,0,0,0,0,0,0.0,0.0,0.0,0.0,0.0,0.0,0.0
2022-05-18,0,0,0,0,0,0.0,0.0,0.0,0.0,0.0,0.0,0.0
2022-05-19,0,0,660,0,0,0.0,0.0,0.0,0.0,0.0,0.0,0.0
2022-05-20,0,0,1709,0,0,0.0,0.0,0.0,0.0,0.0,0.0,0.0
2022-05-21,275,0,254,0,0,0.0,0.0,0.0,0.0,0.0,0.0,0.0
2022-05-22,0,0,0,0,0,0.0,0.0,0.0,0.0,0.0,0.0,0.0
2022-05-23,0,0,0,0,0,0.0,0.0,0.0,0.0,0.0,0.0,0.0
2022-05-24,0,0,0,0,0,0.0,0.0,0.0,0.0,0.0,0.0,0.0
2022-05-25,0,0,0,0,0,0.0,0.0,0.0,0.0,0.0,0.0,0.0
2022-05-26,0,0,0,0,0,0.0,0.0,0.0,0.0,0.0,0.0,0.0
2022-05-27,293,0,0,0,0,0.0,0.0,0.0,0.0,0.0,0.0,0.0
2022-05-28,0,0,0,0,0,0.0,0.0,0.0,0.0,0.0,0.0,0.0
2022-05-29,0,0,0,0,0,0.0,0.0,0.0,0.0,0.0,0.0,0.0
2022-05-30,0,0,0,0,1,0.0,0.0,0.0,0.0,0.0,0.0,0.0
2022-05-31,0,0,0,0,0,0.0,0.0,4.0,0.0,0.0,0.0,0.0
2022-06-01,0,0,0,0,0,0.0,0.0,11.0,0.0,0.0,0.0,0.0
2022-06-02,0,0,0,15831,0,0.0,0.0,30.0,0.0,0.0,0.0,0.0
2022-06-03,0,0,0,15831,0,0.0,0.0,11.0,0.0,0.0,0.0,0.0
2022-06-04,350,0,0,15831,0,0.0,0.0,0.0,0.0,0.0,0.0,0.0
2022-06-05,350,0,0,15831,0,0.0,0.0,0.0,0.0,0.0,0.0,0.0
2022-06-06,0,0,0,15831,0,0.0,0.0,0.0,0.0,0.0,0.0,0.0
2022-06-07,0,0,0,15831,0,0.0,0.0,0.0,0.0,0.0,0.0,0.0
2022-06-08,0,0,0,15831,0,0.0,0.0,0.0,0.0,0.0,0.0,0.0
2022-06-09,0,0,0,15831,0,0.0,0.0,0.0,0.0,0.0,0.0,0.0
2022-06-10,0,0,0,15831,0,0.0,0.0,0.0,0.0,0.0,0.0,0.0
2022-06-11,0,0,0,15831,0,0.0,0.0,0.0,0.0,0.0,0.0,0.0
2022-06-12,0,0,0,15831,0,0.0,0.0,0.0,9.0,0.0,0.0,0.0
2022-06-13,0,0,0,15831,0,0.0,0.0,0.0,16.0,0.0,0.0,0.0
2022-06-14,0,0,0,15831,0,0.0,0.0,0.0,37.0,0.0,0.0,0.0
2022-06-15,0,0,0,15831,0,0.0,0.0,0.0,80.0,0.0,56.0,0.0
2022-06-16,249,0,0,15831,0,0.0,0.0,0.0,32.0,0.0,56.0,0.0
2022-06-17,0,0,0,15831,0,0.0,0.0,0.0,16.0,0.0,25.0,0.0
2022-06-18,0,0,0,15831,0,0.0,0.0,0.0,9.0,0.0,0.0,0.0
2022-06-19,0,0,0,15831,2,0.0,0.0,0.0,13.0,0.0,0.0,0.0
2022-06-20,0,0,0,15831,1,0.0,0.0,4.0,31.0,0.0,0.0,0.0
2022-06-21,0,0,0,15831,0,0.0,0.0,11.0,65.0,0.0,0.0,0.0
2022-06-22,0,0,0,15831,0,0.0,0.0,30.0,35.0,0.0,0.0,0.0
2022-06-23,0,0,0,15831,0,0.0,0.0,30.0,22.0,0.0,0.0,0.0
2022-06-24,0,0,0,15831,0,0.0,0.0,30.0,13.0,0.0,0.0,0.0
2022-06-25,0,0,0,15831,0,0.0,0.0,82.0,0.0,0.0,0.0,0.0
2022-06-26,0,0,0,15831,0,0.0,0.0,30.0,0.0,0.0,0.0,0.0
2022-06-27,0,0,0,15831,0,0.0,0.0,30.0,0.0,0.0,0.0,0.0
2022-06-28,0,0,0,15831,0,0.0,0.0,30.0,0.0,0.0,0.0,0.0
2022-06-29,0,0,0,15831,0,0.0,0.0,30.0,0.0,0.0,0.0,0.0
2022-06-30,0,0,0,15831,0,0.0,0.0,30.0,0.0,0.0,0.0,0.0
2022-07-01,429,0,0,15831,0,0.0,0.0,30.0,0.0,0.0,0.0,0.0
2022-07-02,429,0,0,15831,0,0.0,0.0,30.0,0.0,30.0,0.0,0.0
2022-07-03,0,0,0,15831,0,0.0,0.0,30.0,0.0,30.0,0.0,0.0
2022-07-04,0,0,0,15831,1,0.0,0.0,30.0,0.0,0.0,0.0,0.0
