,count,aggregated_impact,community_count,concerts_count,festivals_count,performing-arts_count,sports_count,conferences_count,expos_count,public-holidays_count,school-holidays_count,observances_count,community_impact,concerts_impact,festivals_impact,performing-arts_impact,sports_impact,conferences_impact,expos_impact,public-holidays_impact,school-holidays_impact,observances_impact,rescaled_aei
2017-01-01,3,12000,1,0,0,0,1,0,0,1,0,0,6000,0,0,0,6000,0,0,0,0,0,0.029925187032418952
2017-01-02,1,0,0,0,0,0,0,0,0,1,0,0,0,0,0,0,0,0,0,0,0,0,0.0
2017-01-03,0,0,0,0,0,0,0,0,0,0,0,0,0,0,0,0,0,0,0,0,0,0,0.0
2017-01-04,1,6000,0,0,0,0,1,0,0,0,0,0,0,0,0,0,6000,0,0,0,0,0,0.014962593516209476
2017-01-05,0,0,0,0,0,0,0,0,0,0,0,0,0,0,0,0,0,0,0,0,0,0,0.0
2017-01-06,1,6000,0,0,0,0,1,0,0,0,0,0,0,0,0,0,6000,0,0,0,0,0,0.014962593516209476
2017-01-07,3,126000,0,0,1,0,2,0,0,0,0,0,0,0,60000,0,66000,0,0,0,0,0,0.31421446384039897
2017-01-08,0,0,0,0,0,0,0,0,0,0,0,0,0,0,0,0,0,0,0,0,0,0,0.0
2017-01-09,0,0,0,0,0,0,0,0,0,0,0,0,0,0,0,0,0,0,0,0,0,0,0.0
2017-01-10,0,0,0,0,0,0,0,0,0,0,0,0,0,0,0,0,0,0,0,0,0,0,0.0
2017-01-11,0,0,0,0,0,0,0,0,0,0,0,0,0,0,0,0,0,0,0,0,0,0,0.0
2017-01-12,1,19000,0,0,0,0,1,0,0,0,0,0,0,0,0,0,19000,0,0,0,0,0,0.04738154613466334
2017-01-13,1,19000,0,1,0,0,0,0,0,0,0,0,0,19000,0,0,0,0,0,0,0,0,0.04738154613466334
2017-01-14,2,25000,0,0,0,0,1,0,1,0,0,0,0,0,0,0,19000,0,6000,0,0,0,0.062344139650872814
2017-01-15,1,6000,0,0,0,0,0,0,1,0,0,0,0,0,0,0,0,0,6000,0,0,0,0.014962593516209476
2017-01-16,3,6000,1,0,0,0,0,0,0,2,0,0,6000,0,0,0,0,0,0,0,0,0,0.014962593516209476
2017-01-17,0,0,0,0,0,0,0,0,0,0,0,0,0,0,0,0,0,0,0,0,0,0,0.0
2017-01-18,1,6000,0,0,0,0,1,0,0,0,0,0,0,0,0,0,6000,0,0,0,0,0,0.014962593516209476
2017-01-19,0,0,0,0,0,0,0,0,0,0,0,0,0,0,0,0,0,0,0,0,0,0,0.0
2017-01-20,1,667,0,0,1,0,0,0,0,0,0,0,0,0,667,0,0,0,0,0,0,0,0.0016633416458852867
2017-01-21,3,194667,1,0,1,0,1,0,0,0,0,0,188000,0,667,0,6000,0,0,0,0,0,0.48545386533665835
2017-01-22,1,667,0,0,1,0,0,0,0,0,0,0,0,0,667,0,0,0,0,0,0,0,0.0016633416458852867
2017-01-23,1,667,0,0,1,0,0,0,0,0,0,0,0,0,667,0,0,0,0,0,0,0,0.0016633416458852867
2017-01-24,1,667,0,0,1,0,0,0,0,0,0,0,0,0,667,0,0,0,0,0,0,0,0.0016633416458852867
2017-01-25,1,667,0,0,1,0,0,0,0,0,0,0,0,0,667,0,0,0,0,0,0,0,0.0016633416458852867
2017-01-26,2,19667,0,0,1,0,1,0,0,0,0,0,0,0,667,0,19000,0,0,0,0,0,0.04904488778054863
2017-01-27,3,66667,0,0,2,0,1,0,0,0,0,0,0,0,60667,0,6000,0,0,0,0,0,0.16625187032418953
2017-01-28,2,19667,0,0,1,0,1,0,0,0,0,0,0,0,667,0,19000,0,0,0,0,0,0.04904488778054863
2017-01-29,3,8567,0,0,2,0,1,0,0,0,0,0,0,0,2567,0,6000,0,0,0,0,0,0.021364089775561097
2017-01-30,0,0,0,0,0,0,0,0,0,0,0,0,0,0,0,0,0,0,0,0,0,0,0.0
2017-01-31,0,0,0,0,0,0,0,0,0,0,0,0,0,0,0,0,0,0,0,0,0,0,0.0
2017-02-01,1,6000,0,0,0,0,1,0,0,0,0,0,0,0,0,0,6000,0,0,0,0,0,0.014962593516209476
2017-02-02,0,0,0,0,0,0,0,0,0,0,0,0,0,0,0,0,0,0,0,0,0,0,0.0
2017-02-03,0,0,0,0,0,0,0,0,0,0,0,0,0,0,0,0,0,0,0,0,0,0,0.0
2017-02-04,2,25000,0,0,0,0,2,0,0,0,0,0,0,0,0,0,25000,0,0,0,0,0,0.062344139650872814
2017-02-05,0,0,0,0,0,0,0,0,0,0,0,0,0,0,0,0,0,0,0,0,0,0,0.0
2017-02-06,0,0,0,0,0,0,0,0,0,0,0,0,0,0,0,0,0,0,0,0,0,0,0.0
2017-02-07,1,19000,0,0,0,0,1,0,0,0,0,0,0,0,0,0,19000,0,0,0,0,0,0.04738154613466334
2017-02-08,0,0,0,0,0,0,0,0,0,0,0,0,0,0,0,0,0,0,0,0,0,0,0.0
2017-02-09,0,0,0,0,0,0,0,0,0,0,0,0,0,0,0,0,0,0,0,0,0,0,0.0
2017-02-10,1,6000,0,0,0,0,1,0,0,0,0,0,0,0,0,0,6000,0,0,0,0,0,0.014962593516209476
2017-02-11,0,0,0,0,0,0,0,0,0,0,0,0,0,0,0,0,0,0,0,0,0,0,0.0
2017-02-12,2,66000,1,0,0,0,1,0,0,0,0,0,60000,0,0,0,6000,0,0,0,0,0,0.16458852867830423
2017-02-13,1,6000,0,0,0,0,0,1,0,0,0,0,0,0,0,0,0,6000,0,0,0,0,0.014962593516209476
2017-02-14,2,6000,0,0,0,0,0,1,0,0,0,1,0,0,0,0,0,6000,0,0,0,0,0.014962593516209476
2017-02-15,1,6000,0,0,0,0,0,1,0,0,0,0,0,0,0,0,0,6000,0,0,0,0,0.014962593516209476
2017-02-16,5,40167,0,0,1,0,2,1,1,0,0,0,0,0,3167,0,25000,6000,6000,0,0,0,0.10016708229426434
2017-02-17,2,9167,0,0,1,0,0,0,1,0,0,0,0,0,3167,0,0,0,6000,0,0,0,0.022860349127182045
2017-02-18,5,53167,0,0,1,1,2,0,1,0,0,0,0,0,3167,19000,25000,0,6000,0,0,0,0.1325860349127182
2017-02-19,1,3167,0,0,1,0,0,0,0,0,0,0,0,0,3167,0,0,0,0,0,0,0,0.007897755610972569
2017-02-20,3,9167,0,1,1,0,0,0,0,1,0,0,0,6000,3167,0,0,0,0,0,0,0,0.022860349127182045
2017-02-21,1,3167,0,0,1,0,0,0,0,0,0,0,0,0,3167,0,0,0,0,0,0,0,0.007897755610972569
2017-02-22,2,63167,0,0,1,0,0,0,1,0,0,0,0,0,3167,0,0,0,60000,0,0,0,0.15752369077306733
2017-02-23,2,66000,0,0,0,0,1,0,1,0,0,0,0,0,0,0,6000,0,60000,0,0,0,0.16458852867830423
2017-02-24,2,61900,0,0,1,0,0,0,1,0,0,0,0,0,1900,0,0,0,60000,0,0,0,0.1543640897755611
2017-02-25,5,133900,0,0,2,0,1,0,2,0,0,0,0,0,61900,0,6000,0,66000,0,0,0,0.3339152119700748
2017-02-26,2,61900,0,0,1,0,0,0,1,0,0,0,0,0,1900,0,0,0,60000,0,0,0,0.1543640897755611
2017-02-27,0,0,0,0,0,0,0,0,0,0,0,0,0,0,0,0,0,0,0,0,0,0,0.0
2017-02-28,1,0,0,0,0,0,0,0,0,1,0,0,0,0,0,0,0,0,0,0,0,0,0.0
2017-03-01,0,0,0,0,0,0,0,0,0,0,0,0,0,0,0,0,0,0,0,0,0,0,0.0
2017-03-02,3,67900,0,0,1,0,1,1,0,0,0,0,0,0,1900,0,6000,60000,0,0,0,0,0.16932668329177056
2017-03-03,2,66000,0,0,0,0,1,1,0,0,0,0,0,0,0,0,6000,60000,0,0,0,0,0.16458852867830423
2017-03-04,4,132000,0,1,0,0,2,1,0,0,0,0,0,60000,0,0,12000,60000,0,0,0,0,0.32917705735660846
2017-03-05,2,66000,0,0,0,0,1,1,0,0,0,0,0,0,0,0,6000,60000,0,0,0,0,0.16458852867830423
2017-03-06,0,0,0,0,0,0,0,0,0,0,0,0,0,0,0,0,0,0,0,0,0,0,0.0
2017-03-07,0,0,0,0,0,0,0,0,0,0,0,0,0,0,0,0,0,0,0,0,0,0,0.0
2017-03-08,0,0,0,0,0,0,0,0,0,0,0,0,0,0,0,0,0,0,0,0,0,0,0.0
2017-03-09,0,0,0,0,0,0,0,0,0,0,0,0,0,0,0,0,0,0,0,0,0,0,0.0
2017-03-10,0,0,0,0,0,0,0,0,0,0,0,0,0,0,0,0,0,0,0,0,0,0,0.0
2017-03-11,1,60000,0,0,1,0,0,0,0,0,0,0,0,0,60000,0,0,0,0,0,0,0,0.14962593516209477
2017-03-12,0,0,0,0,0,0,0,0,0,0,0,0,0,0,0,0,0,0,0,0,0,0,0.0
2017-03-13,0,0,0,0,0,0,0,0,0,0,0,0,0,0,0,0,0,0,0,0,0,0,0.0
2017-03-14,0,0,0,0,0,0,0,0,0,0,0,0,0,0,0,0,0,0,0,0,0,0,0.0
2017-03-15,1,6000,0,0,0,0,0,0,1,0,0,0,0,0,0,0,0,0,6000,0,0,0,0.014962593516209476
2017-03-16,2,6250,0,0,1,0,0,0,1,0,0,0,0,0,250,0,0,0,6000,0,0,0,0.015586034912718203
2017-03-17,4,25250,0,1,1,0,0,0,1,1,0,0,0,19000,250,0,0,0,6000,0,0,0,0.06296758104738154
2017-03-18,3,12250,0,0,1,0,1,0,1,0,0,0,0,0,250,0,6000,0,6000,0,0,0,0.03054862842892768
2017-03-19,2,60250,0,0,1,0,1,0,0,0,0,0,0,0,250,0,60000,0,0,0,0,0,0.1502493765586035
2017-03-20,1,250,0,0,1,0,0,0,0,0,0,0,0,0,250,0,0,0,0,0,0,0,0.0006234413965087282
2017-03-21,2,6250,0,1,1,0,0,0,0,0,0,0,0,6000,250,0,0,0,0,0,0,0,0.015586034912718203
2017-03-22,1,250,0,0,1,0,0,0,0,0,0,0,0,0,250,0,0,0,0,0,0,0,0.0006234413965087282
2017-03-23,4,27250,1,1,2,0,0,0,0,0,0,0,6000,19000,2250,0,0,0,0,0,0,0,0.06795511221945137
2017-03-24,2,2250,0,0,2,0,0,0,0,0,0,0,0,0,2250,0,0,0,0,0,0,0,0.005610972568578554
2017-03-25,2,2250,0,0,2,0,0,0,0,0,0,0,0,0,2250,0,0,0,0,0,0,0,0.005610972568578554
2017-03-26,2,2250,0,0,2,0,0,0,0,0,0,0,0,0,2250,0,0,0,0,0,0,0,0.005610972568578554
2017-03-27,1,250,0,0,1,0,0,0,0,0,0,0,0,0,250,0,0,0,0,0,0,0,0.0006234413965087282
2017-03-28,1,250,0,0,1,0,0,0,0,0,0,0,0,0,250,0,0,0,0,0,0,0,0.0006234413965087282
2017-03-29,1,250,0,0,1,0,0,0,0,0,0,0,0,0,250,0,0,0,0,0,0,0,0.0006234413965087282
2017-03-30,1,250,0,0,1,0,0,0,0,0,0,0,0,0,250,0,0,0,0,0,0,0,0.0006234413965087282
2017-03-31,3,60250,0,0,1,0,1,0,0,1,0,0,0,0,250,0,60000,0,0,0,0,0,0.1502493765586035
2017-04-01,3,12250,0,1,1,0,0,1,0,0,0,0,0,6000,250,0,0,6000,0,0,0,0,0.03054862842892768
2017-04-02,3,25250,0,0,2,0,0,1,0,0,0,0,0,0,19250,0,0,6000,0,0,0,0,0.06296758104738154
2017-04-03,2,6250,0,0,1,0,0,1,0,0,0,0,0,0,250,0,0,6000,0,0,0,0,0.015586034912718203
2017-04-04,2,6250,0,0,1,0,0,1,0,0,0,0,0,0,250,0,0,6000,0,0,0,0,0.015586034912718203
2017-04-05,2,6250,0,0,1,0,0,1,0,0,0,0,0,0,250,0,0,6000,0,0,0,0,0.015586034912718203
2017-04-06,2,6250,0,0,1,0,0,1,0,0,0,0,0,0,250,0,0,6000,0,0,0,0,0.015586034912718203
2017-04-07,1,250,0,0,1,0,0,0,0,0,0,0,0,0,250,0,0,0,0,0,0,0,0.0006234413965087282
2017-04-08,3,79250,0,1,1,0,1,0,0,0,0,0,0,19000,250,0,60000,0,0,0,0,0,0.19763092269326682
2017-04-09,1,250,0,0,1,0,0,0,0,0,0,0,0,0,250,0,0,0,0,0,0,0,0.0006234413965087282
2017-04-10,1,60000,0,0,0,0,1,0,0,0,0,0,0,0,0,0,60000,0,0,0,0,0,0.14962593516209477
2017-04-11,1,19000,0,0,0,0,1,0,0,0,0,0,0,0,0,0,19000,0,0,0,0,0,0.04738154613466334
2017-04-12,1,19000,0,0,0,0,1,0,0,0,0,0,0,0,0,0,19000,0,0,0,0,0,0.04738154613466334
2017-04-13,1,6000,0,1,0,0,0,0,0,0,0,0,0,6000,0,0,0,0,0,0,0,0,0.014962593516209476
2017-04-14,3,85000,0,0,1,0,1,0,1,0,0,0,0,0,6000,0,60000,0,19000,0,0,0,0.21197007481296756
2017-04-15,6,116000,0,1,2,0,2,0,1,0,0,0,0,6000,25000,0,66000,0,19000,0,0,0,0.28927680798004984
2017-04-16,2,38000,0,0,0,0,1,0,1,0,0,0,0,0,0,0,19000,0,19000,0,0,0,0.09476309226932668
2017-04-17,1,19000,0,0,0,0,1,0,0,0,0,0,0,0,0,0,19000,0,0,0,0,0,0.04738154613466334
2017-04-18,1,19000,0,0,0,0,1,0,0,0,0,0,0,0,0,0,19000,0,0,0,0,0,0.04738154613466334
2017-04-19,1,19000,0,0,0,0,1,0,0,0,0,0,0,0,0,0,19000,0,0,0,0,0,0.04738154613466334
2017-04-20,0,0,0,0,0,0,0,0,0,0,0,0,0,0,0,0,0,0,0,0,0,0,0.0
2017-04-21,1,6000,0,1,0,0,0,0,0,0,0,0,0,6000,0,0,0,0,0,0,0,0,0.014962593516209476
2017-04-22,1,6000,0,1,0,0,0,0,0,0,0,0,0,6000,0,0,0,0,0,0,0,0,0.014962593516209476
2017-04-23,0,0,0,0,0,0,0,0,0,0,0,0,0,0,0,0,0,0,0,0,0,0,0.0
2017-04-24,1,6000,0,1,0,0,0,0,0,0,0,0,0,6000,0,0,0,0,0,0,0,0,0.014962593516209476
2017-04-25,0,0,0,0,0,0,0,0,0,0,0,0,0,0,0,0,0,0,0,0,0,0,0.0
2017-04-26,2,25000,0,2,0,0,0,0,0,0,0,0,0,25000,0,0,0,0,0,0,0,0,0.062344139650872814
2017-04-27,1,2000,0,0,1,0,0,0,0,0,0,0,0,0,2000,0,0,0,0,0,0,0,0.004987531172069825
2017-04-28,2,21000,0,1,1,0,0,0,0,0,0,0,0,19000,2000,0,0,0,0,0,0,0,0.05236907730673317
2017-04-29,6,125000,0,2,2,0,2,0,0,0,0,0,0,38000,8000,0,79000,0,0,0,0,0,0.3117206982543641
2017-04-30,3,27000,0,2,1,0,0,0,0,0,0,0,0,25000,2000,0,0,0,0,0,0,0,0.06733167082294264
2017-05-01,0,0,0,0,0,0,0,0,0,0,0,0,0,0,0,0,0,0,0,0,0,0,0.0
2017-05-02,2,25000,0,0,0,0,1,1,0,0,0,0,0,0,0,0,19000,6000,0,0,0,0,0.062344139650872814
2017-05-03,3,31000,0,0,0,0,2,1,0,0,0,0,0,0,0,0,25000,6000,0,0,0,0,0.0773067331670823
2017-05-04,3,44000,0,1,0,0,1,1,0,0,0,0,0,19000,0,0,19000,6000,0,0,0,0,0.10972568578553615
2017-05-05,3,31000,0,1,0,0,1,0,1,0,0,0,0,6000,0,0,19000,0,6000,0,0,0,0.0773067331670823
2017-05-06,5,192000,0,1,1,0,2,0,1,0,0,0,0,6000,60000,0,120000,0,6000,0,0,0,0.47880299251870323
2017-05-07,3,31000,0,0,1,0,1,0,1,0,0,0,0,0,6000,0,19000,0,6000,0,0,0,0.0773067331670823
2017-05-08,0,0,0,0,0,0,0,0,0,0,0,0,0,0,0,0,0,0,0,0,0,0,0.0
2017-05-09,0,0,0,0,0,0,0,0,0,0,0,0,0,0,0,0,0,0,0,0,0,0,0.0
2017-05-10,2,25000,0,0,0,0,1,1,0,0,0,0,0,0,0,0,19000,6000,0,0,0,0,0.062344139650872814
2017-05-11,2,25000,0,1,0,0,0,1,0,0,0,0,0,19000,0,0,0,6000,0,0,0,0,0.062344139650872814
2017-05-12,1,6000,0,0,0,0,0,1,0,0,0,0,0,0,0,0,0,6000,0,0,0,0,0.014962593516209476
2017-05-13,1,1900,0,0,0,0,1,0,0,0,0,0,0,0,0,0,1900,0,0,0,0,0,0.004738154613466334
2017-05-14,2,66000,0,1,0,0,1,0,0,0,0,0,0,60000,0,0,6000,0,0,0,0,0,0.16458852867830423
2017-05-15,1,19000,0,0,0,0,1,0,0,0,0,0,0,0,0,0,19000,0,0,0,0,0,0.04738154613466334
2017-05-16,1,19000,0,0,0,0,1,0,0,0,0,0,0,0,0,0,19000,0,0,0,0,0,0.04738154613466334
2017-05-17,1,19000,0,0,0,0,1,0,0,0,0,0,0,0,0,0,19000,0,0,0,0,0,0.04738154613466334
2017-05-18,2,26833,0,0,1,0,1,0,0,0,0,0,0,0,7833,0,19000,0,0,0,0,0,0.06691521197007481
2017-05-19,3,32833,1,0,1,0,1,0,0,0,0,0,6000,0,7833,0,19000,0,0,0,0,0,0.08187780548628429
2017-05-20,6,212833,1,0,2,0,3,0,0,0,0,0,6000,0,67833,0,139000,0,0,0,0,0,0.5307556109725685
2017-05-21,7,151833,0,0,2,0,4,1,0,0,0,0,0,0,67833,0,78000,6000,0,0,0,0,0.3786359102244389
2017-05-22,3,19833,0,1,1,0,0,1,0,0,0,0,0,6000,7833,0,0,6000,0,0,0,0,0.04945885286783042
2017-05-23,2,13833,0,0,1,0,0,1,0,0,0,0,0,0,7833,0,0,6000,0,0,0,0,0.03449625935162095
2017-05-24,1,7833,0,0,1,0,0,0,0,0,0,0,0,0,7833,0,0,0,0,0,0,0,0.01953366583541147
2017-05-25,1,7833,0,0,1,0,0,0,0,0,0,0,0,0,7833,0,0,0,0,0,0,0,0.01953366583541147
2017-05-26,4,82500,0,0,2,0,1,0,1,0,0,0,0,0,70500,0,6000,0,6000,0,0,0,0.20573566084788028
2017-05-27,5,155500,0,1,2,0,1,0,1,0,0,0,0,19000,70500,0,60000,0,6000,0,0,0,0.3877805486284289
2017-05-28,5,101500,0,1,2,0,1,0,1,0,0,0,0,19000,70500,0,6000,0,6000,0,0,0,0.25311720698254364
2017-05-29,5,95500,0,1,2,0,0,0,1,1,0,0,0,19000,70500,0,0,0,6000,0,0,0,0.23815461346633415
2017-05-30,2,13833,0,0,1,0,0,0,1,0,0,0,0,0,7833,0,0,0,6000,0,0,0,0.03449625935162095
2017-05-31,3,32833,0,0,1,0,1,0,1,0,0,0,0,0,7833,0,19000,0,6000,0,0,0,0.08187780548628429
2017-06-01,3,86833,0,1,1,0,1,0,0,0,0,0,0,60000,7833,0,19000,0,0,0,0,0,0.21654114713216957
2017-06-02,2,26833,0,0,1,0,1,0,0,0,0,0,0,0,7833,0,19000,0,0,0,0,0,0.06691521197007481
2017-06-03,5,57833,1,1,1,0,2,0,0,0,0,0,6000,19000,7833,0,25000,0,0,0,0,0,0.1442219451371571
2017-06-04,6,130833,0,2,1,0,2,1,0,0,0,0,0,38000,7833,0,79000,6000,0,0,0,0,0.32626683291770575
2017-06-05,2,13833,0,0,1,0,0,1,0,0,0,0,0,0,7833,0,0,6000,0,0,0,0,0.03449625935162095
2017-06-06,4,34733,0,0,1,0,1,2,0,0,0,0,0,0,7833,0,19000,7900,0,0,0,0,0.08661596009975062
2017-06-07,4,51833,0,1,1,0,1,1,0,0,0,0,0,19000,7833,0,19000,6000,0,0,0,0,0.12925935162094762
2017-06-08,3,32833,0,1,1,0,1,0,0,0,0,0,0,6000,7833,0,19000,0,0,0,0,0,0.08187780548628429
2017-06-09,2,67833,0,0,1,0,1,0,0,0,0,0,0,0,7833,0,60000,0,0,0,0,0,0.16915960099750624
2017-06-10,3,127833,0,1,1,0,1,0,0,0,0,0,0,60000,7833,0,60000,0,0,0,0,0,0.318785536159601
2017-06-11,3,73833,0,1,1,0,1,0,0,0,0,0,0,6000,7833,0,60000,0,0,0,0,0,0.1841221945137157
2017-06-12,0,0,0,0,0,0,0,0,0,0,0,0,0,0,0,0,0,0,0,0,0,0,0.0
2017-06-13,2,12000,0,0,0,0,2,0,0,0,0,0,0,0,0,0,12000,0,0,0,0,0,0.029925187032418952
2017-06-14,0,0,0,0,0,0,0,0,0,0,0,0,0,0,0,0,0,0,0,0,0,0,0.0
2017-06-15,0,0,0,0,0,0,0,0,0,0,0,0,0,0,0,0,0,0,0,0,0,0,0.0
2017-06-16,4,139000,0,1,2,0,0,0,0,0,1,0,0,60000,79000,0,0,0,0,0,0,0,0.34663341645885287
2017-06-17,4,57000,0,0,2,0,0,1,0,0,1,0,0,0,38000,0,0,19000,0,0,0,0,0.14214463840399003
2017-06-18,6,64900,0,1,1,0,2,1,0,0,1,0,0,1900,19000,0,25000,19000,0,0,0,0,0.16184538653366584
2017-06-19,2,19000,0,0,0,0,1,0,0,0,1,0,0,0,0,0,19000,0,0,0,0,0,0.04738154613466334
2017-06-20,2,19000,0,0,0,0,1,0,0,0,1,0,0,0,0,0,19000,0,0,0,0,0,0.04738154613466334
2017-06-21,3,79000,0,0,0,0,2,0,0,0,1,0,0,0,0,0,79000,0,0,0,0,0,0.1970074812967581
2017-06-22,2,19000,0,0,0,0,1,0,0,0,1,0,0,0,0,0,19000,0,0,0,0,0,0.04738154613466334
2017-06-23,3,25000,0,0,0,0,2,0,0,0,1,0,0,0,0,0,25000,0,0,0,0,0,0.062344139650872814
2017-06-24,5,50000,0,1,1,0,2,0,0,0,1,0,0,6000,19000,0,25000,0,0,0,0,0,0.12468827930174563
2017-06-25,5,145000,0,1,2,0,1,0,0,0,1,0,0,6000,120000,0,19000,0,0,0,0,0,0.3615960099750623
2017-06-26,1,0,0,0,0,0,0,0,0,0,1,0,0,0,0,0,0,0,0,0,0,0,0.0
2017-06-27,4,31000,0,2,0,0,1,0,0,0,1,0,0,12000,0,0,19000,0,0,0,0,0,0.0773067331670823
2017-06-28,3,25000,0,0,0,0,2,0,0,0,1,0,0,0,0,0,25000,0,0,0,0,0,0.062344139650872814
2017-06-29,2,60000,1,0,0,0,0,0,0,0,1,0,60000,0,0,0,0,0,0,0,0,0,0.14962593516209477
2017-06-30,2,6000,0,0,1,0,0,0,0,0,1,0,0,0,6000,0,0,0,0,0,0,0,0.014962593516209476
2017-07-01,5,87000,0,1,1,0,2,0,0,0,1,0,0,19000,2000,0,66000,0,0,0,0,0,0.2169576059850374
2017-07-02,3,8000,0,1,1,0,0,0,0,0,1,0,0,6000,2000,0,0,0,0,0,0,0,0.0199501246882793
2017-07-03,3,62000,0,0,1,0,1,0,0,0,1,0,0,0,2000,0,60000,0,0,0,0,0,0.1546134663341646
2017-07-04,6,87000,0,0,3,0,1,0,0,1,1,0,0,0,68000,0,19000,0,0,0,0,0,0.2169576059850374
2017-07-05,2,19000,0,0,0,0,1,0,0,0,1,0,0,0,0,0,19000,0,0,0,0,0,0.04738154613466334
2017-07-06,3,25000,0,0,0,0,2,0,0,0,1,0,0,0,0,0,25000,0,0,0,0,0,0.062344139650872814
2017-07-07,3,79000,0,0,1,0,1,0,0,0,1,0,0,0,60000,0,19000,0,0,0,0,0,0.1970074812967581
2017-07-08,8,154800,1,1,2,0,3,0,0,0,1,0,1900,6000,61900,0,85000,0,0,0,0,0,0.38603491271820445
2017-07-09,5,104000,0,2,1,0,1,0,0,0,1,0,0,25000,60000,0,19000,0,0,0,0,0,0.2593516209476309
2017-07-10,1,0,0,0,0,0,0,0,0,0,1,0,0,0,0,0,0,0,0,0,0,0,0.0
2017-07-11,2,19000,0,1,0,0,0,0,0,0,1,0,0,19000,0,0,0,0,0,0,0,0,0.04738154613466334
2017-07-12,2,19000,0,0,0,0,1,0,0,0,1,0,0,0,0,0,19000,0,0,0,0,0,0.04738154613466334
2017-07-13,4,18000,0,2,0,0,0,0,1,0,1,0,0,12000,0,0,0,0,6000,0,0,0,0.04488778054862843
2017-07-14,4,85000,0,1,2,0,0,0,0,0,1,0,0,6000,79000,0,0,0,0,0,0,0,0.21197007481296756
2017-07-15,9,141000,0,1,4,0,3,0,0,0,1,0,0,6000,104000,0,31000,0,0,0,0,0,0.35162094763092266
2017-07-16,7,116000,0,1,4,0,0,0,1,0,1,0,0,6000,104000,0,0,0,6000,0,0,0,0.28927680798004984
2017-07-17,3,25000,0,1,0,0,0,0,1,0,1,0,0,19000,0,0,0,0,6000,0,0,0,0.062344139650872814
2017-07-18,4,72000,1,0,0,0,1,0,1,0,1,0,60000,0,0,0,6000,0,6000,0,0,0,0.17955112219451372
2017-07-19,3,66000,0,1,0,0,1,0,0,0,1,0,0,6000,0,0,60000,0,0,0,0,0,0.16458852867830423
2017-07-20,2,60000,0,0,0,0,1,0,0,0,1,0,0,0,0,0,60000,0,0,0,0,0,0.14962593516209477
2017-07-21,3,79000,0,0,1,0,1,0,0,0,1,0,0,0,19000,0,60000,0,0,0,0,0,0.1970074812967581
2017-07-22,10,155900,1,2,3,0,3,0,0,0,1,0,6000,25000,39900,0,85000,0,0,0,0,0,0.3887780548628429
2017-07-23,7,183000,0,1,3,0,2,0,0,0,1,0,0,19000,44000,0,120000,0,0,0,0,0,0.456359102244389
2017-07-24,2,19000,0,0,0,0,1,0,0,0,1,0,0,0,0,0,19000,0,0,0,0,0,0.04738154613466334
2017-07-25,2,19000,0,0,0,0,1,0,0,0,1,0,0,0,0,0,19000,0,0,0,0,0,0.04738154613466334
2017-07-26,4,98000,0,1,0,0,2,0,0,0,1,0,0,19000,0,0,79000,0,0,0,0,0,0.24438902743142144
2017-07-27,4,85000,1,0,0,0,2,0,0,0,1,0,6000,0,0,0,79000,0,0,0,0,0,0.21197007481296756
2017-07-28,6,151000,1,1,1,0,2,0,0,0,1,0,6000,19000,60000,0,66000,0,0,0,0,0,0.3765586034912718
2017-07-29,6,320000,1,1,2,0,1,0,0,0,1,0,6000,6000,248000,0,60000,0,0,0,0,0,0.798004987531172
2017-07-30,4,80900,0,0,2,0,1,0,0,0,1,0,0,0,61900,0,19000,0,0,0,0,0,0.20174563591022443
2017-07-31,1,0,0,0,0,0,0,0,0,0,1,0,0,0,0,0,0,0,0,0,0,0,0.0
2017-08-01,1,0,0,0,0,0,0,0,0,0,1,0,0,0,0,0,0,0,0,0,0,0,0.0
2017-08-02,1,0,0,0,0,0,0,0,0,0,1,0,0,0,0,0,0,0,0,0,0,0,0.0
2017-08-03,2,19000,0,0,0,0,0,0,1,0,1,0,0,0,0,0,0,0,19000,0,0,0,0.04738154613466334
2017-08-04,4,213000,0,1,1,0,0,0,1,0,1,0,0,6000,188000,0,0,0,19000,0,0,0,0.5311720698254364
2017-08-05,5,286000,0,0,3,0,0,0,1,0,1,0,0,0,267000,0,0,0,19000,0,0,0,0.713216957605985
2017-08-06,5,286000,0,0,3,0,0,0,1,0,1,0,0,0,267000,0,0,0,19000,0,0,0,0.713216957605985
2017-08-07,1,0,0,0,0,0,0,0,0,0,1,0,0,0,0,0,0,0,0,0,0,0,0.0
2017-08-08,2,6000,0,1,0,0,0,0,0,0,1,0,0,6000,0,0,0,0,0,0,0,0,0.014962593516209476
2017-08-09,3,66000,0,2,0,0,0,0,0,0,1,0,0,66000,0,0,0,0,0,0,0,0,0.16458852867830423
2017-08-10,2,60000,0,0,0,0,1,0,0,0,1,0,0,0,0,0,60000,0,0,0,0,0,0.14962593516209477
2017-08-11,4,67900,0,2,0,0,1,0,0,0,1,0,0,7900,0,0,60000,0,0,0,0,0,0.16932668329177056
2017-08-12,5,132000,1,1,0,0,2,0,0,0,1,0,6000,6000,0,0,120000,0,0,0,0,0,0.32917705735660846
2017-08-13,5,78000,0,0,2,0,2,0,0,0,1,0,0,0,12000,0,66000,0,0,0,0,0,0.19451371571072318
2017-08-14,2,19000,0,0,0,0,1,0,0,0,1,0,0,0,0,0,19000,0,0,0,0,0,0.04738154613466334
2017-08-15,3,25000,0,1,0,0,1,0,0,0,1,0,0,6000,0,0,19000,0,0,0,0,0,0.062344139650872814
2017-08-16,4,31000,0,1,0,0,2,0,0,0,1,0,0,6000,0,0,25000,0,0,0,0,0,0.0773067331670823
2017-08-17,1,0,0,0,0,0,0,0,0,0,1,0,0,0,0,0,0,0,0,0,0,0,0.0
2017-08-18,4,126000,0,0,1,0,2,0,0,0,1,0,0,0,60000,0,66000,0,0,0,0,0,0.31421446384039897
2017-08-19,7,139900,1,3,2,0,0,0,0,0,1,0,6000,67900,66000,0,0,0,0,0,0,0,0.3488778054862843
2017-08-20,4,139000,0,0,1,0,2,0,0,0,1,0,0,0,60000,0,79000,0,0,0,0,0,0.34663341645885287
2017-08-21,1,0,0,0,0,0,0,0,0,0,1,0,0,0,0,0,0,0,0,0,0,0,0.0
2017-08-22,2,6000,0,1,0,0,0,0,0,0,1,0,0,6000,0,0,0,0,0,0,0,0,0.014962593516209476
2017-08-23,1,0,0,0,0,0,0,0,0,0,1,0,0,0,0,0,0,0,0,0,0,0,0.0
2017-08-24,1,0,0,0,0,0,0,0,0,0,1,0,0,0,0,0,0,0,0,0,0,0,0.0
2017-08-25,6,151000,0,3,0,0,2,0,0,0,1,0,0,85000,0,0,66000,0,0,0,0,0,0.3765586034912718
2017-08-26,7,116000,2,1,1,0,2,0,0,0,1,0,66000,19000,19000,0,12000,0,0,0,0,0,0.28927680798004984
2017-08-27,5,104000,0,1,1,0,2,0,0,0,1,0,0,6000,19000,0,79000,0,0,0,0,0,0.2593516209476309
2017-08-28,1,0,0,0,0,0,0,0,0,0,1,0,0,0,0,0,0,0,0,0,0,0,0.0
2017-08-29,1,0,0,0,0,0,0,0,0,0,1,0,0,0,0,0,0,0,0,0,0,0,0.0
2017-08-30,1,0,0,0,0,0,0,0,0,0,1,0,0,0,0,0,0,0,0,0,0,0,0.0
2017-08-31,1,6000,0,0,0,1,0,0,0,0,0,0,0,0,0,6000,0,0,0,0,0,0,0.014962593516209476
2017-09-01,4,145000,0,1,1,0,1,0,1,0,0,0,0,6000,60000,0,19000,0,60000,0,0,0,0.3615960099750623
2017-09-02,4,145000,0,0,1,0,2,0,1,0,0,0,0,0,60000,0,25000,0,60000,0,0,0,0.3615960099750623
2017-09-03,3,139000,0,0,1,0,1,0,1,0,0,0,0,0,60000,0,19000,0,60000,0,0,0,0.34663341645885287
2017-09-04,4,85000,0,1,0,0,1,0,1,1,0,0,0,6000,0,0,19000,0,60000,0,0,0,0.21197007481296756
2017-09-05,2,38000,0,1,0,0,1,0,0,0,0,0,0,19000,0,0,19000,0,0,0,0,0,0.09476309226932668
2017-09-06,1,19000,0,0,0,0,1,0,0,0,0,0,0,0,0,0,19000,0,0,0,0,0,0.04738154613466334
2017-09-07,1,6000,0,0,0,0,0,0,1,0,0,0,0,0,0,0,0,0,6000,0,0,0,0.014962593516209476
2017-09-08,3,44000,0,1,1,0,1,0,0,0,0,0,0,19000,6000,0,19000,0,0,0,0,0,0.10972568578553615
2017-09-09,7,176000,0,1,4,0,2,0,0,0,0,0,0,6000,91000,0,79000,0,0,0,0,0,0.4389027431421446
2017-09-10,6,129000,1,1,2,0,2,0,0,0,0,0,6000,6000,38000,0,79000,0,0,0,0,0,0.32169576059850374
2017-09-11,0,0,0,0,0,0,0,0,0,0,0,0,0,0,0,0,0,0,0,0,0,0,0.0
2017-09-12,0,0,0,0,0,0,0,0,0,0,0,0,0,0,0,0,0,0,0,0,0,0,0.0
2017-09-13,0,0,0,0,0,0,0,0,0,0,0,0,0,0,0,0,0,0,0,0,0,0,0.0
2017-09-14,1,1900,0,0,1,0,0,0,0,0,0,0,0,0,1900,0,0,0,0,0,0,0,0.004738154613466334
2017-09-15,2,12000,1,1,0,0,0,0,0,0,0,0,6000,6000,0,0,0,0,0,0,0,0,0.029925187032418952
2017-09-16,6,152900,1,1,1,1,2,0,0,0,0,0,1900,6000,6000,19000,120000,0,0,0,0,0,0.3812967581047381
2017-09-17,3,72000,0,0,1,0,2,0,0,0,0,0,0,0,6000,0,66000,0,0,0,0,0,0.17955112219451372
2017-09-18,1,60000,0,1,0,0,0,0,0,0,0,0,0,60000,0,0,0,0,0,0,0,0,0.14962593516209477
2017-09-19,2,25000,0,0,0,0,2,0,0,0,0,0,0,0,0,0,25000,0,0,0,0,0,0.062344139650872814
2017-09-20,3,31000,0,0,0,0,1,1,1,0,0,0,0,0,0,0,19000,6000,6000,0,0,0,0.0773067331670823
2017-09-21,2,25000,0,0,0,0,1,1,0,0,0,0,0,0,0,0,19000,6000,0,0,0,0,0.062344139650872814
2017-09-22,4,63000,0,0,2,0,1,1,0,0,0,0,0,0,38000,0,19000,6000,0,0,0,0,0.15710723192019949
2017-09-23,7,135000,0,2,2,0,1,1,1,0,0,0,0,66000,38000,0,19000,6000,6000,0,0,0,0.33665835411471323
2017-09-24,6,88000,0,0,2,0,2,2,0,0,0,0,0,0,38000,0,25000,25000,0,0,0,0,0.2194513715710723
2017-09-25,1,19000,0,0,0,0,0,1,0,0,0,0,0,0,0,0,0,19000,0,0,0,0,0.04738154613466334
2017-09-26,1,19000,0,0,0,0,0,1,0,0,0,0,0,0,0,0,0,19000,0,0,0,0,0.04738154613466334
2017-09-27,5,136000,1,2,0,0,1,1,0,0,0,0,19000,38000,0,0,60000,19000,0,0,0,0,0.3391521197007481
2017-09-28,1,19000,0,0,0,0,0,1,0,0,0,0,0,0,0,0,0,19000,0,0,0,0,0.04738154613466334
2017-09-29,5,43000,0,1,1,0,1,2,0,0,0,0,0,6000,6000,0,6000,25000,0,0,0,0,0.10723192019950124
2017-09-30,4,91000,0,4,0,0,0,0,0,0,0,0,0,91000,0,0,0,0,0,0,0,0,0.22693266832917705
2017-10-01,4,86900,0,0,0,0,2,2,0,0,0,0,0,0,0,0,66000,20900,0,0,0,0,0.21670822942643392
2017-10-02,1,19000,0,0,0,0,0,0,1,0,0,0,0,0,0,0,0,0,19000,0,0,0,0.04738154613466334
2017-10-03,1,19000,0,0,0,0,0,0,1,0,0,0,0,0,0,0,0,0,19000,0,0,0,0.04738154613466334
2017-10-04,0,0,0,0,0,0,0,0,0,0,0,0,0,0,0,0,0,0,0,0,0,0,0.0
2017-10-05,2,12000,1,0,0,0,0,0,1,0,0,0,6000,0,0,0,0,0,6000,0,0,0,0.029925187032418952
2017-10-06,4,32900,0,2,0,0,1,0,1,0,0,0,0,25000,0,0,1900,0,6000,0,0,0,0.08204488778054862
2017-10-07,4,127900,1,1,0,0,1,0,1,0,0,0,1900,60000,0,0,60000,0,6000,0,0,0,0.3189526184538653
2017-10-08,1,6000,0,0,0,0,0,0,1,0,0,0,0,0,0,0,0,0,6000,0,0,0,0.014962593516209476
2017-10-09,1,6000,0,0,0,0,0,1,0,0,0,0,0,0,0,0,0,6000,0,0,0,0,0.014962593516209476
2017-10-10,1,6000,0,1,0,0,0,0,0,0,0,0,0,6000,0,0,0,0,0,0,0,0,0.014962593516209476
2017-10-11,0,0,0,0,0,0,0,0,0,0,0,0,0,0,0,0,0,0,0,0,0,0,0.0
2017-10-12,2,6600,0,1,1,0,0,0,0,0,0,0,0,6000,600,0,0,0,0,0,0,0,0.016458852867830425
2017-10-13,3,12600,0,1,1,0,0,1,0,0,0,0,0,6000,600,0,0,6000,0,0,0,0,0.031421446384039896
2017-10-14,3,25600,0,1,2,0,0,0,0,0,0,0,0,19000,6600,0,0,0,0,0,0,0,0.06384039900249376
2017-10-15,5,91600,0,1,2,0,1,0,1,0,0,0,0,19000,6600,0,60000,0,6000,0,0,0,0.228428927680798
2017-10-16,2,6600,0,0,1,0,0,0,1,0,0,0,0,0,600,0,0,0,6000,0,0,0,0.016458852867830425
2017-10-17,3,25600,0,0,1,0,1,0,1,0,0,0,0,0,600,0,19000,0,6000,0,0,0,0.06384039900249376
2017-10-18,2,6600,0,0,1,0,0,0,1,0,0,0,0,0,600,0,0,0,6000,0,0,0,0.016458852867830425
2017-10-19,2,2500,0,0,1,0,0,1,0,0,0,0,0,0,600,0,0,1900,0,0,0,0,0.006234413965087281
2017-10-20,1,600,0,0,1,0,0,0,0,0,0,0,0,0,600,0,0,0,0,0,0,0,0.0014962593516209476
2017-10-21,2,19600,0,1,1,0,0,0,0,0,0,0,0,19000,600,0,0,0,0,0,0,0,0.04887780548628429
2017-10-22,3,66600,0,0,1,0,1,0,1,0,0,0,0,0,600,0,60000,0,6000,0,0,0,0.16608478802992518
2017-10-23,2,12000,0,0,0,0,0,0,2,0,0,0,0,0,0,0,0,0,12000,0,0,0,0.029925187032418952
2017-10-24,2,12000,0,0,0,0,0,0,2,0,0,0,0,0,0,0,0,0,12000,0,0,0,0.029925187032418952
2017-10-25,2,12000,0,0,0,0,0,0,2,0,0,0,0,0,0,0,0,0,12000,0,0,0,0.029925187032418952
2017-10-26,2,66000,0,1,0,0,0,0,1,0,0,0,0,60000,0,0,0,0,6000,0,0,0,0.16458852867830423
2017-10-27,4,73900,0,0,2,0,1,1,0,0,0,0,0,0,61900,0,6000,6000,0,0,0,0,0.18428927680798005
2017-10-28,3,121900,0,0,2,0,1,0,0,0,0,0,0,0,61900,0,60000,0,0,0,0,0,0.30399002493765587
2017-10-29,2,79000,1,0,0,0,1,0,0,0,0,0,19000,0,0,0,60000,0,0,0,0,0,0.1970074812967581
2017-10-30,1,6000,0,1,0,0,0,0,0,0,0,0,0,6000,0,0,0,0,0,0,0,0,0.014962593516209476
2017-10-31,1,0,0,0,0,0,0,0,0,0,0,1,0,0,0,0,0,0,0,0,0,0,0.0
2017-11-01,0,0,0,0,0,0,0,0,0,0,0,0,0,0,0,0,0,0,0,0,0,0,0.0
2017-11-02,4,69800,0,0,2,0,2,0,0,0,0,0,0,0,3800,0,66000,0,0,0,0,0,0.1740648379052369
2017-11-03,0,0,0,0,0,0,0,0,0,0,0,0,0,0,0,0,0,0,0,0,0,0,0.0
2017-11-04,3,72000,0,1,0,0,1,0,1,0,0,0,0,6000,0,0,60000,0,6000,0,0,0,0.17955112219451372
2017-11-05,1,60000,0,0,0,0,1,0,0,0,0,0,0,0,0,0,60000,0,0,0,0,0,0.14962593516209477
2017-11-06,0,0,0,0,0,0,0,0,0,0,0,0,0,0,0,0,0,0,0,0,0,0,0.0
2017-11-07,0,0,0,0,0,0,0,0,0,0,0,0,0,0,0,0,0,0,0,0,0,0,0.0
2017-11-08,0,0,0,0,0,0,0,0,0,0,0,0,0,0,0,0,0,0,0,0,0,0,0.0
2017-11-09,0,0,0,0,0,0,0,0,0,0,0,0,0,0,0,0,0,0,0,0,0,0,0.0
2017-11-10,4,44000,0,2,0,0,1,0,0,1,0,0,0,38000,0,0,6000,0,0,0,0,0,0.10972568578553615
2017-11-11,2,19000,0,1,0,0,0,0,0,1,0,0,0,19000,0,0,0,0,0,0,0,0,0.04738154613466334
2017-11-12,3,31000,0,1,0,0,2,0,0,0,0,0,0,19000,0,0,12000,0,0,0,0,0,0.0773067331670823
2017-11-13,1,60000,1,0,0,0,0,0,0,0,0,0,60000,0,0,0,0,0,0,0,0,0,0.14962593516209477
2017-11-14,1,60000,1,0,0,0,0,0,0,0,0,0,60000,0,0,0,0,0,0,0,0,0,0.14962593516209477
2017-11-15,1,19000,0,0,0,0,0,1,0,0,0,0,0,0,0,0,0,19000,0,0,0,0,0.04738154613466334
2017-11-16,1,6000,0,0,0,0,0,0,1,0,0,0,0,0,0,0,0,0,6000,0,0,0,0.014962593516209476
2017-11-17,2,12000,0,0,1,0,0,0,1,0,0,0,0,0,6000,0,0,0,6000,0,0,0,0.029925187032418952
2017-11-18,4,78000,0,0,2,0,1,0,1,0,0,0,0,0,12000,0,60000,0,6000,0,0,0,0.19451371571072318
2017-11-19,0,0,0,0,0,0,0,0,0,0,0,0,0,0,0,0,0,0,0,0,0,0,0.0
2017-11-20,1,60000,0,0,0,0,1,0,0,0,0,0,0,0,0,0,60000,0,0,0,0,0,0.14962593516209477
2017-11-21,0,0,0,0,0,0,0,0,0,0,0,0,0,0,0,0,0,0,0,0,0,0,0.0
2017-11-22,1,6000,0,1,0,0,0,0,0,0,0,0,0,6000,0,0,0,0,0,0,0,0,0.014962593516209476
2017-11-23,3,19000,1,0,0,0,0,0,0,1,1,0,19000,0,0,0,0,0,0,0,0,0,0.04738154613466334
2017-11-24,4,13900,0,1,0,0,2,0,0,0,1,0,0,6000,0,0,7900,0,0,0,0,0,0.03466334164588528
2017-11-25,6,107567,0,2,1,0,1,0,2,0,0,0,0,38000,1667,0,60000,0,7900,0,0,0,0.26824688279301745
2017-11-26,3,13667,0,0,1,0,2,0,0,0,0,0,0,0,1667,0,12000,0,0,0,0,0,0.034082294264339154
2017-11-27,2,20667,0,0,1,0,1,0,0,0,0,0,0,0,1667,0,19000,0,0,0,0,0,0.05153865336658354
2017-11-28,2,7667,0,0,1,0,1,0,0,0,0,0,0,0,1667,0,6000,0,0,0,0,0,0.019119700748129676
2017-11-29,1,1667,0,0,1,0,0,0,0,0,0,0,0,0,1667,0,0,0,0,0,0,0,0.004157107231920199
2017-11-30,2,61667,0,0,1,0,1,0,0,0,0,0,0,0,1667,0,60000,0,0,0,0,0,0.15378304239401497
2017-12-01,2,20667,0,1,1,0,0,0,0,0,0,0,0,19000,1667,0,0,0,0,0,0,0,0.05153865336658354
2017-12-02,2,3567,0,0,1,0,1,0,0,0,0,0,0,0,1667,0,1900,0,0,0,0,0,0.008895261845386533
2017-12-03,5,92667,0,0,1,0,4,0,0,0,0,0,0,0,1667,0,91000,0,0,0,0,0,0.23108977556109725
2017-12-04,1,1667,0,0,1,0,0,0,0,0,0,0,0,0,1667,0,0,0,0,0,0,0,0.004157107231920199
2017-12-05,3,26667,0,1,1,0,0,1,0,0,0,0,0,19000,1667,0,0,6000,0,0,0,0,0.06650124688279302
2017-12-06,1,1667,0,0,1,0,0,0,0,0,0,0,0,0,1667,0,0,0,0,0,0,0,0.004157107231920199
2017-12-07,2,7667,1,0,1,0,0,0,0,0,0,0,6000,0,1667,0,0,0,0,0,0,0,0.019119700748129676
2017-12-08,2,7667,1,0,1,0,0,0,0,0,0,0,6000,0,1667,0,0,0,0,0,0,0,0.019119700748129676
2017-12-09,2,7667,1,0,1,0,0,0,0,0,0,0,6000,0,1667,0,0,0,0,0,0,0,0.019119700748129676
2017-12-10,5,38667,1,1,1,0,2,0,0,0,0,0,6000,19000,1667,0,12000,0,0,0,0,0,0.09642643391521197
2017-12-11,2,7667,1,0,1,0,0,0,0,0,0,0,6000,0,1667,0,0,0,0,0,0,0,0.019119700748129676
2017-12-12,3,13667,1,0,1,0,0,0,1,0,0,0,6000,0,1667,0,0,0,6000,0,0,0,0.034082294264339154
2017-12-13,3,26667,1,1,1,0,0,0,0,0,0,0,6000,19000,1667,0,0,0,0,0,0,0,0.06650124688279302
2017-12-14,2,7667,1,0,1,0,0,0,0,0,0,0,6000,0,1667,0,0,0,0,0,0,0,0.019119700748129676
2017-12-15,2,7667,1,0,1,0,0,0,0,0,0,0,6000,0,1667,0,0,0,0,0,0,0,0.019119700748129676
2017-12-16,3,26667,1,0,1,0,1,0,0,0,0,0,6000,0,1667,0,19000,0,0,0,0,0,0.06650124688279302
2017-12-17,5,133667,1,1,1,0,2,0,0,0,0,0,6000,60000,1667,0,66000,0,0,0,0,0,0.33333416458852866
2017-12-18,2,7667,1,0,1,0,0,0,0,0,0,0,6000,0,1667,0,0,0,0,0,0,0,0.019119700748129676
2017-12-19,4,32667,1,0,1,0,2,0,0,0,0,0,6000,0,1667,0,25000,0,0,0,0,0,0.0814638403990025
2017-12-20,2,7667,1,0,1,0,0,0,0,0,0,0,6000,0,1667,0,0,0,0,0,0,0,0.019119700748129676
2017-12-21,2,7667,1,0,1,0,0,0,0,0,0,0,6000,0,1667,0,0,0,0,0,0,0,0.019119700748129676
2017-12-22,5,51667,1,2,1,0,1,0,0,0,0,0,6000,38000,1667,0,6000,0,0,0,0,0,0.12884538653366584
2017-12-23,3,26667,1,1,1,0,0,0,0,0,0,0,6000,19000,1667,0,0,0,0,0,0,0,0.06650124688279302
2017-12-24,2,7667,1,0,1,0,0,0,0,0,0,0,6000,0,1667,0,0,0,0,0,0,0,0.019119700748129676
2017-12-25,4,7667,1,0,1,0,0,0,0,1,1,0,6000,0,1667,0,0,0,0,0,0,0,0.019119700748129676
2017-12-26,3,7667,1,0,1,0,0,0,0,0,1,0,6000,0,1667,0,0,0,0,0,0,0,0.019119700748129676
2017-12-27,3,7667,1,0,1,0,0,0,0,0,1,0,6000,0,1667,0,0,0,0,0,0,0,0.019119700748129676
2017-12-28,3,7667,1,0,1,0,0,0,0,0,1,0,6000,0,1667,0,0,0,0,0,0,0,0.019119700748129676
2017-12-29,4,13667,1,0,2,0,0,0,0,0,1,0,6000,0,7667,0,0,0,0,0,0,0,0.034082294264339154
2017-12-30,3,7667,1,0,1,0,0,0,0,0,1,0,6000,0,1667,0,0,0,0,0,0,0,0.019119700748129676
2017-12-31,6,127667,1,1,1,0,1,0,0,0,1,1,6000,60000,1667,0,60000,0,0,0,0,0,0.31837157107231917
2018-01-01,3,6000,1,0,0,0,0,0,0,1,1,0,6000,0,0,0,0,0,0,0,0,0,0.014962593516209476
2018-01-02,1,0,0,0,0,0,0,0,0,0,1,0,0,0,0,0,0,0,0,0,0,0,0.0
2018-01-03,1,0,0,0,0,0,0,0,0,0,1,0,0,0,0,0,0,0,0,0,0,0,0.0
2018-01-04,1,0,0,0,0,0,0,0,0,0,1,0,0,0,0,0,0,0,0,0,0,0,0.0
2018-01-05,2,6000,0,0,0,0,1,0,0,0,1,0,0,0,0,0,6000,0,0,0,0,0,0.014962593516209476
2018-01-06,1,19000,0,0,0,0,1,0,0,0,0,0,0,0,0,0,19000,0,0,0,0,0,0.04738154613466334
2018-01-07,0,0,0,0,0,0,0,0,0,0,0,0,0,0,0,0,0,0,0,0,0,0,0.0
2018-01-08,0,0,0,0,0,0,0,0,0,0,0,0,0,0,0,0,0,0,0,0,0,0,0.0
2018-01-09,0,0,0,0,0,0,0,0,0,0,0,0,0,0,0,0,0,0,0,0,0,0,0.0
2018-01-10,0,0,0,0,0,0,0,0,0,0,0,0,0,0,0,0,0,0,0,0,0,0,0.0
2018-01-11,1,6000,0,0,0,0,1,0,0,0,0,0,0,0,0,0,6000,0,0,0,0,0,0.014962593516209476
2018-01-12,3,31000,1,1,0,0,0,1,0,0,0,0,6000,19000,0,0,0,6000,0,0,0,0,0.0773067331670823
2018-01-13,5,43000,0,1,0,0,2,1,1,0,0,0,0,6000,0,0,25000,6000,6000,0,0,0,0.10723192019950124
2018-01-14,2,12000,0,0,0,0,0,1,1,0,0,0,0,0,0,0,0,6000,6000,0,0,0,0.029925187032418952
2018-01-15,3,6000,1,0,0,0,0,0,0,2,0,0,6000,0,0,0,0,0,0,0,0,0,0.014962593516209476
2018-01-16,0,0,0,0,0,0,0,0,0,0,0,0,0,0,0,0,0,0,0,0,0,0,0.0
2018-01-17,0,0,0,0,0,0,0,0,0,0,0,0,0,0,0,0,0,0,0,0,0,0,0.0
2018-01-18,0,0,0,0,0,0,0,0,0,0,0,0,0,0,0,0,0,0,0,0,0,0,0.0
2018-01-19,1,667,0,0,1,0,0,0,0,0,0,0,0,0,667,0,0,0,0,0,0,0,0.0016633416458852867
2018-01-20,4,31667,1,0,1,1,0,0,1,0,0,0,6000,0,667,19000,0,0,6000,0,0,0,0.07897007481296758
2018-01-21,2,6667,0,0,1,0,0,0,1,0,0,0,0,0,667,0,0,0,6000,0,0,0,0.016625935162094763
2018-01-22,2,6667,0,0,1,0,0,0,1,0,0,0,0,0,667,0,0,0,6000,0,0,0,0.016625935162094763
2018-01-23,2,6667,0,0,1,0,0,0,1,0,0,0,0,0,667,0,0,0,6000,0,0,0,0.016625935162094763
2018-01-24,1,667,0,0,1,0,0,0,0,0,0,0,0,0,667,0,0,0,0,0,0,0,0.0016633416458852867
2018-01-25,2,19667,0,1,1,0,0,0,0,0,0,0,0,19000,667,0,0,0,0,0,0,0,0.04904488778054863
2018-01-26,4,29067,0,0,1,0,2,0,1,0,0,0,0,0,667,0,20900,0,7500,0,0,0,0.07248628428927681
2018-01-27,2,8167,0,0,1,0,0,0,1,0,0,0,0,0,667,0,0,0,7500,0,0,0,0.02036658354114713
2018-01-28,4,20167,0,0,1,0,2,0,1,0,0,0,0,0,667,0,12000,0,7500,0,0,0,0.05029177057356608
2018-01-29,2,26500,0,0,0,0,0,1,1,0,0,0,0,0,0,0,0,19000,7500,0,0,0,0.06608478802992518
2018-01-30,1,7500,0,0,0,0,0,0,1,0,0,0,0,0,0,0,0,0,7500,0,0,0,0.018703241895261846
2018-01-31,1,7500,0,0,0,0,0,0,1,0,0,0,0,0,0,0,0,0,7500,0,0,0,0.018703241895261846
2018-02-01,2,13500,0,0,0,0,1,0,1,0,0,0,0,0,0,0,6000,0,7500,0,0,0,0.03366583541147132
2018-02-02,2,7731,0,0,0,0,0,0,2,0,0,0,0,0,0,0,0,0,7731,0,0,0,0.01927930174563591
2018-02-03,5,38731,0,0,0,0,2,0,3,0,0,0,0,0,0,0,25000,0,13731,0,0,0,0.09658603491271821
2018-02-04,2,6231,0,0,0,0,0,0,2,0,0,0,0,0,0,0,0,0,6231,0,0,0,0.01553865336658354
2018-02-05,2,6231,0,0,0,0,0,0,2,0,0,0,0,0,0,0,0,0,6231,0,0,0,0.01553865336658354
2018-02-06,1,231,0,0,0,0,0,0,1,0,0,0,0,0,0,0,0,0,231,0,0,0,0.0005760598503740649
2018-02-07,3,66231,0,0,0,0,0,0,3,0,0,0,0,0,0,0,0,0,66231,0,0,0,0.1651645885286783
2018-02-08,4,126231,0,0,0,0,0,1,3,0,0,0,0,0,0,0,0,60000,66231,0,0,0,0.31479052369077304
2018-02-09,4,72231,0,0,0,0,1,0,3,0,0,0,0,0,0,0,6000,0,66231,0,0,0,0.18012718204488778
2018-02-10,3,120231,0,0,0,0,0,1,2,0,0,0,0,0,0,0,0,60000,60231,0,0,0,0.2998279301745636
2018-02-11,5,145231,0,0,1,0,1,1,2,0,0,0,0,0,19000,0,6000,60000,60231,0,0,0,0.36217206982543637
2018-02-12,1,231,0,0,0,0,0,0,1,0,0,0,0,0,0,0,0,0,231,0,0,0,0.0005760598503740649
2018-02-13,1,231,0,0,0,0,0,0,1,0,0,0,0,0,0,0,0,0,231,0,0,0,0.0005760598503740649
2018-02-14,2,231,0,0,0,0,0,0,1,0,0,1,0,0,0,0,0,0,231,0,0,0,0.0005760598503740649
2018-02-15,3,25231,0,0,0,0,1,0,2,0,0,0,0,0,0,0,6000,0,19231,0,0,0,0.06292019950124689
2018-02-16,5,42148,0,1,1,0,0,0,3,0,0,0,0,19000,3167,0,0,0,19981,0,0,0,0.1051072319201995
2018-02-17,6,48148,0,0,1,0,2,0,3,0,0,0,0,0,3167,0,25000,0,19981,0,0,0,0.12006982543640897
2018-02-18,3,4148,0,0,1,0,0,0,2,0,0,0,0,0,3167,0,0,0,981,0,0,0,0.010344139650872818
2018-02-19,5,23148,0,1,1,0,0,0,2,1,0,0,0,19000,3167,0,0,0,981,0,0,0,0.057725685785536156
2018-02-20,3,4148,0,0,1,0,0,0,2,0,0,0,0,0,3167,0,0,0,981,0,0,0,0.010344139650872818
2018-02-21,3,4148,0,0,1,0,0,0,2,0,0,0,0,0,3167,0,0,0,981,0,0,0,0.010344139650872818
2018-02-22,4,6048,0,0,2,0,0,0,2,0,0,0,0,0,5067,0,0,0,981,0,0,0,0.01508229426433915
2018-02-23,4,8881,0,0,1,0,1,0,2,0,0,0,0,0,1900,0,6000,0,981,0,0,0,0.022147132169576058
2018-02-24,4,8881,0,0,1,0,0,0,3,0,0,0,0,0,1900,0,0,0,6981,0,0,0,0.022147132169576058
2018-02-25,2,6231,0,0,0,0,1,0,1,0,0,0,0,0,0,0,6000,0,231,0,0,0,0.01553865336658354
2018-02-26,1,231,0,0,0,0,0,0,1,0,0,0,0,0,0,0,0,0,231,0,0,0,0.0005760598503740649
2018-02-27,1,231,0,0,0,0,0,0,1,0,0,0,0,0,0,0,0,0,231,0,0,0,0.0005760598503740649
2018-02-28,1,231,0,0,0,0,0,0,1,0,0,0,0,0,0,0,0,0,231,0,0,0,0.0005760598503740649
2018-03-01,5,97000,0,0,0,0,4,1,0,0,0,0,0,0,0,0,37000,60000,0,0,0,0,0.24189526184538654
2018-03-02,3,72000,0,0,0,0,2,1,0,0,0,0,0,0,0,0,12000,60000,0,0,0,0,0.17955112219451372
2018-03-03,4,78000,0,0,0,0,2,1,1,0,0,0,0,0,0,0,12000,60000,6000,0,0,0,0.19451371571072318
2018-03-04,5,138000,0,0,0,0,3,1,1,0,0,0,0,0,0,0,72000,60000,6000,0,0,0,0.34413965087281795
2018-03-05,0,0,0,0,0,0,0,0,0,0,0,0,0,0,0,0,0,0,0,0,0,0,0.0
2018-03-06,1,6000,0,0,0,0,0,0,1,0,0,0,0,0,0,0,0,0,6000,0,0,0,0.014962593516209476
2018-03-07,1,19000,0,0,0,0,1,0,0,0,0,0,0,0,0,0,19000,0,0,0,0,0,0.04738154613466334
2018-03-08,0,0,0,0,0,0,0,0,0,0,0,0,0,0,0,0,0,0,0,0,0,0,0.0
2018-03-09,1,19000,0,1,0,0,0,0,0,0,0,0,0,19000,0,0,0,0,0,0,0,0,0.04738154613466334
2018-03-10,1,6000,0,1,0,0,0,0,0,0,0,0,0,6000,0,0,0,0,0,0,0,0,0.014962593516209476
2018-03-11,0,0,0,0,0,0,0,0,0,0,0,0,0,0,0,0,0,0,0,0,0,0,0.0
2018-03-12,0,0,0,0,0,0,0,0,0,0,0,0,0,0,0,0,0,0,0,0,0,0,0.0
2018-03-13,1,6000,0,1,0,0,0,0,0,0,0,0,0,6000,0,0,0,0,0,0,0,0,0.014962593516209476
2018-03-14,2,25000,0,0,0,0,2,0,0,0,0,0,0,0,0,0,25000,0,0,0,0,0,0.062344139650872814
2018-03-15,1,792,0,0,1,0,0,0,0,0,0,0,0,0,792,0,0,0,0,0,0,0,0.001975062344139651
2018-03-16,5,24792,0,0,1,0,0,4,0,0,0,0,0,0,792,0,0,24000,0,0,0,0,0.06182543640897755
2018-03-17,2,19792,0,0,2,0,0,0,0,0,0,0,0,0,19792,0,0,0,0,0,0,0,0.049356608478802994
2018-03-18,1,792,0,0,1,0,0,0,0,0,0,0,0,0,792,0,0,0,0,0,0,0,0.001975062344139651
2018-03-19,1,792,0,0,1,0,0,0,0,0,0,0,0,0,792,0,0,0,0,0,0,0,0.001975062344139651
2018-03-20,2,6792,0,0,1,0,0,0,1,0,0,0,0,0,792,0,0,0,6000,0,0,0,0.016937655860349128
2018-03-21,1,792,0,0,1,0,0,0,0,0,0,0,0,0,792,0,0,0,0,0,0,0,0.001975062344139651
2018-03-22,2,2792,0,0,2,0,0,0,0,0,0,0,0,0,2792,0,0,0,0,0,0,0,0.006962593516209476
2018-03-23,2,2792,0,0,2,0,0,0,0,0,0,0,0,0,2792,0,0,0,0,0,0,0,0.006962593516209476
2018-03-24,4,68792,0,1,2,0,1,0,0,0,0,0,0,60000,2792,0,6000,0,0,0,0,0,0.1715511221945137
2018-03-25,3,62792,0,1,2,0,0,0,0,0,0,0,0,60000,2792,0,0,0,0,0,0,0,0.15658852867830422
2018-03-26,1,792,0,0,1,0,0,0,0,0,0,0,0,0,792,0,0,0,0,0,0,0,0.001975062344139651
2018-03-27,1,792,0,0,1,0,0,0,0,0,0,0,0,0,792,0,0,0,0,0,0,0,0.001975062344139651
2018-03-28,1,792,0,0,1,0,0,0,0,0,0,0,0,0,792,0,0,0,0,0,0,0,0.001975062344139651
2018-03-29,3,66792,0,1,1,0,1,0,0,0,0,0,0,6000,792,0,60000,0,0,0,0,0,0.1665635910224439
2018-03-30,5,37792,0,1,3,0,0,0,1,0,0,0,0,6000,12792,0,0,0,19000,0,0,0,0.09424438902743142
2018-03-31,9,163792,1,1,3,0,2,0,1,1,0,0,6000,6000,12792,0,120000,0,19000,0,0,0,0.4084588528678304
2018-04-01,3,38792,0,0,1,0,1,0,1,0,0,0,0,0,792,0,19000,0,19000,0,0,0,0.09673815461346633
2018-04-02,2,792,0,0,1,0,0,0,0,0,1,0,0,0,792,0,0,0,0,0,0,0,0.001975062344139651
2018-04-03,2,792,0,0,1,0,0,0,0,0,1,0,0,0,792,0,0,0,0,0,0,0,0.001975062344139651
2018-04-04,4,25792,0,1,1,0,0,1,0,0,1,0,0,6000,792,0,0,19000,0,0,0,0,0.06431920199501247
2018-04-05,2,792,0,0,1,0,0,0,0,0,1,0,0,0,792,0,0,0,0,0,0,0,0.001975062344139651
2018-04-06,2,792,0,0,1,0,0,0,0,0,1,0,0,0,792,0,0,0,0,0,0,0,0.001975062344139651
2018-04-07,2,60792,0,0,1,0,1,0,0,0,0,0,0,0,792,0,60000,0,0,0,0,0,0.1516009975062344
2018-04-08,1,792,0,0,1,0,0,0,0,0,0,0,0,0,792,0,0,0,0,0,0,0,0.001975062344139651
2018-04-09,0,0,0,0,0,0,0,0,0,0,0,0,0,0,0,0,0,0,0,0,0,0,0.0
2018-04-10,0,0,0,0,0,0,0,0,0,0,0,0,0,0,0,0,0,0,0,0,0,0,0.0
2018-04-11,0,0,0,0,0,0,0,0,0,0,0,0,0,0,0,0,0,0,0,0,0,0,0.0
2018-04-12,0,0,0,0,0,0,0,0,0,0,0,0,0,0,0,0,0,0,0,0,0,0,0.0
2018-04-13,1,19000,0,0,0,0,1,0,0,0,0,0,0,0,0,0,19000,0,0,0,0,0,0.04738154613466334
2018-04-14,2,25000,0,0,1,0,1,0,0,0,0,0,0,0,6000,0,19000,0,0,0,0,0,0.062344139650872814
2018-04-15,2,25000,0,0,1,0,1,0,0,0,0,0,0,0,6000,0,19000,0,0,0,0,0,0.062344139650872814
2018-04-16,1,19000,0,0,0,0,1,0,0,0,0,0,0,0,0,0,19000,0,0,0,0,0,0.04738154613466334
2018-04-17,2,38000,0,0,0,0,1,1,0,0,0,0,0,0,0,0,19000,19000,0,0,0,0,0.09476309226932668
2018-04-18,2,38000,0,0,0,0,1,1,0,0,0,0,0,0,0,0,19000,19000,0,0,0,0,0.09476309226932668
2018-04-19,3,31000,0,0,1,0,1,0,1,0,0,0,0,0,6000,0,19000,0,6000,0,0,0,0.0773067331670823
2018-04-20,2,7900,0,0,0,0,0,1,1,0,0,0,0,0,0,0,0,1900,6000,0,0,0,0.01970074812967581
2018-04-21,4,28800,0,0,0,0,1,1,2,0,0,0,0,0,0,0,19000,1900,7900,0,0,0,0.07182044887780549
2018-04-22,3,72000,0,0,1,0,1,0,1,0,0,0,0,0,6000,0,60000,0,6000,0,0,0,0.17955112219451372
2018-04-23,0,0,0,0,0,0,0,0,0,0,0,0,0,0,0,0,0,0,0,0,0,0,0.0
2018-04-24,0,0,0,0,0,0,0,0,0,0,0,0,0,0,0,0,0,0,0,0,0,0,0.0
2018-04-25,0,0,0,0,0,0,0,0,0,0,0,0,0,0,0,0,0,0,0,0,0,0,0.0
2018-04-26,0,0,0,0,0,0,0,0,0,0,0,0,0,0,0,0,0,0,0,0,0,0,0.0
2018-04-27,1,6000,0,0,0,0,0,1,0,0,0,0,0,0,0,0,0,6000,0,0,0,0,0.014962593516209476
2018-04-28,3,18000,0,1,1,0,0,1,0,0,0,0,0,6000,6000,0,0,6000,0,0,0,0,0.04488778054862843
2018-04-29,3,44000,0,2,0,0,0,1,0,0,0,0,0,38000,0,0,0,6000,0,0,0,0,0.10972568578553615
2018-04-30,0,0,0,0,0,0,0,0,0,0,0,0,0,0,0,0,0,0,0,0,0,0,0.0
2018-05-01,2,25000,0,1,0,0,1,0,0,0,0,0,0,6000,0,0,19000,0,0,0,0,0,0.062344139650872814
2018-05-02,1,19000,0,0,0,0,1,0,0,0,0,0,0,0,0,0,19000,0,0,0,0,0,0.04738154613466334
2018-05-03,3,44000,0,1,0,0,1,1,0,0,0,0,0,6000,0,0,19000,19000,0,0,0,0,0.10972568578553615
2018-05-04,3,126000,0,1,0,0,1,0,1,0,0,0,0,60000,0,0,60000,0,6000,0,0,0,0.31421446384039897
2018-05-05,4,186000,0,0,1,0,2,0,1,0,0,0,0,0,60000,0,120000,0,6000,0,0,0,0.46384039900249374
2018-05-06,3,72000,0,0,1,0,1,0,1,0,0,0,0,0,6000,0,60000,0,6000,0,0,0,0.17955112219451372
2018-05-07,1,6000,0,0,0,0,0,1,0,0,0,0,0,0,0,0,0,6000,0,0,0,0,0.014962593516209476
2018-05-08,2,12000,0,0,0,0,1,1,0,0,0,0,0,0,0,0,6000,6000,0,0,0,0,0.029925187032418952
2018-05-09,1,6000,0,0,0,0,0,1,0,0,0,0,0,0,0,0,0,6000,0,0,0,0,0.014962593516209476
2018-05-10,1,60000,0,0,1,0,0,0,0,0,0,0,0,0,60000,0,0,0,0,0,0,0,0.14962593516209477
2018-05-11,1,60000,0,0,1,0,0,0,0,0,0,0,0,0,60000,0,0,0,0,0,0,0,0.14962593516209477
2018-05-12,4,73900,0,1,1,0,1,0,1,0,0,0,0,6000,60000,0,6000,0,1900,0,0,0,0.18428927680798005
2018-05-13,1,19000,0,1,0,0,0,0,0,0,0,0,0,19000,0,0,0,0,0,0,0,0,0.04738154613466334
2018-05-14,0,0,0,0,0,0,0,0,0,0,0,0,0,0,0,0,0,0,0,0,0,0,0.0
2018-05-15,2,25000,0,0,0,0,1,0,1,0,0,0,0,0,0,0,19000,0,6000,0,0,0,0.062344139650872814
2018-05-16,1,19000,0,0,0,0,1,0,0,0,0,0,0,0,0,0,19000,0,0,0,0,0,0.04738154613466334
2018-05-17,1,19000,0,0,0,0,1,0,0,0,0,0,0,0,0,0,19000,0,0,0,0,0,0.04738154613466334
2018-05-18,2,79000,0,1,0,0,1,0,0,0,0,0,0,19000,0,0,60000,0,0,0,0,0,0.1970074812967581
2018-05-19,6,157000,1,0,2,0,2,1,0,0,0,0,19000,0,66000,0,66000,6000,0,0,0,0,0.3915211970074813
2018-05-20,7,150000,1,1,1,0,3,1,0,0,0,0,6000,6000,60000,0,72000,6000,0,0,0,0,0.37406483790523687
2018-05-21,1,6000,0,0,0,0,0,1,0,0,0,0,0,0,0,0,0,6000,0,0,0,0,0.014962593516209476
2018-05-22,4,78000,0,1,0,0,0,1,2,0,0,0,0,60000,0,0,0,6000,12000,0,0,0,0.19451371571072318
2018-05-23,1,6000,0,0,0,0,0,1,0,0,0,0,0,0,0,0,0,6000,0,0,0,0,0.014962593516209476
2018-05-24,0,0,0,0,0,0,0,0,0,0,0,0,0,0,0,0,0,0,0,0,0,0,0.0
2018-05-25,3,87667,0,0,1,0,2,0,0,0,0,0,0,0,62667,0,25000,0,0,0,0,0,0.21862094763092269
2018-05-26,4,147667,0,0,1,0,2,0,1,0,0,0,0,0,62667,0,79000,0,6000,0,0,0,0.3682468827930174
2018-05-27,4,93667,0,1,1,0,1,0,1,0,0,0,0,6000,62667,0,19000,0,6000,0,0,0,0.23358354114713217
2018-05-28,4,87667,0,0,1,0,1,0,1,1,0,0,0,0,62667,0,19000,0,6000,0,0,0,0.21862094763092269
2018-05-29,2,25000,0,0,0,0,2,0,0,0,0,0,0,0,0,0,25000,0,0,0,0,0,0.062344139650872814
2018-05-30,2,25000,0,0,0,0,1,0,1,0,0,0,0,0,0,0,19000,0,6000,0,0,0,0.062344139650872814
2018-05-31,3,31000,0,0,0,0,2,0,1,0,0,0,0,0,0,0,25000,0,6000,0,0,0,0.0773067331670823
2018-06-01,3,44000,0,0,1,0,1,0,1,0,0,0,0,0,19000,0,19000,0,6000,0,0,0,0.10972568578553615
2018-06-02,3,44000,0,0,1,0,1,1,0,0,0,0,0,0,19000,0,19000,6000,0,0,0,0,0.10972568578553615
2018-06-03,6,75000,1,1,1,0,2,1,0,0,0,0,6000,19000,19000,0,25000,6000,0,0,0,0,0.18703241895261843
2018-06-04,2,12000,0,0,0,0,0,2,0,0,0,0,0,0,0,0,0,12000,0,0,0,0,0.029925187032418952
2018-06-05,2,25000,0,1,0,0,0,1,0,0,0,0,0,19000,0,0,0,6000,0,0,0,0,0.062344139650872814
2018-06-06,3,31000,0,1,0,0,0,1,1,0,0,0,0,19000,0,0,0,6000,6000,0,0,0,0.0773067331670823
2018-06-07,0,0,0,0,0,0,0,0,0,0,0,0,0,0,0,0,0,0,0,0,0,0,0.0
2018-06-08,1,6000,0,1,0,0,0,0,0,0,0,0,0,6000,0,0,0,0,0,0,0,0,0.014962593516209476
2018-06-09,3,72000,0,1,0,0,2,0,0,0,0,0,0,6000,0,0,66000,0,0,0,0,0,0.17955112219451372
2018-06-10,3,44000,0,1,0,0,2,0,0,0,0,0,0,19000,0,0,25000,0,0,0,0,0,0.10972568578553615
2018-06-11,2,25000,0,1,0,0,1,0,0,0,0,0,0,6000,0,0,19000,0,0,0,0,0,0.062344139650872814
2018-06-12,2,25000,0,0,0,0,2,0,0,0,0,0,0,0,0,0,25000,0,0,0,0,0,0.062344139650872814
2018-06-13,1,19000,0,0,0,0,1,0,0,0,0,0,0,0,0,0,19000,0,0,0,0,0,0.04738154613466334
2018-06-14,5,69000,0,1,0,2,1,1,0,0,0,0,0,6000,0,38000,19000,6000,0,0,0,0,0.17206982543640897
2018-06-15,5,91000,0,0,1,0,2,1,0,0,1,0,0,0,19000,0,66000,6000,0,0,0,0,0.22693266832917705
2018-06-16,8,143900,0,1,2,0,2,2,0,0,1,0,0,1900,38000,0,79000,25000,0,0,0,0,0.3588528678304239
2018-06-17,7,116000,0,2,1,0,2,1,0,0,1,0,0,12000,19000,0,66000,19000,0,0,0,0,0.28927680798004984
2018-06-18,1,0,0,0,0,0,0,0,0,0,1,0,0,0,0,0,0,0,0,0,0,0,0.0
2018-06-19,2,6000,0,0,0,0,1,0,0,0,1,0,0,0,0,0,6000,0,0,0,0,0,0.014962593516209476
2018-06-20,3,25000,0,0,0,0,1,1,0,0,1,0,0,0,0,0,6000,19000,0,0,0,0,0.062344139650872814
2018-06-21,3,25000,0,1,0,0,0,1,0,0,1,0,0,6000,0,0,0,19000,0,0,0,0,0.062344139650872814
2018-06-22,5,132000,1,1,0,0,1,1,0,0,1,0,60000,6000,0,0,6000,60000,0,0,0,0,0.32917705735660846
2018-06-23,11,235000,0,5,2,0,2,1,0,0,1,0,0,43000,66000,0,66000,60000,0,0,0,0,0.5860349127182045
2018-06-24,7,157000,1,1,2,1,0,1,0,0,1,0,6000,6000,66000,19000,0,60000,0,0,0,0,0.3915211970074813
2018-06-25,1,0,0,0,0,0,0,0,0,0,1,0,0,0,0,0,0,0,0,0,0,0,0.0
2018-06-26,1,0,0,0,0,0,0,0,0,0,1,0,0,0,0,0,0,0,0,0,0,0,0.0
2018-06-27,3,12000,0,2,0,0,0,0,0,0,1,0,0,12000,0,0,0,0,0,0,0,0,0.029925187032418952
2018-06-28,2,6000,0,0,0,0,1,0,0,0,1,0,0,0,0,0,6000,0,0,0,0,0,0.014962593516209476
2018-06-29,2,19000,0,0,0,0,1,0,0,0,1,0,0,0,0,0,19000,0,0,0,0,0,0.04738154613466334
2018-06-30,6,92900,0,1,0,0,4,0,0,0,1,0,0,6000,0,0,86900,0,0,0,0,0,0.23167082294264338
2018-07-01,5,84000,0,1,0,0,3,0,0,0,1,0,0,6000,0,0,78000,0,0,0,0,0,0.20947630922693267
2018-07-02,3,18000,0,1,0,0,1,0,0,0,1,0,0,6000,0,0,12000,0,0,0,0,0,0.04488778054862843
2018-07-03,3,72000,0,0,0,0,2,0,0,0,1,0,0,0,0,0,72000,0,0,0,0,0,0.17955112219451372
2018-07-04,6,138000,0,0,2,0,2,0,0,1,1,0,0,0,66000,0,72000,0,0,0,0,0,0.34413965087281795
2018-07-05,3,31000,0,0,0,0,2,0,0,0,1,0,0,0,0,0,31000,0,0,0,0,0,0.0773067331670823
2018-07-06,3,31000,0,0,0,0,2,0,0,0,1,0,0,0,0,0,31000,0,0,0,0,0,0.0773067331670823
2018-07-07,6,200900,0,3,0,0,2,0,0,0,1,0,0,139000,0,0,61900,0,0,0,0,0,0.500997506234414
2018-07-08,4,72000,0,0,0,0,3,0,0,0,1,0,0,0,0,0,72000,0,0,0,0,0,0.17955112219451372
2018-07-09,2,19000,0,1,0,0,0,0,0,0,1,0,0,19000,0,0,0,0,0,0,0,0,0.04738154613466334
2018-07-10,3,12000,0,0,0,0,1,1,0,0,1,0,0,0,0,0,6000,6000,0,0,0,0,0.029925187032418952
2018-07-11,3,7900,0,0,0,0,1,1,0,0,1,0,0,0,0,0,1900,6000,0,0,0,0,0.01970074812967581
2018-07-12,2,6000,0,0,0,0,0,1,0,0,1,0,0,0,0,0,0,6000,0,0,0,0,0.014962593516209476
2018-07-13,6,177000,0,1,4,0,0,0,0,0,1,0,0,19000,158000,0,0,0,0,0,0,0,0.44139650872817954
2018-07-14,11,233000,0,1,7,0,2,0,0,0,1,0,0,6000,215000,0,12000,0,0,0,0,0,0.5810473815461347
2018-07-15,7,196000,0,0,6,0,0,0,0,0,1,0,0,0,196000,0,0,0,0,0,0,0,0.48877805486284287
2018-07-16,1,0,0,0,0,0,0,0,0,0,1,0,0,0,0,0,0,0,0,0,0,0,0.0
2018-07-17,1,0,0,0,0,0,0,0,0,0,1,0,0,0,0,0,0,0,0,0,0,0,0.0
2018-07-18,1,0,0,0,0,0,0,0,0,0,1,0,0,0,0,0,0,0,0,0,0,0,0.0
2018-07-19,2,19000,0,1,0,0,0,0,0,0,1,0,0,19000,0,0,0,0,0,0,0,0,0.04738154613466334
2018-07-20,5,286000,0,1,2,0,1,0,0,0,1,0,0,19000,207000,0,60000,0,0,0,0,0,0.713216957605985
2018-07-21,7,393000,0,1,3,0,2,0,0,0,1,0,0,60000,213000,0,120000,0,0,0,0,0,0.9800498753117207
2018-07-22,6,292000,0,1,3,0,1,0,0,0,1,0,0,19000,213000,0,60000,0,0,0,0,0,0.7281795511221945
2018-07-23,1,0,0,0,0,0,0,0,0,0,1,0,0,0,0,0,0,0,0,0,0,0,0.0
2018-07-24,2,60000,0,0,0,0,1,0,0,0,1,0,0,0,0,0,60000,0,0,0,0,0,0.14962593516209477
2018-07-25,2,60000,0,0,0,0,1,0,0,0,1,0,0,0,0,0,60000,0,0,0,0,0,0.14962593516209477
2018-07-26,3,12000,0,0,0,0,0,0,2,0,1,0,0,0,0,0,0,0,12000,0,0,0,0.029925187032418952
2018-07-27,6,97000,1,2,1,0,0,0,1,0,1,0,6000,25000,60000,0,0,0,6000,0,0,0,0.24189526184538654
2018-07-28,7,90000,0,2,2,0,1,0,1,0,1,0,0,12000,66000,0,6000,0,6000,0,0,0,0.22443890274314213
2018-07-29,4,126000,0,0,1,0,1,0,1,0,1,0,0,0,60000,0,60000,0,6000,0,0,0,0.31421446384039897
2018-07-30,3,79000,0,1,0,0,1,0,0,0,1,0,0,19000,0,0,60000,0,0,0,0,0,0.1970074812967581
2018-07-31,3,79000,0,0,0,0,1,0,1,0,1,0,0,0,0,0,19000,0,60000,0,0,0,0.1970074812967581
2018-08-01,3,66000,0,1,0,0,1,0,0,0,1,0,0,6000,0,0,60000,0,0,0,0,0,0.16458852867830423
2018-08-02,3,38000,0,0,0,0,1,0,1,0,1,0,0,0,0,0,19000,0,19000,0,0,0,0.09476309226932668
2018-08-03,6,251000,0,0,2,0,2,0,1,0,1,0,0,0,194000,0,38000,0,19000,0,0,0,0.6259351620947631
2018-08-04,8,317000,0,0,4,0,1,0,2,0,1,0,0,0,219000,0,60000,0,38000,0,0,0,0.7905236907730673
2018-08-05,7,298000,0,0,3,0,2,0,1,0,1,0,0,0,213000,0,66000,0,19000,0,0,0,0.743142144638404
2018-08-06,1,0,0,0,0,0,0,0,0,0,1,0,0,0,0,0,0,0,0,0,0,0,0.0
2018-08-07,1,0,0,0,0,0,0,0,0,0,1,0,0,0,0,0,0,0,0,0,0,0,0.0
2018-08-08,2,60000,0,1,0,0,0,0,0,0,1,0,0,60000,0,0,0,0,0,0,0,0,0.14962593516209477
2018-08-09,2,60000,0,0,0,0,1,0,0,0,1,0,0,0,0,0,60000,0,0,0,0,0,0.14962593516209477
2018-08-10,7,224000,0,3,3,0,0,0,0,0,1,0,0,98000,126000,0,0,0,0,0,0,0,0.5586034912718204
2018-08-11,6,151000,0,2,3,0,0,0,0,0,1,0,0,25000,126000,0,0,0,0,0,0,0,0.3765586034912718
2018-08-12,6,164000,0,2,1,0,2,0,0,0,1,0,0,25000,60000,0,79000,0,0,0,0,0,0.4089775561097257
2018-08-13,3,12000,0,1,1,0,0,0,0,0,1,0,0,6000,6000,0,0,0,0,0,0,0,0.029925187032418952
2018-08-14,2,6000,0,0,1,0,0,0,0,0,1,0,0,0,6000,0,0,0,0,0,0,0,0.014962593516209476
2018-08-15,2,1900,0,0,0,0,1,0,0,0,1,0,0,0,0,0,1900,0,0,0,0,0,0.004738154613466334
2018-08-16,2,6000,0,0,1,0,0,0,0,0,1,0,0,0,6000,0,0,0,0,0,0,0,0.014962593516209476
2018-08-17,8,158900,0,2,2,0,2,0,1,0,1,0,0,7900,66000,0,79000,0,6000,0,0,0,0.3962593516209476
2018-08-18,8,199900,0,0,3,0,2,0,2,0,1,0,0,0,67900,0,120000,0,12000,0,0,0,0.49850374064837905
2018-08-19,7,170000,0,0,2,0,2,0,2,0,1,0,0,0,79000,0,79000,0,12000,0,0,0,0.4239401496259351
2018-08-20,3,25000,0,0,0,0,1,0,1,0,1,0,0,0,0,0,19000,0,6000,0,0,0,0.062344139650872814
2018-08-21,3,20900,0,0,0,0,2,0,0,0,1,0,0,0,0,0,20900,0,0,0,0,0,0.052119700748129674
2018-08-22,2,19000,0,0,0,0,1,0,0,0,1,0,0,0,0,0,19000,0,0,0,0,0,0.04738154613466334
2018-08-23,1,0,0,0,0,0,0,0,0,0,1,0,0,0,0,0,0,0,0,0,0,0,0.0
2018-08-24,4,26900,0,3,0,0,0,0,0,0,1,0,0,26900,0,0,0,0,0,0,0,0,0.06708229426433915
2018-08-25,8,122000,0,3,1,0,3,0,0,0,1,0,0,72000,19000,0,31000,0,0,0,0,0,0.30423940149625933
2018-08-26,5,91000,0,2,1,0,1,0,0,0,1,0,0,66000,19000,0,6000,0,0,0,0,0,0.22693266832917705
2018-08-27,1,0,0,0,0,0,0,0,0,0,1,0,0,0,0,0,0,0,0,0,0,0,0.0
2018-08-28,2,6000,0,0,0,0,1,0,0,0,1,0,0,0,0,0,6000,0,0,0,0,0,0.014962593516209476
2018-08-29,1,0,0,0,0,0,0,0,0,0,1,0,0,0,0,0,0,0,0,0,0,0,0.0
2018-08-30,2,79000,0,0,0,0,1,0,1,0,0,0,0,0,0,0,60000,0,19000,0,0,0,0.1970074812967581
2018-08-31,5,200900,0,1,1,0,1,0,2,0,0,0,0,60000,60000,0,1900,0,79000,0,0,0,0.500997506234414
2018-09-01,6,265000,0,1,1,0,2,0,2,0,0,0,0,60000,60000,0,66000,0,79000,0,0,0,0.6608478802992519
2018-09-02,3,139000,0,0,1,0,0,0,2,0,0,0,0,0,60000,0,0,0,79000,0,0,0,0.34663341645885287
2018-09-03,3,79000,0,0,0,0,1,0,1,1,0,0,0,0,0,0,19000,0,60000,0,0,0,0.1970074812967581
2018-09-04,2,25000,0,0,0,0,2,0,0,0,0,0,0,0,0,0,25000,0,0,0,0,0,0.062344139650872814
2018-09-05,1,19000,0,0,0,0,1,0,0,0,0,0,0,0,0,0,19000,0,0,0,0,0,0.04738154613466334
2018-09-06,2,12000,0,2,0,0,0,0,0,0,0,0,0,12000,0,0,0,0,0,0,0,0,0.029925187032418952
2018-09-07,3,44000,0,1,0,0,2,0,0,0,0,0,0,6000,0,0,38000,0,0,0,0,0,0.10972568578553615
2018-09-08,9,255000,0,4,3,0,2,0,0,0,0,0,0,37000,98000,0,120000,0,0,0,0,0,0.6359102244389028
2018-09-09,6,129000,0,2,2,0,2,0,0,0,0,0,0,12000,38000,0,79000,0,0,0,0,0,0.32169576059850374
2018-09-10,1,19000,0,1,0,0,0,0,0,0,0,0,0,19000,0,0,0,0,0,0,0,0,0.04738154613466334
2018-09-11,1,19000,0,0,0,0,1,0,0,0,0,0,0,0,0,0,19000,0,0,0,0,0,0.04738154613466334
2018-09-12,2,25000,0,0,0,0,1,1,0,0,0,0,0,0,0,0,19000,6000,0,0,0,0,0.062344139650872814
2018-09-13,3,18000,0,3,0,0,0,0,0,0,0,0,0,18000,0,0,0,0,0,0,0,0,0.04488778054862843
2018-09-14,3,18000,0,3,0,0,0,0,0,0,0,0,0,18000,0,0,0,0,0,0,0,0,0.04488778054862843
2018-09-15,3,31000,0,2,1,0,0,0,0,0,0,0,0,25000,6000,0,0,0,0,0,0,0,0.0773067331670823
2018-09-16,3,31000,0,1,2,0,0,0,0,0,0,0,0,6000,25000,0,0,0,0,0,0,0,0.0773067331670823
2018-09-17,0,0,0,0,0,0,0,0,0,0,0,0,0,0,0,0,0,0,0,0,0,0,0.0
2018-09-18,0,0,0,0,0,0,0,0,0,0,0,0,0,0,0,0,0,0,0,0,0,0,0.0
2018-09-19,2,66000,0,0,0,0,1,0,1,0,0,0,0,0,0,0,60000,0,6000,0,0,0,0.16458852867830423
2018-09-20,3,13900,0,1,0,0,1,0,1,0,0,0,0,6000,0,0,1900,0,6000,0,0,0,0.03466334164588528
2018-09-21,3,44000,1,1,1,0,0,0,0,0,0,0,19000,6000,19000,0,0,0,0,0,0,0,0.10972568578553615
2018-09-22,5,93375,0,1,2,0,1,1,0,0,0,0,0,6000,25000,0,60000,2375,0,0,0,0,0.23285536159600997
2018-09-23,3,81375,0,0,1,0,1,1,0,0,0,0,0,0,19000,0,60000,2375,0,0,0,0,0.20293017456359103
2018-09-24,3,27375,0,1,0,0,1,1,0,0,0,0,0,6000,0,0,19000,2375,0,0,0,0,0.06826683291770573
2018-09-25,2,21375,0,0,0,0,1,1,0,0,0,0,0,0,0,0,19000,2375,0,0,0,0,0.053304239401496256
2018-09-26,2,21375,0,0,0,0,1,1,0,0,0,0,0,0,0,0,19000,2375,0,0,0,0,0.053304239401496256
2018-09-27,2,21375,0,0,0,0,1,1,0,0,0,0,0,0,0,0,19000,2375,0,0,0,0,0.053304239401496256
2018-09-28,4,33375,0,1,0,0,2,1,0,0,0,0,0,6000,0,0,25000,2375,0,0,0,0,0.0832294264339152
2018-09-29,6,166375,0,1,1,0,3,1,0,0,0,0,0,19000,6000,0,139000,2375,0,0,0,0,0.4149002493765586
2018-09-30,3,27375,0,0,1,0,1,1,0,0,0,0,0,0,6000,0,19000,2375,0,0,0,0,0.06826683291770573
2018-10-01,1,19000,0,0,0,0,1,0,0,0,0,0,0,0,0,0,19000,0,0,0,0,0,0.04738154613466334
2018-10-02,0,0,0,0,0,0,0,0,0,0,0,0,0,0,0,0,0,0,0,0,0,0,0.0
2018-10-03,1,19000,0,1,0,0,0,0,0,0,0,0,0,19000,0,0,0,0,0,0,0,0,0.04738154613466334
2018-10-04,2,66000,0,2,0,0,0,0,0,0,0,0,0,66000,0,0,0,0,0,0,0,0,0.16458852867830423
2018-10-05,2,25000,0,0,0,0,1,0,1,0,0,0,0,0,0,0,19000,0,6000,0,0,0,0.062344139650872814
2018-10-06,2,25000,0,0,0,0,0,0,2,0,0,0,0,0,0,0,0,0,25000,0,0,0,0.062344139650872814
2018-10-07,4,145000,0,1,0,0,1,0,2,0,0,0,0,60000,0,0,60000,0,25000,0,0,0,0.3615960099750623
2018-10-08,1,60000,0,0,0,0,1,0,0,0,0,0,0,0,0,0,60000,0,0,0,0,0,0.14962593516209477
2018-10-09,0,0,0,0,0,0,0,0,0,0,0,0,0,0,0,0,0,0,0,0,0,0,0.0
2018-10-10,0,0,0,0,0,0,0,0,0,0,0,0,0,0,0,0,0,0,0,0,0,0,0.0
2018-10-11,1,600,0,0,1,0,0,0,0,0,0,0,0,0,600,0,0,0,0,0,0,0,0.0014962593516209476
2018-10-12,1,600,0,0,1,0,0,0,0,0,0,0,0,0,600,0,0,0,0,0,0,0,0.0014962593516209476
2018-10-13,2,6600,0,1,1,0,0,0,0,0,0,0,0,6000,600,0,0,0,0,0,0,0,0.016458852867830425
2018-10-14,1,600,0,0,1,0,0,0,0,0,0,0,0,0,600,0,0,0,0,0,0,0,0.0014962593516209476
2018-10-15,1,600,0,0,1,0,0,0,0,0,0,0,0,0,600,0,0,0,0,0,0,0,0.0014962593516209476
2018-10-16,3,12600,0,0,1,0,0,0,2,0,0,0,0,0,600,0,0,0,12000,0,0,0,0.031421446384039896
2018-10-17,1,600,0,0,1,0,0,0,0,0,0,0,0,0,600,0,0,0,0,0,0,0,0.0014962593516209476
2018-10-18,1,600,0,0,1,0,0,0,0,0,0,0,0,0,600,0,0,0,0,0,0,0,0.0014962593516209476
2018-10-19,2,6600,0,0,1,0,1,0,0,0,0,0,0,0,600,0,6000,0,0,0,0,0,0.016458852867830425
2018-10-20,2,60600,0,0,1,0,1,0,0,0,0,0,0,0,600,0,60000,0,0,0,0,0,0.1511221945137157
2018-10-21,1,600,0,0,1,0,0,0,0,0,0,0,0,0,600,0,0,0,0,0,0,0,0.0014962593516209476
2018-10-22,1,6000,0,0,0,0,0,0,1,0,0,0,0,0,0,0,0,0,6000,0,0,0,0.014962593516209476
2018-10-23,2,12000,0,1,0,0,0,0,1,0,0,0,0,6000,0,0,0,0,6000,0,0,0,0.029925187032418952
2018-10-24,1,6000,0,0,0,0,0,0,1,0,0,0,0,0,0,0,0,0,6000,0,0,0,0.014962593516209476
2018-10-25,3,14333,0,0,2,0,0,0,1,0,0,0,0,0,8333,0,0,0,6000,0,0,0,0.035743142144638404
2018-10-26,5,26333,0,2,2,0,0,0,1,0,0,0,0,12000,8333,0,0,0,6000,0,0,0,0.06566832917705735
2018-10-27,4,20333,0,1,2,0,0,0,1,0,0,0,0,6000,8333,0,0,0,6000,0,0,0,0.05070573566084788
2018-10-28,4,70233,1,0,2,0,1,0,0,0,0,0,1900,0,8333,0,60000,0,0,0,0,0,0.17514463840399003
2018-10-29,0,0,0,0,0,0,0,0,0,0,0,0,0,0,0,0,0,0,0,0,0,0,0.0
2018-10-30,0,0,0,0,0,0,0,0,0,0,0,0,0,0,0,0,0,0,0,0,0,0,0.0
2018-10-31,2,6000,0,1,0,0,0,0,0,0,0,1,0,6000,0,0,0,0,0,0,0,0,0.014962593516209476
2018-11-01,1,6000,0,1,0,0,0,0,0,0,0,0,0,6000,0,0,0,0,0,0,0,0,0.014962593516209476
2018-11-02,0,0,0,0,0,0,0,0,0,0,0,0,0,0,0,0,0,0,0,0,0,0,0.0
2018-11-03,3,72000,0,1,0,0,1,0,1,0,0,0,0,6000,0,0,60000,0,6000,0,0,0,0.17955112219451372
2018-11-04,1,60000,0,0,0,0,1,0,0,0,0,0,0,0,0,0,60000,0,0,0,0,0,0.14962593516209477
2018-11-05,0,0,0,0,0,0,0,0,0,0,0,0,0,0,0,0,0,0,0,0,0,0,0.0
2018-11-06,1,6000,0,0,0,0,1,0,0,0,0,0,0,0,0,0,6000,0,0,0,0,0,0.014962593516209476
2018-11-07,0,0,0,0,0,0,0,0,0,0,0,0,0,0,0,0,0,0,0,0,0,0,0.0
2018-11-08,1,60000,0,0,0,0,1,0,0,0,0,0,0,0,0,0,60000,0,0,0,0,0,0.14962593516209477
2018-11-09,0,0,0,0,0,0,0,0,0,0,0,0,0,0,0,0,0,0,0,0,0,0,0.0
2018-11-10,0,0,0,0,0,0,0,0,0,0,0,0,0,0,0,0,0,0,0,0,0,0,0.0
2018-11-11,2,1900,0,0,0,0,1,0,0,1,0,0,0,0,0,0,1900,0,0,0,0,0,0.004738154613466334
2018-11-12,2,6000,0,0,0,0,1,0,0,1,0,0,0,0,0,0,6000,0,0,0,0,0,0.014962593516209476
2018-11-13,0,0,0,0,0,0,0,0,0,0,0,0,0,0,0,0,0,0,0,0,0,0,0.0
2018-11-14,0,0,0,0,0,0,0,0,0,0,0,0,0,0,0,0,0,0,0,0,0,0,0.0
2018-11-15,2,66000,0,0,0,0,1,1,0,0,0,0,0,0,0,0,60000,6000,0,0,0,0,0.16458852867830423
2018-11-16,1,6000,0,0,0,0,0,1,0,0,0,0,0,0,0,0,0,6000,0,0,0,0,0.014962593516209476
2018-11-17,3,67900,0,0,0,0,1,1,1,0,0,0,0,0,0,0,60000,6000,1900,0,0,0,0.16932668329177056
2018-11-18,2,12000,0,0,0,0,0,1,1,0,0,0,0,0,0,0,0,6000,6000,0,0,0,0.029925187032418952
2018-11-19,2,12000,0,0,0,0,0,1,1,0,0,0,0,0,0,0,0,6000,6000,0,0,0,0.029925187032418952
2018-11-20,1,6000,0,0,0,0,0,0,1,0,0,0,0,0,0,0,0,0,6000,0,0,0,0.014962593516209476
2018-11-21,1,6000,0,0,0,0,1,0,0,0,0,0,0,0,0,0,6000,0,0,0,0,0,0.014962593516209476
2018-11-22,2,0,0,0,0,0,0,0,0,1,1,0,0,0,0,0,0,0,0,0,0,0,0.0
2018-11-23,2,6000,0,0,0,0,1,0,0,0,1,0,0,0,0,0,6000,0,0,0,0,0,0.014962593516209476
2018-11-24,2,1667,0,0,1,0,0,0,0,0,1,0,0,0,1667,0,0,0,0,0,0,0,0.004157107231920199
2018-11-25,4,13667,0,0,1,0,2,0,0,0,1,0,0,0,1667,0,12000,0,0,0,0,0,0.034082294264339154
2018-11-26,1,1667,0,0,1,0,0,0,0,0,0,0,0,0,1667,0,0,0,0,0,0,0,0.004157107231920199
2018-11-27,2,7667,0,0,1,0,1,0,0,0,0,0,0,0,1667,0,6000,0,0,0,0,0,0.019119700748129676
2018-11-28,1,1667,0,0,1,0,0,0,0,0,0,0,0,0,1667,0,0,0,0,0,0,0,0.004157107231920199
2018-11-29,1,1667,0,0,1,0,0,0,0,0,0,0,0,0,1667,0,0,0,0,0,0,0,0.004157107231920199
2018-11-30,3,13667,0,1,1,0,0,0,1,0,0,0,0,6000,1667,0,0,0,6000,0,0,0,0.034082294264339154
2018-12-01,4,19667,0,1,1,0,0,0,2,0,0,0,0,6000,1667,0,0,0,12000,0,0,0,0.04904488778054863
2018-12-02,6,85667,0,0,1,0,3,0,2,0,0,0,0,0,1667,0,72000,0,12000,0,0,0,0.21363341645885287
2018-12-03,1,1667,0,0,1,0,0,0,0,0,0,0,0,0,1667,0,0,0,0,0,0,0,0.004157107231920199
2018-12-04,1,1667,0,0,1,0,0,0,0,0,0,0,0,0,1667,0,0,0,0,0,0,0,0.004157107231920199
2018-12-05,1,1667,0,0,1,0,0,0,0,0,0,0,0,0,1667,0,0,0,0,0,0,0,0.004157107231920199
2018-12-06,1,1667,0,0,1,0,0,0,0,0,0,0,0,0,1667,0,0,0,0,0,0,0,0.004157107231920199
2018-12-07,1,1667,0,0,1,0,0,0,0,0,0,0,0,0,1667,0,0,0,0,0,0,0,0.004157107231920199
2018-12-08,1,1667,0,0,1,0,0,0,0,0,0,0,0,0,1667,0,0,0,0,0,0,0,0.004157107231920199
2018-12-09,3,13667,0,0,2,0,1,0,0,0,0,0,0,0,7667,0,6000,0,0,0,0,0,0.034082294264339154
2018-12-10,2,61667,0,0,1,0,1,0,0,0,0,0,0,0,1667,0,60000,0,0,0,0,0,0.15378304239401497
2018-12-11,2,7667,0,1,1,0,0,0,0,0,0,0,0,6000,1667,0,0,0,0,0,0,0,0.019119700748129676
2018-12-12,1,1667,0,0,1,0,0,0,0,0,0,0,0,0,1667,0,0,0,0,0,0,0,0.004157107231920199
2018-12-13,1,1667,0,0,1,0,0,0,0,0,0,0,0,0,1667,0,0,0,0,0,0,0,0.004157107231920199
2018-12-14,1,1667,0,0,1,0,0,0,0,0,0,0,0,0,1667,0,0,0,0,0,0,0,0.004157107231920199
2018-12-15,2,7667,0,0,1,0,1,0,0,0,0,0,0,0,1667,0,6000,0,0,0,0,0,0.019119700748129676
2018-12-16,2,7667,0,0,1,0,1,0,0,0,0,0,0,0,1667,0,6000,0,0,0,0,0,0.019119700748129676
2018-12-17,1,1667,0,0,1,0,0,0,0,0,0,0,0,0,1667,0,0,0,0,0,0,0,0.004157107231920199
2018-12-18,2,7667,0,1,1,0,0,0,0,0,0,0,0,6000,1667,0,0,0,0,0,0,0,0.019119700748129676
2018-12-19,1,1667,0,0,1,0,0,0,0,0,0,0,0,0,1667,0,0,0,0,0,0,0,0.004157107231920199
2018-12-20,1,1667,0,0,1,0,0,0,0,0,0,0,0,0,1667,0,0,0,0,0,0,0,0.004157107231920199
2018-12-21,2,7667,0,0,1,0,1,0,0,0,0,0,0,0,1667,0,6000,0,0,0,0,0,0.019119700748129676
2018-12-22,2,1667,0,0,1,0,0,0,0,0,1,0,0,0,1667,0,0,0,0,0,0,0,0.004157107231920199
2018-12-23,3,61667,0,0,1,0,1,0,0,0,1,0,0,0,1667,0,60000,0,0,0,0,0,0.15378304239401497
2018-12-24,3,1667,0,0,1,0,0,0,0,1,1,0,0,0,1667,0,0,0,0,0,0,0,0.004157107231920199
2018-12-25,3,1667,0,0,1,0,0,0,0,1,1,0,0,0,1667,0,0,0,0,0,0,0,0.004157107231920199
2018-12-26,2,1667,0,0,1,0,0,0,0,0,1,0,0,0,1667,0,0,0,0,0,0,0,0.004157107231920199
2018-12-27,2,1667,0,0,1,0,0,0,0,0,1,0,0,0,1667,0,0,0,0,0,0,0,0.004157107231920199
2018-12-28,2,1667,0,0,1,0,0,0,0,0,1,0,0,0,1667,0,0,0,0,0,0,0,0.004157107231920199
2018-12-29,2,1667,0,0,1,0,0,0,0,0,1,0,0,0,1667,0,0,0,0,0,0,0,0.004157107231920199
2018-12-30,4,67667,0,0,1,0,2,0,0,0,1,0,0,0,1667,0,66000,0,0,0,0,0,0.16874563591022443
2018-12-31,4,25000,0,0,1,0,1,0,0,0,1,1,0,0,6000,0,19000,0,0,0,0,0,0.062344139650872814
2019-01-01,3,6000,0,0,0,0,1,0,0,1,1,0,0,0,0,0,6000,0,0,0,0,0,0.014962593516209476
2019-01-02,1,0,0,0,0,0,0,0,0,0,1,0,0,0,0,0,0,0,0,0,0,0,0.0
2019-01-03,1,0,0,0,0,0,0,0,0,0,1,0,0,0,0,0,0,0,0,0,0,0,0.0
2019-01-04,2,6000,0,0,0,0,0,0,1,0,1,0,0,0,0,0,0,0,6000,0,0,0,0.014962593516209476
2019-01-05,3,12000,0,0,0,0,1,0,1,0,1,0,0,0,0,0,6000,0,6000,0,0,0,0.029925187032418952
2019-01-06,2,6000,0,0,0,0,0,0,1,0,1,0,0,0,0,0,0,0,6000,0,0,0,0.014962593516209476
2019-01-07,0,0,0,0,0,0,0,0,0,0,0,0,0,0,0,0,0,0,0,0,0,0,0.0
2019-01-08,0,0,0,0,0,0,0,0,0,0,0,0,0,0,0,0,0,0,0,0,0,0,0.0
2019-01-09,0,0,0,0,0,0,0,0,0,0,0,0,0,0,0,0,0,0,0,0,0,0,0.0
2019-01-10,0,0,0,0,0,0,0,0,0,0,0,0,0,0,0,0,0,0,0,0,0,0,0.0
2019-01-11,1,1900,0,0,0,0,1,0,0,0,0,0,0,0,0,0,1900,0,0,0,0,0,0.004738154613466334
2019-01-12,1,6000,0,0,0,0,0,0,1,0,0,0,0,0,0,0,0,0,6000,0,0,0,0.014962593516209476
2019-01-13,1,6000,0,0,0,0,0,0,1,0,0,0,0,0,0,0,0,0,6000,0,0,0,0.014962593516209476
2019-01-14,0,0,0,0,0,0,0,0,0,0,0,0,0,0,0,0,0,0,0,0,0,0,0.0
2019-01-15,0,0,0,0,0,0,0,0,0,0,0,0,0,0,0,0,0,0,0,0,0,0,0.0
2019-01-16,0,0,0,0,0,0,0,0,0,0,0,0,0,0,0,0,0,0,0,0,0,0,0.0
2019-01-17,1,6000,0,0,0,0,1,0,0,0,0,0,0,0,0,0,6000,0,0,0,0,0,0.014962593516209476
2019-01-18,2,6750,0,1,1,0,0,0,0,0,0,0,0,6000,750,0,0,0,0,0,0,0,0.01683291770573566
2019-01-19,3,12750,1,0,1,0,1,0,0,0,0,0,6000,0,750,0,6000,0,0,0,0,0,0.031795511221945134
2019-01-20,1,750,0,0,1,0,0,0,0,0,0,0,0,0,750,0,0,0,0,0,0,0,0.0018703241895261845
2019-01-21,4,6750,1,0,1,0,0,0,0,2,0,0,6000,0,750,0,0,0,0,0,0,0,0.01683291770573566
2019-01-22,1,750,0,0,1,0,0,0,0,0,0,0,0,0,750,0,0,0,0,0,0,0,0.0018703241895261845
2019-01-23,1,750,0,0,1,0,0,0,0,0,0,0,0,0,750,0,0,0,0,0,0,0,0.0018703241895261845
2019-01-24,1,750,0,0,1,0,0,0,0,0,0,0,0,0,750,0,0,0,0,0,0,0,0.0018703241895261845
2019-01-25,4,20250,0,0,1,0,1,1,1,0,0,0,0,0,750,0,6000,6000,7500,0,0,0,0.05049875311720698
2019-01-26,4,20250,0,0,2,0,0,1,1,0,0,0,0,0,6750,0,0,6000,7500,0,0,0,0.05049875311720698
2019-01-27,6,28150,0,0,2,1,1,1,1,0,0,0,0,0,6750,1900,6000,6000,7500,0,0,0,0.07019950124688279
2019-01-28,2,13500,0,0,0,0,0,1,1,0,0,0,0,0,0,0,0,6000,7500,0,0,0,0.03366583541147132
2019-01-29,2,13500,0,0,0,0,0,1,1,0,0,0,0,0,0,0,0,6000,7500,0,0,0,0.03366583541147132
2019-01-30,2,13500,0,0,0,0,1,0,1,0,0,0,0,0,0,0,6000,0,7500,0,0,0,0.03366583541147132
2019-01-31,2,26500,0,0,0,0,0,0,2,0,0,0,0,0,0,0,0,0,26500,0,0,0,0.06608478802992518
2019-02-01,2,26500,0,0,0,0,0,0,2,0,0,0,0,0,0,0,0,0,26500,0,0,0,0.06608478802992518
2019-02-02,4,38500,0,0,0,0,1,0,3,0,0,0,0,0,0,0,6000,0,32500,0,0,0,0.09600997506234414
2019-02-03,1,6000,0,0,0,0,0,0,1,0,0,0,0,0,0,0,0,0,6000,0,0,0,0.014962593516209476
2019-02-04,1,6000,0,0,0,0,0,0,1,0,0,0,0,0,0,0,0,0,6000,0,0,0,0.014962593516209476
2019-02-05,1,6000,0,0,0,0,0,0,1,0,0,0,0,0,0,0,0,0,6000,0,0,0,0.014962593516209476
2019-02-06,0,0,0,0,0,0,0,0,0,0,0,0,0,0,0,0,0,0,0,0,0,0,0.0
2019-02-07,0,0,0,0,0,0,0,0,0,0,0,0,0,0,0,0,0,0,0,0,0,0,0.0
2019-02-08,0,0,0,0,0,0,0,0,0,0,0,0,0,0,0,0,0,0,0,0,0,0,0.0
2019-02-09,1,6000,0,0,0,0,1,0,0,0,0,0,0,0,0,0,6000,0,0,0,0,0,0.014962593516209476
2019-02-10,1,6000,0,0,0,0,1,0,0,0,0,0,0,0,0,0,6000,0,0,0,0,0,0.014962593516209476
2019-02-11,0,0,0,0,0,0,0,0,0,0,0,0,0,0,0,0,0,0,0,0,0,0,0.0
2019-02-12,0,0,0,0,0,0,0,0,0,0,0,0,0,0,0,0,0,0,0,0,0,0,0.0
2019-02-13,0,0,0,0,0,0,0,0,0,0,0,0,0,0,0,0,0,0,0,0,0,0,0.0
2019-02-14,1,0,0,0,0,0,0,0,0,0,0,1,0,0,0,0,0,0,0,0,0,0,0.0
2019-02-15,1,3167,0,0,1,0,0,0,0,0,0,0,0,0,3167,0,0,0,0,0,0,0,0.007897755610972569
2019-02-16,2,9167,0,0,1,0,0,0,1,0,0,0,0,0,3167,0,0,0,6000,0,0,0,0.022860349127182045
2019-02-17,4,17067,0,0,1,0,1,0,2,0,0,0,0,0,3167,0,6000,0,7900,0,0,0,0.042561097256857854
2019-02-18,2,3167,0,0,1,0,0,0,0,1,0,0,0,0,3167,0,0,0,0,0,0,0,0.007897755610972569
2019-02-19,1,3167,0,0,1,0,0,0,0,0,0,0,0,0,3167,0,0,0,0,0,0,0,0.007897755610972569
2019-02-20,4,129167,0,0,1,0,2,0,1,0,0,0,0,0,3167,0,66000,0,60000,0,0,0,0.3221122194513716
2019-02-21,4,123800,0,0,2,0,0,1,1,0,0,0,0,0,3800,0,0,60000,60000,0,0,0,0.3087281795511222
2019-02-22,3,120633,0,0,1,0,0,1,1,0,0,0,0,0,633,0,0,60000,60000,0,0,0,0.30083042394014964
2019-02-23,5,132633,0,0,1,0,1,1,2,0,0,0,0,0,633,0,6000,60000,66000,0,0,0,0.33075561097256856
2019-02-24,3,66633,0,0,1,0,1,0,1,0,0,0,0,0,633,0,6000,0,60000,0,0,0,0.16616708229426433
2019-02-25,1,188000,0,0,0,0,0,0,1,0,0,0,0,0,0,0,0,0,188000,0,0,0,0.4688279301745636
2019-02-26,0,0,0,0,0,0,0,0,0,0,0,0,0,0,0,0,0,0,0,0,0,0,0.0
2019-02-27,0,0,0,0,0,0,0,0,0,0,0,0,0,0,0,0,0,0,0,0,0,0,0.0
2019-02-28,0,0,0,0,0,0,0,0,0,0,0,0,0,0,0,0,0,0,0,0,0,0,0.0
2019-03-01,1,6000,0,0,0,0,1,0,0,0,0,0,0,0,0,0,6000,0,0,0,0,0,0.014962593516209476
2019-03-02,2,61900,0,0,1,0,1,0,0,0,0,0,0,0,1900,0,60000,0,0,0,0,0,0.1543640897755611
2019-03-03,2,12000,0,0,0,0,2,0,0,0,0,0,0,0,0,0,12000,0,0,0,0,0,0.029925187032418952
2019-03-04,1,6000,0,0,0,0,0,1,0,0,0,0,0,0,0,0,0,6000,0,0,0,0,0.014962593516209476
2019-03-05,1,6000,0,0,0,0,0,1,0,0,0,0,0,0,0,0,0,6000,0,0,0,0,0.014962593516209476
2019-03-06,2,12000,0,0,0,0,1,1,0,0,0,0,0,0,0,0,6000,6000,0,0,0,0,0.029925187032418952
2019-03-07,1,6000,0,0,0,0,0,1,0,0,0,0,0,0,0,0,0,6000,0,0,0,0,0.014962593516209476
2019-03-08,2,12000,0,0,0,0,2,0,0,0,0,0,0,0,0,0,12000,0,0,0,0,0,0.029925187032418952
2019-03-09,4,78000,0,1,0,0,3,0,0,0,0,0,0,6000,0,0,72000,0,0,0,0,0,0.19451371571072318
2019-03-10,4,37000,0,0,0,0,4,0,0,0,0,0,0,0,0,0,37000,0,0,0,0,0,0.09226932668329177
2019-03-11,0,0,0,0,0,0,0,0,0,0,0,0,0,0,0,0,0,0,0,0,0,0,0.0
2019-03-12,0,0,0,0,0,0,0,0,0,0,0,0,0,0,0,0,0,0,0,0,0,0,0.0
2019-03-13,1,6000,0,0,0,0,0,0,1,0,0,0,0,0,0,0,0,0,6000,0,0,0,0.014962593516209476
2019-03-14,2,60792,0,0,1,0,0,1,0,0,0,0,0,0,792,0,0,60000,0,0,0,0,0.1516009975062344
2019-03-15,2,60792,0,0,1,0,0,1,0,0,0,0,0,0,792,0,0,60000,0,0,0,0,0.1516009975062344
2019-03-16,4,139792,0,0,2,0,1,1,0,0,0,0,0,0,19792,0,60000,60000,0,0,0,0,0.3486084788029925
2019-03-17,2,60792,0,0,1,0,0,1,0,0,0,0,0,0,792,0,0,60000,0,0,0,0,0.1516009975062344
2019-03-18,1,792,0,0,1,0,0,0,0,0,0,0,0,0,792,0,0,0,0,0,0,0,0.001975062344139651
2019-03-19,1,792,0,0,1,0,0,0,0,0,0,0,0,0,792,0,0,0,0,0,0,0,0.001975062344139651
2019-03-20,2,6792,0,0,1,0,1,0,0,0,0,0,0,0,792,0,6000,0,0,0,0,0,0.016937655860349128
2019-03-21,1,792,0,0,1,0,0,0,0,0,0,0,0,0,792,0,0,0,0,0,0,0,0.001975062344139651
2019-03-22,3,12792,0,0,1,0,0,1,1,0,0,0,0,0,792,0,0,6000,6000,0,0,0,0.0319002493765586
2019-03-23,5,73542,0,0,2,0,1,1,1,0,0,0,0,0,1542,0,60000,6000,6000,0,0,0,0.18339650872817956
2019-03-24,5,19542,0,0,3,0,0,1,1,0,0,0,0,0,7542,0,0,6000,6000,0,0,0,0.04873316708229426
2019-03-25,6,38542,0,2,2,0,1,1,0,0,0,0,0,12000,1542,0,19000,6000,0,0,0,0,0.09611471321695761
2019-03-26,4,26542,0,0,2,0,1,0,1,0,0,0,0,0,1542,0,19000,0,6000,0,0,0,0.06618952618453865
2019-03-27,3,7542,0,0,2,0,0,0,1,0,0,0,0,0,1542,0,0,0,6000,0,0,0,0.01880798004987531
2019-03-28,5,65442,0,0,3,0,1,1,0,0,0,0,0,0,3542,0,60000,1900,0,0,0,0,0.16319700748129676
2019-03-29,5,24442,0,0,3,0,1,1,0,0,0,0,0,0,3542,0,19000,1900,0,0,0,0,0.060952618453865334
2019-03-30,6,84442,0,0,4,0,1,1,0,0,0,0,0,0,22542,0,60000,1900,0,0,0,0,0.2105785536159601
2019-03-31,8,49442,0,0,4,0,2,1,0,1,0,0,0,0,22542,0,25000,1900,0,0,0,0,0.12329675810473816
2019-04-01,3,19792,0,0,1,0,1,0,0,0,1,0,0,0,792,0,19000,0,0,0,0,0,0.049356608478802994
2019-04-02,3,19792,0,0,1,0,1,0,0,0,1,0,0,0,792,0,19000,0,0,0,0,0,0.049356608478802994
2019-04-03,3,6792,0,0,1,0,0,0,1,0,1,0,0,0,792,0,0,0,6000,0,0,0,0.016937655860349128
2019-04-04,3,6792,0,0,1,0,0,0,1,0,1,0,0,0,792,0,0,0,6000,0,0,0,0.016937655860349128
2019-04-05,3,6792,0,0,1,0,0,0,1,0,1,0,0,0,792,0,0,0,6000,0,0,0,0.016937655860349128
2019-04-06,4,72792,0,1,1,0,1,0,1,0,0,0,0,6000,792,0,60000,0,6000,0,0,0,0.18152618453865335
2019-04-07,1,792,0,0,1,0,0,0,0,0,0,0,0,0,792,0,0,0,0,0,0,0,0.001975062344139651
2019-04-08,1,1900,0,0,0,0,0,1,0,0,0,0,0,0,0,0,0,1900,0,0,0,0,0.004738154613466334
2019-04-09,1,1900,0,0,0,0,0,1,0,0,0,0,0,0,0,0,0,1900,0,0,0,0,0.004738154613466334
2019-04-10,1,1900,0,0,0,0,0,1,0,0,0,0,0,0,0,0,0,1900,0,0,0,0,0.004738154613466334
2019-04-11,3,26900,0,1,0,0,0,1,1,0,0,0,0,6000,0,0,0,1900,19000,0,0,0,0.06708229426433915
2019-04-12,3,39900,0,0,0,0,1,1,1,0,0,0,0,0,0,0,19000,1900,19000,0,0,0,0.09950124688279302
2019-04-13,2,79000,0,0,0,0,2,0,0,0,0,0,0,0,0,0,79000,0,0,0,0,0,0.1970074812967581
2019-04-14,1,19000,0,0,0,0,1,0,0,0,0,0,0,0,0,0,19000,0,0,0,0,0,0.04738154613466334
2019-04-15,1,19000,0,0,0,0,1,0,0,0,0,0,0,0,0,0,19000,0,0,0,0,0,0.04738154613466334
2019-04-16,1,19000,0,0,0,0,1,0,0,0,0,0,0,0,0,0,19000,0,0,0,0,0,0.04738154613466334
2019-04-17,1,19000,0,0,0,0,1,0,0,0,0,0,0,0,0,0,19000,0,0,0,0,0,0.04738154613466334
2019-04-18,1,6000,0,1,0,0,0,0,0,0,0,0,0,6000,0,0,0,0,0,0,0,0,0.014962593516209476
2019-04-19,3,31000,0,1,1,0,0,0,1,0,0,0,0,6000,6000,0,0,0,19000,0,0,0,0.0773067331670823
2019-04-20,3,31000,0,1,1,0,0,0,1,0,0,0,0,6000,6000,0,0,0,19000,0,0,0,0.0773067331670823
2019-04-21,1,19000,0,0,0,0,0,0,1,0,0,0,0,0,0,0,0,0,19000,0,0,0,0.04738154613466334
2019-04-22,0,0,0,0,0,0,0,0,0,0,0,0,0,0,0,0,0,0,0,0,0,0,0.0
2019-04-23,0,0,0,0,0,0,0,0,0,0,0,0,0,0,0,0,0,0,0,0,0,0,0.0
2019-04-24,1,60000,0,0,0,0,1,0,0,0,0,0,0,0,0,0,60000,0,0,0,0,0,0.14962593516209477
2019-04-25,2,25000,0,1,0,0,1,0,0,0,0,0,0,6000,0,0,19000,0,0,0,0,0,0.062344139650872814
2019-04-26,3,31000,0,1,0,0,1,0,1,0,0,0,0,6000,0,0,19000,0,6000,0,0,0,0.0773067331670823
2019-04-27,3,31000,0,1,0,0,1,0,1,0,0,0,0,6000,0,0,19000,0,6000,0,0,0,0.0773067331670823
2019-04-28,3,85000,0,1,0,0,2,0,0,0,0,0,0,6000,0,0,79000,0,0,0,0,0,0.21197007481296756
2019-04-29,0,0,0,0,0,0,0,0,0,0,0,0,0,0,0,0,0,0,0,0,0,0,0.0
2019-04-30,1,19000,0,0,0,0,1,0,0,0,0,0,0,0,0,0,19000,0,0,0,0,0,0.04738154613466334
2019-05-01,1,19000,0,0,0,0,1,0,0,0,0,0,0,0,0,0,19000,0,0,0,0,0,0.04738154613466334
2019-05-02,0,0,0,0,0,0,0,0,0,0,0,0,0,0,0,0,0,0,0,0,0,0,0.0
2019-05-03,2,12000,0,0,0,0,0,1,1,0,0,0,0,0,0,0,0,6000,6000,0,0,0,0.029925187032418952
2019-05-04,2,12000,0,0,1,0,0,0,1,0,0,0,0,0,6000,0,0,0,6000,0,0,0,0.029925187032418952
2019-05-05,2,12000,0,0,1,0,0,0,1,0,0,0,0,0,6000,0,0,0,6000,0,0,0,0.029925187032418952
2019-05-06,1,6000,0,0,0,0,0,1,0,0,0,0,0,0,0,0,0,6000,0,0,0,0,0.014962593516209476
2019-05-07,1,6000,0,0,0,0,0,1,0,0,0,0,0,0,0,0,0,6000,0,0,0,0,0.014962593516209476
2019-05-08,1,6000,0,0,0,0,0,1,0,0,0,0,0,0,0,0,0,6000,0,0,0,0,0.014962593516209476
2019-05-09,0,0,0,0,0,0,0,0,0,0,0,0,0,0,0,0,0,0,0,0,0,0,0.0
2019-05-10,0,0,0,0,0,0,0,0,0,0,0,0,0,0,0,0,0,0,0,0,0,0,0.0
2019-05-11,1,60000,0,0,0,0,1,0,0,0,0,0,0,0,0,0,60000,0,0,0,0,0,0.14962593516209477
2019-05-12,1,6000,0,0,0,0,0,0,1,0,0,0,0,0,0,0,0,0,6000,0,0,0,0.014962593516209476
2019-05-13,1,19000,0,0,0,0,1,0,0,0,0,0,0,0,0,0,19000,0,0,0,0,0,0.04738154613466334
2019-05-14,1,19000,0,0,0,0,1,0,0,0,0,0,0,0,0,0,19000,0,0,0,0,0,0.04738154613466334
2019-05-15,1,60000,0,0,0,0,1,0,0,0,0,0,0,0,0,0,60000,0,0,0,0,0,0.14962593516209477
2019-05-16,3,32833,0,0,1,0,1,0,1,0,0,0,0,0,7833,0,19000,0,6000,0,0,0,0.08187780548628429
2019-05-17,2,26833,0,0,1,0,1,0,0,0,0,0,0,0,7833,0,19000,0,0,0,0,0,0.06691521197007481
2019-05-18,4,261833,0,0,2,0,1,0,1,0,0,0,0,0,195833,0,60000,0,6000,0,0,0,0.6529501246882793
2019-05-19,6,232833,0,0,2,0,3,0,1,0,0,0,0,0,195833,0,31000,0,6000,0,0,0,0.5806309226932668
2019-05-20,2,13833,0,1,1,0,0,0,0,0,0,0,0,6000,7833,0,0,0,0,0,0,0,0.03449625935162095
2019-05-21,1,7833,0,0,1,0,0,0,0,0,0,0,0,0,7833,0,0,0,0,0,0,0,0.01953366583541147
2019-05-22,1,7833,0,0,1,0,0,0,0,0,0,0,0,0,7833,0,0,0,0,0,0,0,0.01953366583541147
2019-05-23,1,7833,0,0,1,0,0,0,0,0,0,0,0,0,7833,0,0,0,0,0,0,0,0.01953366583541147
2019-05-24,2,70500,0,0,2,0,0,0,0,0,0,0,0,0,70500,0,0,0,0,0,0,0,0.17581047381546133
2019-05-25,2,70500,0,0,2,0,0,0,0,0,0,0,0,0,70500,0,0,0,0,0,0,0,0.17581047381546133
2019-05-26,2,70500,0,0,2,0,0,0,0,0,0,0,0,0,70500,0,0,0,0,0,0,0,0.17581047381546133
2019-05-27,5,91400,0,1,2,0,1,0,0,1,0,0,0,1900,70500,0,19000,0,0,0,0,0,0.22793017456359102
2019-05-28,2,26833,0,0,1,0,1,0,0,0,0,0,0,0,7833,0,19000,0,0,0,0,0,0.06691521197007481
2019-05-29,2,26833,0,0,1,0,1,0,0,0,0,0,0,0,7833,0,19000,0,0,0,0,0,0.06691521197007481
2019-05-30,2,26833,0,0,1,0,1,0,0,0,0,0,0,0,7833,0,19000,0,0,0,0,0,0.06691521197007481
2019-05-31,3,86833,1,0,1,0,1,0,0,0,0,0,60000,0,7833,0,19000,0,0,0,0,0,0.21654114713216957
2019-06-01,5,44833,0,1,1,0,3,0,0,0,0,0,0,6000,7833,0,31000,0,0,0,0,0,0.11180299251870324
2019-06-02,4,38833,0,1,1,0,2,0,0,0,0,0,0,6000,7833,0,25000,0,0,0,0,0,0.09684039900249376
2019-06-03,2,26833,0,0,1,0,1,0,0,0,0,0,0,0,7833,0,19000,0,0,0,0,0,0.06691521197007481
2019-06-04,2,26833,0,0,1,0,1,0,0,0,0,0,0,0,7833,0,19000,0,0,0,0,0,0.06691521197007481
2019-06-05,2,26833,0,0,1,0,1,0,0,0,0,0,0,0,7833,0,19000,0,0,0,0,0,0.06691521197007481
2019-06-06,2,26833,0,0,1,0,1,0,0,0,0,0,0,0,7833,0,19000,0,0,0,0,0,0.06691521197007481
2019-06-07,2,13833,0,1,1,0,0,0,0,0,0,0,0,6000,7833,0,0,0,0,0,0,0,0.03449625935162095
2019-06-08,3,19833,0,1,1,0,1,0,0,0,0,0,0,6000,7833,0,6000,0,0,0,0,0,0.04945885286783042
2019-06-09,4,34733,0,1,1,0,2,0,0,0,0,0,0,6000,7833,0,20900,0,0,0,0,0,0.08661596009975062
2019-06-10,0,0,0,0,0,0,0,0,0,0,0,0,0,0,0,0,0,0,0,0,0,0,0.0
2019-06-11,1,6000,0,1,0,0,0,0,0,0,0,0,0,6000,0,0,0,0,0,0,0,0,0.014962593516209476
2019-06-12,1,6000,0,0,0,0,1,0,0,0,0,0,0,0,0,0,6000,0,0,0,0,0,0.014962593516209476
2019-06-13,1,6000,0,1,0,0,0,0,0,0,0,0,0,6000,0,0,0,0,0,0,0,0,0.014962593516209476
2019-06-14,1,19000,0,0,1,0,0,0,0,0,0,0,0,0,19000,0,0,0,0,0,0,0,0.04738154613466334
2019-06-15,3,25000,0,1,1,0,0,0,0,0,1,0,0,6000,19000,0,0,0,0,0,0,0,0.062344139650872814
2019-06-16,3,20900,0,1,1,0,0,0,0,0,1,0,0,1900,19000,0,0,0,0,0,0,0,0.052119700748129674
2019-06-17,2,19000,0,0,0,0,1,0,0,0,1,0,0,0,0,0,19000,0,0,0,0,0,0.04738154613466334
2019-06-18,2,19000,0,0,0,0,1,0,0,0,1,0,0,0,0,0,19000,0,0,0,0,0,0.04738154613466334
2019-06-19,3,25000,0,1,0,0,1,0,0,0,1,0,0,6000,0,0,19000,0,0,0,0,0,0.062344139650872814
2019-06-20,3,25000,0,1,0,0,1,0,0,0,1,0,0,6000,0,0,19000,0,0,0,0,0,0.062344139650872814
2019-06-21,3,25000,0,1,0,0,1,0,0,0,1,0,0,6000,0,0,19000,0,0,0,0,0,0.062344139650872814
2019-06-22,5,50000,0,2,1,0,1,0,0,0,1,0,0,12000,19000,0,19000,0,0,0,0,0,0.12468827930174563
2019-06-23,4,31000,0,1,0,0,2,0,0,0,1,0,0,6000,0,0,25000,0,0,0,0,0,0.0773067331670823
2019-06-24,1,0,0,0,0,0,0,0,0,0,1,0,0,0,0,0,0,0,0,0,0,0,0.0
2019-06-25,1,0,0,0,0,0,0,0,0,0,1,0,0,0,0,0,0,0,0,0,0,0,0.0
2019-06-26,1,0,0,0,0,0,0,0,0,0,1,0,0,0,0,0,0,0,0,0,0,0,0.0
2019-06-27,1,0,0,0,0,0,0,0,0,0,1,0,0,0,0,0,0,0,0,0,0,0,0.0
2019-06-28,5,24000,0,1,0,1,1,0,1,0,1,0,0,6000,0,6000,6000,0,6000,0,0,0,0.059850374064837904
2019-06-29,8,122000,0,1,2,1,2,0,1,0,1,0,0,6000,38000,6000,66000,0,6000,0,0,0,0.30423940149625933
2019-06-30,6,79900,0,0,1,1,3,0,0,0,1,0,0,0,60000,6000,13900,0,0,0,0,0,0.1992518703241895
2019-07-01,2,6000,0,0,0,0,0,1,0,0,1,0,0,0,0,0,0,6000,0,0,0,0,0.014962593516209476
2019-07-02,3,25000,0,0,0,0,1,1,0,0,1,0,0,0,0,0,19000,6000,0,0,0,0,0.062344139650872814
2019-07-03,4,31000,0,0,0,0,2,1,0,0,1,0,0,0,0,0,25000,6000,0,0,0,0,0.0773067331670823
2019-07-04,5,80900,0,1,1,0,1,0,0,1,1,0,0,1900,60000,0,19000,0,0,0,0,0,0.20174563591022443
2019-07-05,3,25000,0,0,0,0,2,0,0,0,1,0,0,0,0,0,25000,0,0,0,0,0,0.062344139650872814
2019-07-06,6,105900,0,1,0,0,4,0,0,0,1,0,0,6000,0,0,99900,0,0,0,0,0,0.26408977556109725
2019-07-07,2,19000,0,0,0,0,1,0,0,0,1,0,0,0,0,0,19000,0,0,0,0,0,0.04738154613466334
2019-07-08,1,0,0,0,0,0,0,0,0,0,1,0,0,0,0,0,0,0,0,0,0,0,0.0
2019-07-09,1,0,0,0,0,0,0,0,0,0,1,0,0,0,0,0,0,0,0,0,0,0,0.0
2019-07-10,1,0,0,0,0,0,0,0,0,0,1,0,0,0,0,0,0,0,0,0,0,0,0.0
2019-07-11,1,0,0,0,0,0,0,0,0,0,1,0,0,0,0,0,0,0,0,0,0,0,0.0
2019-07-12,7,152900,0,0,4,0,1,0,1,0,1,0,0,0,140900,0,6000,0,6000,0,0,0,0.3812967581047381
2019-07-13,11,181700,1,1,4,0,1,0,3,0,1,0,1900,6000,140900,0,1900,0,31000,0,0,0,0.45311720698254365
2019-07-14,10,237900,0,1,5,0,2,0,1,0,1,0,0,6000,159900,0,66000,0,6000,0,0,0,0.5932668329177058
2019-07-15,1,0,0,0,0,0,0,0,0,0,1,0,0,0,0,0,0,0,0,0,0,0,0.0
2019-07-16,2,6000,0,1,0,0,0,0,0,0,1,0,0,6000,0,0,0,0,0,0,0,0,0.014962593516209476
2019-07-17,2,60000,0,0,0,0,1,0,0,0,1,0,0,0,0,0,60000,0,0,0,0,0,0.14962593516209477
2019-07-18,3,12000,0,1,0,0,0,0,1,0,1,0,0,6000,0,0,0,0,6000,0,0,0,0.029925187032418952
2019-07-19,7,244000,0,1,2,0,2,0,1,0,1,0,0,6000,207000,0,25000,0,6000,0,0,0,0.6084788029925187
2019-07-20,7,239900,0,1,3,0,1,0,1,0,1,0,0,6000,208900,0,19000,0,6000,0,0,0,0.5982543640897755
2019-07-21,6,287900,0,0,3,0,2,0,0,0,1,0,0,0,208900,0,79000,0,0,0,0,0,0.7179551122194513
2019-07-22,2,19000,0,0,0,0,1,0,0,0,1,0,0,0,0,0,19000,0,0,0,0,0,0.04738154613466334
2019-07-23,3,25000,0,1,0,0,1,0,0,0,1,0,0,6000,0,0,19000,0,0,0,0,0,0.062344139650872814
2019-07-24,3,25000,0,1,0,0,1,0,0,0,1,0,0,6000,0,0,19000,0,0,0,0,0,0.062344139650872814
2019-07-25,3,25000,0,1,0,0,1,0,0,0,1,0,0,6000,0,0,19000,0,0,0,0,0,0.062344139650872814
2019-07-26,3,207000,0,0,1,0,1,0,0,0,1,0,0,0,188000,0,19000,0,0,0,0,0,0.5162094763092269
2019-07-27,5,401000,0,1,2,0,1,0,0,0,1,0,0,6000,376000,0,19000,0,0,0,0,0,1.0
2019-07-28,3,207000,0,0,1,0,1,0,0,0,1,0,0,0,188000,0,19000,0,0,0,0,0,0.5162094763092269
2019-07-29,2,6000,0,0,0,0,0,0,1,0,1,0,0,0,0,0,0,0,6000,0,0,0,0.014962593516209476
2019-07-30,3,12000,1,0,0,0,0,0,1,0,1,0,6000,0,0,0,0,0,6000,0,0,0,0.029925187032418952
2019-07-31,2,6000,0,0,0,0,0,0,1,0,1,0,0,0,0,0,0,0,6000,0,0,0,0.014962593516209476
2019-08-01,3,25000,0,0,0,0,0,0,2,0,1,0,0,0,0,0,0,0,25000,0,0,0,0.062344139650872814
2019-08-02,6,251000,0,1,2,0,0,0,2,0,1,0,0,6000,207000,0,0,0,38000,0,0,0,0.6259351620947631
2019-08-03,6,251000,0,1,2,0,0,0,2,0,1,0,0,6000,207000,0,0,0,38000,0,0,0,0.6259351620947631
2019-08-04,8,317000,0,2,2,0,1,0,2,0,1,0,0,12000,207000,0,60000,0,38000,0,0,0,0.7905236907730673
2019-08-05,1,0,0,0,0,0,0,0,0,0,1,0,0,0,0,0,0,0,0,0,0,0,0.0
2019-08-06,3,79000,0,0,0,0,1,0,1,0,1,0,0,0,0,0,19000,0,60000,0,0,0,0.1970074812967581
2019-08-07,3,25000,0,1,0,0,1,0,0,0,1,0,0,6000,0,0,19000,0,0,0,0,0,0.062344139650872814
2019-08-08,2,60000,0,0,0,0,1,0,0,0,1,0,0,0,0,0,60000,0,0,0,0,0,0.14962593516209477
2019-08-09,3,25000,0,0,1,0,1,0,0,0,1,0,0,0,6000,0,19000,0,0,0,0,0,0.062344139650872814
2019-08-10,4,126000,0,1,0,0,2,0,0,0,1,0,0,6000,0,0,120000,0,0,0,0,0,0.31421446384039897
2019-08-11,3,25000,0,1,0,0,1,0,0,0,1,0,0,6000,0,0,19000,0,0,0,0,0,0.062344139650872814
2019-08-12,2,6000,0,0,0,0,0,0,1,0,1,0,0,0,0,0,0,0,6000,0,0,0,0.014962593516209476
2019-08-13,2,6000,0,0,0,0,0,0,1,0,1,0,0,0,0,0,0,0,6000,0,0,0,0.014962593516209476
2019-08-14,4,72000,0,2,0,0,0,0,1,0,1,0,0,66000,0,0,0,0,6000,0,0,0,0.17955112219451372
2019-08-15,2,6000,0,0,1,0,0,0,0,0,1,0,0,0,6000,0,0,0,0,0,0,0,0.014962593516209476
2019-08-16,5,78000,0,1,2,0,0,0,1,0,1,0,0,6000,66000,0,0,0,6000,0,0,0,0.19451371571072318
2019-08-17,5,78000,0,0,3,0,0,0,1,0,1,0,0,0,72000,0,0,0,6000,0,0,0,0.19451371571072318
2019-08-18,6,97000,0,1,2,0,1,0,1,0,1,0,0,6000,79000,0,6000,0,6000,0,0,0,0.24189526184538654
2019-08-19,1,0,0,0,0,0,0,0,0,0,1,0,0,0,0,0,0,0,0,0,0,0,0.0
2019-08-20,3,66000,0,2,0,0,0,0,0,0,1,0,0,66000,0,0,0,0,0,0,0,0,0.16458852867830423
2019-08-21,3,12000,0,1,0,0,0,0,1,0,1,0,0,6000,0,0,0,0,6000,0,0,0,0.029925187032418952
2019-08-22,1,0,0,0,0,0,0,0,0,0,1,0,0,0,0,0,0,0,0,0,0,0,0.0
2019-08-23,2,60000,0,0,0,0,1,0,0,0,1,0,0,0,0,0,60000,0,0,0,0,0,0.14962593516209477
2019-08-24,4,85000,0,0,1,0,1,0,1,0,1,0,0,0,19000,0,60000,0,6000,0,0,0,0.21197007481296756
2019-08-25,4,44000,0,0,1,0,2,0,0,0,1,0,0,0,19000,0,25000,0,0,0,0,0,0.10972568578553615
2019-08-26,3,25000,0,0,0,0,1,0,1,0,1,0,0,0,0,0,19000,0,6000,0,0,0,0.062344139650872814
2019-08-27,4,31000,0,0,0,0,2,0,1,0,1,0,0,0,0,0,25000,0,6000,0,0,0,0.0773067331670823
2019-08-28,1,19000,0,0,0,0,1,0,0,0,0,0,0,0,0,0,19000,0,0,0,0,0,0.04738154613466334
2019-08-29,2,66000,0,1,0,0,1,0,0,0,0,0,0,6000,0,0,60000,0,0,0,0,0,0.16458852867830423
2019-08-30,2,120000,0,0,1,0,0,0,1,0,0,0,0,0,60000,0,0,0,60000,0,0,0,0.29925187032418954
2019-08-31,3,180000,0,0,1,0,1,0,1,0,0,0,0,0,60000,0,60000,0,60000,0,0,0,0.44887780548628425
2019-09-01,4,186000,0,0,1,0,2,0,1,0,0,0,0,0,60000,0,66000,0,60000,0,0,0,0.46384039900249374
2019-09-02,2,60000,0,0,0,0,0,0,1,1,0,0,0,0,0,0,0,0,60000,0,0,0,0.14962593516209477
2019-09-03,0,0,0,0,0,0,0,0,0,0,0,0,0,0,0,0,0,0,0,0,0,0,0.0
2019-09-04,0,0,0,0,0,0,0,0,0,0,0,0,0,0,0,0,0,0,0,0,0,0,0.0
2019-09-05,0,0,0,0,0,0,0,0,0,0,0,0,0,0,0,0,0,0,0,0,0,0,0.0
2019-09-06,4,24000,1,1,0,0,1,0,1,0,0,0,6000,6000,0,0,6000,0,6000,0,0,0,0.059850374064837904
2019-09-07,4,91000,0,1,1,0,1,0,1,0,0,0,0,6000,19000,0,60000,0,6000,0,0,0,0.22693266832917705
2019-09-08,6,157000,0,1,1,0,2,0,2,0,0,0,0,6000,19000,0,120000,0,12000,0,0,0,0.3915211970074813
2019-09-09,1,6000,0,0,0,0,0,0,1,0,0,0,0,0,0,0,0,0,6000,0,0,0,0.014962593516209476
2019-09-10,2,25000,0,0,0,0,1,0,1,0,0,0,0,0,0,0,19000,0,6000,0,0,0,0.062344139650872814
2019-09-11,3,18000,0,0,0,0,1,0,2,0,0,0,0,0,0,0,6000,0,12000,0,0,0,0.04488778054862843
2019-09-12,4,91000,0,2,0,0,1,0,1,0,0,0,0,12000,0,0,19000,0,60000,0,0,0,0.22693266832917705
2019-09-13,3,31000,0,1,1,0,1,0,0,0,0,0,0,6000,6000,0,19000,0,0,0,0,0,0.0773067331670823
2019-09-14,6,116000,0,2,2,0,2,0,0,0,0,0,0,12000,25000,0,79000,0,0,0,0,0,0.28927680798004984
2019-09-15,4,104000,0,1,1,0,2,0,0,0,0,0,0,6000,19000,0,79000,0,0,0,0,0,0.2593516209476309
2019-09-16,0,0,0,0,0,0,0,0,0,0,0,0,0,0,0,0,0,0,0,0,0,0,0.0
2019-09-17,1,19000,0,0,0,0,0,0,1,0,0,0,0,0,0,0,0,0,19000,0,0,0,0.04738154613466334
2019-09-18,3,85000,0,1,0,0,1,0,1,0,0,0,0,6000,0,0,60000,0,19000,0,0,0,0.21197007481296756
2019-09-19,1,6000,0,1,0,0,0,0,0,0,0,0,0,6000,0,0,0,0,0,0,0,0,0.014962593516209476
2019-09-20,3,31000,0,2,1,0,0,0,0,0,0,0,0,12000,19000,0,0,0,0,0,0,0,0.0773067331670823
2019-09-21,5,43000,0,2,1,0,1,0,1,0,0,0,0,12000,19000,0,6000,0,6000,0,0,0,0.10723192019950124
2019-09-22,3,85000,0,0,1,0,1,0,1,0,0,0,0,0,19000,0,60000,0,6000,0,0,0,0.21197007481296756
2019-09-23,0,0,0,0,0,0,0,0,0,0,0,0,0,0,0,0,0,0,0,0,0,0,0.0
2019-09-24,2,25000,0,0,0,0,1,0,1,0,0,0,0,0,0,0,19000,0,6000,0,0,0,0.062344139650872814
2019-09-25,2,79000,0,0,0,0,1,0,1,0,0,0,0,0,0,0,19000,0,60000,0,0,0,0.1970074812967581
2019-09-26,2,25000,0,1,0,0,1,0,0,0,0,0,0,6000,0,0,19000,0,0,0,0,0,0.062344139650872814
2019-09-27,2,25000,0,1,0,0,1,0,0,0,0,0,0,6000,0,0,19000,0,0,0,0,0,0.062344139650872814
2019-09-28,7,135000,0,1,3,0,2,0,1,0,0,0,0,6000,31000,0,79000,0,19000,0,0,0,0.33665835411471323
2019-09-29,5,56000,0,1,1,0,1,0,2,0,0,0,0,6000,6000,0,19000,0,25000,0,0,0,0.1396508728179551
2019-09-30,1,6000,0,0,0,0,0,1,0,0,0,0,0,0,0,0,0,6000,0,0,0,0,0.014962593516209476
2019-10-01,1,6000,0,0,0,0,0,1,0,0,0,0,0,0,0,0,0,6000,0,0,0,0,0.014962593516209476
2019-10-02,2,12000,0,1,0,0,0,1,0,0,0,0,0,6000,0,0,0,6000,0,0,0,0,0.029925187032418952
2019-10-03,3,72000,1,0,0,0,1,1,0,0,0,0,6000,0,0,0,60000,6000,0,0,0,0,0.17955112219451372
2019-10-04,0,0,0,0,0,0,0,0,0,0,0,0,0,0,0,0,0,0,0,0,0,0,0.0
2019-10-05,2,12000,0,1,0,0,0,0,1,0,0,0,0,6000,0,0,0,0,6000,0,0,0,0.029925187032418952
2019-10-06,2,66000,0,0,0,0,1,0,1,0,0,0,0,0,0,0,60000,0,6000,0,0,0,0.16458852867830423
2019-10-07,1,19000,0,0,0,0,0,0,1,0,0,0,0,0,0,0,0,0,19000,0,0,0,0.04738154613466334
2019-10-08,2,25000,0,1,0,0,0,0,1,0,0,0,0,6000,0,0,0,0,19000,0,0,0,0.062344139650872814
2019-10-09,1,6000,0,1,0,0,0,0,0,0,0,0,0,6000,0,0,0,0,0,0,0,0,0.014962593516209476
2019-10-10,1,600,0,0,1,0,0,0,0,0,0,0,0,0,600,0,0,0,0,0,0,0,0.0014962593516209476
2019-10-11,1,600,0,0,1,0,0,0,0,0,0,0,0,0,600,0,0,0,0,0,0,0,0.0014962593516209476
2019-10-12,3,66600,0,0,1,0,0,0,2,0,0,0,0,0,600,0,0,0,66000,0,0,0,0.16608478802992518
2019-10-13,3,66600,0,0,1,0,0,0,2,0,0,0,0,0,600,0,0,0,66000,0,0,0,0.16608478802992518
2019-10-14,2,6600,0,0,1,0,0,0,1,0,0,0,0,0,600,0,0,0,6000,0,0,0,0.016458852867830425
2019-10-15,3,12600,0,1,1,0,0,0,1,0,0,0,0,6000,600,0,0,0,6000,0,0,0,0.031421446384039896
2019-10-16,3,12600,0,1,1,0,0,0,1,0,0,0,0,6000,600,0,0,0,6000,0,0,0,0.031421446384039896
2019-10-17,2,6600,0,0,1,0,0,0,1,0,0,0,0,0,600,0,0,0,6000,0,0,0,0.016458852867830425
2019-10-18,1,600,0,0,1,0,0,0,0,0,0,0,0,0,600,0,0,0,0,0,0,0,0.0014962593516209476
2019-10-19,6,192600,0,2,2,0,2,0,0,0,0,0,0,66000,6600,0,120000,0,0,0,0,0,0.4802992518703242
2019-10-20,4,72600,0,0,2,0,1,1,0,0,0,0,0,0,6600,0,60000,6000,0,0,0,0,0.18104738154613464
2019-10-21,1,6000,0,0,0,0,0,1,0,0,0,0,0,0,0,0,0,6000,0,0,0,0,0.014962593516209476
2019-10-22,2,12000,0,1,0,0,0,1,0,0,0,0,0,6000,0,0,0,6000,0,0,0,0,0.029925187032418952
2019-10-23,2,66000,0,0,0,0,1,1,0,0,0,0,0,0,0,0,60000,6000,0,0,0,0,0.16458852867830423
2019-10-24,1,2000,0,0,1,0,0,0,0,0,0,0,0,0,2000,0,0,0,0,0,0,0,0.004987531172069825
2019-10-25,2,8000,0,1,1,0,0,0,0,0,0,0,0,6000,2000,0,0,0,0,0,0,0,0.0199501246882793
2019-10-26,2,8000,0,1,1,0,0,0,0,0,0,0,0,6000,2000,0,0,0,0,0,0,0,0.0199501246882793
2019-10-27,3,14000,0,1,2,0,0,0,0,0,0,0,0,6000,8000,0,0,0,0,0,0,0,0.034912718204488775
2019-10-28,1,6000,0,0,0,0,0,0,1,0,0,0,0,0,0,0,0,0,6000,0,0,0,0.014962593516209476
2019-10-29,1,6000,0,0,0,0,0,0,1,0,0,0,0,0,0,0,0,0,6000,0,0,0,0.014962593516209476
2019-10-30,1,6000,0,0,0,0,0,0,1,0,0,0,0,0,0,0,0,0,6000,0,0,0,0.014962593516209476
2019-10-31,3,12000,0,0,0,0,1,0,1,0,0,1,0,0,0,0,6000,0,6000,0,0,0,0.029925187032418952
2019-11-01,4,32900,0,0,0,0,1,0,3,0,0,0,0,0,0,0,1900,0,31000,0,0,0,0.08204488778054862
2019-11-02,3,85000,0,0,1,0,1,0,1,0,0,0,0,0,6000,0,60000,0,19000,0,0,0,0.21197007481296756
2019-11-03,3,126000,0,1,1,0,1,0,0,0,0,0,0,60000,6000,0,60000,0,0,0,0,0,0.31421446384039897
2019-11-04,0,0,0,0,0,0,0,0,0,0,0,0,0,0,0,0,0,0,0,0,0,0,0.0
2019-11-05,1,19000,0,0,0,0,1,0,0,0,0,0,0,0,0,0,19000,0,0,0,0,0,0.04738154613466334
2019-11-06,0,0,0,0,0,0,0,0,0,0,0,0,0,0,0,0,0,0,0,0,0,0,0.0
2019-11-07,0,0,0,0,0,0,0,0,0,0,0,0,0,0,0,0,0,0,0,0,0,0,0.0
2019-11-08,1,6000,0,0,0,0,1,0,0,0,0,0,0,0,0,0,6000,0,0,0,0,0,0.014962593516209476
2019-11-09,5,43000,0,1,0,0,1,0,3,0,0,0,0,6000,0,0,19000,0,18000,0,0,0,0.10723192019950124
2019-11-10,5,84000,0,1,0,0,2,0,2,0,0,0,0,6000,0,0,66000,0,12000,0,0,0,0.20947630922693267
2019-11-11,1,0,0,0,0,0,0,0,0,1,0,0,0,0,0,0,0,0,0,0,0,0,0.0
2019-11-12,1,6000,0,0,0,0,1,0,0,0,0,0,0,0,0,0,6000,0,0,0,0,0,0.014962593516209476
2019-11-13,1,6000,0,0,0,0,0,0,1,0,0,0,0,0,0,0,0,0,6000,0,0,0,0.014962593516209476
2019-11-14,4,78000,0,0,0,0,0,0,4,0,0,0,0,0,0,0,0,0,78000,0,0,0,0.19451371571072318
2019-11-15,3,67900,0,0,0,0,1,0,2,0,0,0,0,0,0,0,1900,0,66000,0,0,0,0.16932668329177056
2019-11-16,3,72000,0,0,0,0,0,0,3,0,0,0,0,0,0,0,0,0,72000,0,0,0,0.17955112219451372
2019-11-17,2,12000,0,0,0,0,0,0,2,0,0,0,0,0,0,0,0,0,12000,0,0,0,0.029925187032418952
2019-11-18,0,0,0,0,0,0,0,0,0,0,0,0,0,0,0,0,0,0,0,0,0,0,0.0
2019-11-19,1,6000,0,0,0,0,1,0,0,0,0,0,0,0,0,0,6000,0,0,0,0,0,0.014962593516209476
2019-11-20,0,0,0,0,0,0,0,0,0,0,0,0,0,0,0,0,0,0,0,0,0,0,0.0
2019-11-21,1,6000,0,0,0,0,0,0,1,0,0,0,0,0,0,0,0,0,6000,0,0,0,0.014962593516209476
2019-11-22,4,18514,0,0,2,0,1,0,1,0,0,0,0,0,6514,0,6000,0,6000,0,0,0,0.04616957605985037
2019-11-23,6,30514,0,0,3,0,1,0,2,0,0,0,0,0,12514,0,6000,0,12000,0,0,0,0.07609476309226933
2019-11-24,4,18514,0,0,2,0,1,1,0,0,0,0,0,0,6514,0,6000,6000,0,0,0,0,0.04616957605985037
2019-11-25,2,6514,0,0,1,0,0,1,0,0,0,0,0,0,514,0,0,6000,0,0,0,0,0.01624438902743142
2019-11-26,2,6514,0,0,1,0,0,1,0,0,0,0,0,0,514,0,0,6000,0,0,0,0,0.01624438902743142
2019-11-27,3,6514,0,1,1,0,0,0,0,0,1,0,0,6000,514,0,0,0,0,0,0,0,0.01624438902743142
2019-11-28,3,514,0,0,1,0,0,0,0,1,1,0,0,0,514,0,0,0,0,0,0,0,0.001281795511221945
2019-11-29,5,72514,0,1,1,0,1,0,1,0,1,0,0,6000,514,0,60000,0,6000,0,0,0,0.18083291770573565
2019-11-30,5,14449,0,1,2,0,0,0,1,0,1,0,0,6000,2449,0,0,0,6000,0,0,0,0.03603241895261845
2019-12-01,6,20449,0,1,2,0,1,0,1,0,1,0,0,6000,2449,0,6000,0,6000,0,0,0,0.05099501246882793
2019-12-02,4,68449,0,0,2,0,2,0,0,0,0,0,0,0,2449,0,66000,0,0,0,0,0,0.17069576059850375
2019-12-03,2,2449,0,0,2,0,0,0,0,0,0,0,0,0,2449,0,0,0,0,0,0,0,0.006107231920199501
2019-12-04,5,33449,0,0,2,0,1,1,1,0,0,0,0,0,2449,0,6000,6000,19000,0,0,0,0.0834139650872818
2019-12-05,4,14449,0,1,2,0,0,1,0,0,0,0,0,6000,2449,0,0,6000,0,0,0,0,0.03603241895261845
2019-12-06,5,33449,0,0,3,0,0,1,1,0,0,0,0,0,21449,0,0,6000,6000,0,0,0,0.0834139650872818
2019-12-07,7,37249,0,0,5,0,1,1,0,0,0,0,0,0,29349,0,1900,6000,0,0,0,0,0.09289027431421445
2019-12-08,6,52449,0,0,5,0,1,0,0,0,0,0,0,0,46449,0,6000,0,0,0,0,0,0.13079551122194513
2019-12-09,3,62449,0,0,3,0,0,0,0,0,0,0,0,0,62449,0,0,0,0,0,0,0,0.15573316708229426
2019-12-10,4,14449,0,2,2,0,0,0,0,0,0,0,0,12000,2449,0,0,0,0,0,0,0,0.03603241895261845
2019-12-11,2,2449,0,0,2,0,0,0,0,0,0,0,0,0,2449,0,0,0,0,0,0,0,0.006107231920199501
2019-12-12,4,64349,0,0,2,0,0,1,1,0,0,0,0,0,2449,0,0,1900,60000,0,0,0,0.1604713216957606
2019-12-13,3,4349,0,0,2,0,0,1,0,0,0,0,0,0,2449,0,0,1900,0,0,0,0,0.010845386533665836
2019-12-14,4,23349,0,0,2,0,0,1,1,0,0,0,0,0,2449,0,0,1900,19000,0,0,0,0.05822693266832917
2019-12-15,3,21449,0,0,2,0,0,0,1,0,0,0,0,0,2449,0,0,0,19000,0,0,0,0.053488778054862844
2019-12-16,2,2449,0,0,2,0,0,0,0,0,0,0,0,0,2449,0,0,0,0,0,0,0,0.006107231920199501
2019-12-17,3,8449,0,0,2,0,1,0,0,0,0,0,0,0,2449,0,6000,0,0,0,0,0,0.021069825436408975
2019-12-18,2,2449,0,0,2,0,0,0,0,0,0,0,0,0,2449,0,0,0,0,0,0,0,0.006107231920199501
2019-12-19,3,8449,0,1,2,0,0,0,0,0,0,0,0,6000,2449,0,0,0,0,0,0,0,0.021069825436408975
2019-12-20,4,10349,0,0,2,0,2,0,0,0,0,0,0,0,2449,0,7900,0,0,0,0,0,0.02580798004987531
2019-12-21,4,14449,0,1,2,0,1,0,0,0,0,0,0,6000,2449,0,6000,0,0,0,0,0,0.03603241895261845
2019-12-22,3,62449,0,0,2,0,1,0,0,0,0,0,0,0,2449,0,60000,0,0,0,0,0,0.15573316708229426
2019-12-23,3,2449,0,0,2,0,0,0,0,0,1,0,0,0,2449,0,0,0,0,0,0,0,0.006107231920199501
2019-12-24,4,2449,0,0,2,0,0,0,0,1,1,0,0,0,2449,0,0,0,0,0,0,0,0.006107231920199501
2019-12-25,4,2449,0,0,2,0,0,0,0,1,1,0,0,0,2449,0,0,0,0,0,0,0,0.006107231920199501
2019-12-26,3,2449,0,0,2,0,0,0,0,0,1,0,0,0,2449,0,0,0,0,0,0,0,0.006107231920199501
2019-12-27,3,2449,0,0,2,0,0,0,0,0,1,0,0,0,2449,0,0,0,0,0,0,0,0.006107231920199501
2019-12-28,3,2449,0,0,2,0,0,0,0,0,1,0,0,0,2449,0,0,0,0,0,0,0,0.006107231920199501
2019-12-29,4,62449,0,0,2,0,1,0,0,0,1,0,0,0,2449,0,60000,0,0,0,0,0,0.15573316708229426
2019-12-30,2,1935,0,0,1,0,0,0,0,0,1,0,0,0,1935,0,0,0,0,0,0,0,0.004825436408977556
2019-12-31,3,1935,0,0,1,0,0,0,0,0,1,1,0,0,1935,0,0,0,0,0,0,0,0.004825436408977556
