,count,impact,community_count,concerts_count,festivals_count,performing-arts_count,sports_count,conferences_count,expos_count,public-holidays_count,school-holidays_count,observances_count,community_impact,concerts_impact,festivals_impact,performing-arts_impact,sports_impact,conferences_impact,expos_impact,public-holidays_impact,school-holidays_impact,observances_impact
2019-01-01,4.0,12000.0,0.0,0.0,1.0,0.0,1.0,0.0,0.0,1.0,1.0,0.0,0.0,0.0,6000.0,0.0,6000.0,0.0,0.0,0.0,0.0,0.0
2019-01-02,1.0,0.0,0.0,0.0,0.0,0.0,0.0,0.0,0.0,0.0,1.0,0.0,0.0,0.0,0.0,0.0,0.0,0.0,0.0,0.0,0.0,0.0
2019-01-03,1.0,0.0,0.0,0.0,0.0,0.0,0.0,0.0,0.0,0.0,1.0,0.0,0.0,0.0,0.0,0.0,0.0,0.0,0.0,0.0,0.0,0.0
2019-01-04,2.0,6000.0,0.0,0.0,0.0,0.0,0.0,0.0,1.0,0.0,1.0,0.0,0.0,0.0,0.0,0.0,0.0,0.0,6000.0,0.0,0.0,0.0
2019-01-05,3.0,12000.0,0.0,0.0,0.0,0.0,1.0,0.0,1.0,0.0,1.0,0.0,0.0,0.0,0.0,0.0,6000.0,0.0,6000.0,0.0,0.0,0.0
2019-01-06,2.0,6000.0,0.0,0.0,0.0,0.0,0.0,0.0,1.0,0.0,1.0,0.0,0.0,0.0,0.0,0.0,0.0,0.0,6000.0,0.0,0.0,0.0
2019-01-07,0.0,0.0,0.0,0.0,0.0,0.0,0.0,0.0,0.0,0.0,0.0,0.0,0.0,0.0,0.0,0.0,0.0,0.0,0.0,0.0,0.0,0.0
2019-01-08,0.0,0.0,0.0,0.0,0.0,0.0,0.0,0.0,0.0,0.0,0.0,0.0,0.0,0.0,0.0,0.0,0.0,0.0,0.0,0.0,0.0,0.0
2019-01-09,0.0,0.0,0.0,0.0,0.0,0.0,0.0,0.0,0.0,0.0,0.0,0.0,0.0,0.0,0.0,0.0,0.0,0.0,0.0,0.0,0.0,0.0
2019-01-10,0.0,0.0,0.0,0.0,0.0,0.0,0.0,0.0,0.0,0.0,0.0,0.0,0.0,0.0,0.0,0.0,0.0,0.0,0.0,0.0,0.0,0.0
2019-01-11,1.0,6000.0,0.0,0.0,0.0,0.0,1.0,0.0,0.0,0.0,0.0,0.0,0.0,0.0,0.0,0.0,6000.0,0.0,0.0,0.0,0.0,0.0
2019-01-12,1.0,6000.0,0.0,0.0,0.0,0.0,0.0,0.0,1.0,0.0,0.0,0.0,0.0,0.0,0.0,0.0,0.0,0.0,6000.0,0.0,0.0,0.0
2019-01-13,1.0,6000.0,0.0,0.0,0.0,0.0,0.0,0.0,1.0,0.0,0.0,0.0,0.0,0.0,0.0,0.0,0.0,0.0,6000.0,0.0,0.0,0.0
2019-01-14,0.0,0.0,0.0,0.0,0.0,0.0,0.0,0.0,0.0,0.0,0.0,0.0,0.0,0.0,0.0,0.0,0.0,0.0,0.0,0.0,0.0,0.0
2019-01-15,0.0,0.0,0.0,0.0,0.0,0.0,0.0,0.0,0.0,0.0,0.0,0.0,0.0,0.0,0.0,0.0,0.0,0.0,0.0,0.0,0.0,0.0
2019-01-16,0.0,0.0,0.0,0.0,0.0,0.0,0.0,0.0,0.0,0.0,0.0,0.0,0.0,0.0,0.0,0.0,0.0,0.0,0.0,0.0,0.0,0.0
2019-01-17,1.0,6000.0,0.0,0.0,0.0,0.0,1.0,0.0,0.0,0.0,0.0,0.0,0.0,0.0,0.0,0.0,6000.0,0.0,0.0,0.0,0.0,0.0
2019-01-18,2.0,6750.0,0.0,1.0,1.0,0.0,0.0,0.0,0.0,0.0,0.0,0.0,0.0,6000.0,750.0,0.0,0.0,0.0,0.0,0.0,0.0,0.0
2019-01-19,3.0,12750.0,1.0,0.0,1.0,0.0,1.0,0.0,0.0,0.0,0.0,0.0,6000.0,0.0,750.0,0.0,6000.0,0.0,0.0,0.0,0.0,0.0
2019-01-20,1.0,750.0,0.0,0.0,1.0,0.0,0.0,0.0,0.0,0.0,0.0,0.0,0.0,0.0,750.0,0.0,0.0,0.0,0.0,0.0,0.0,0.0
2019-01-21,4.0,6750.0,1.0,0.0,1.0,0.0,0.0,0.0,0.0,2.0,0.0,0.0,6000.0,0.0,750.0,0.0,0.0,0.0,0.0,0.0,0.0,0.0
2019-01-22,1.0,750.0,0.0,0.0,1.0,0.0,0.0,0.0,0.0,0.0,0.0,0.0,0.0,0.0,750.0,0.0,0.0,0.0,0.0,0.0,0.0,0.0
2019-01-23,1.0,750.0,0.0,0.0,1.0,0.0,0.0,0.0,0.0,0.0,0.0,0.0,0.0,0.0,750.0,0.0,0.0,0.0,0.0,0.0,0.0,0.0
2019-01-24,1.0,750.0,0.0,0.0,1.0,0.0,0.0,0.0,0.0,0.0,0.0,0.0,0.0,0.0,750.0,0.0,0.0,0.0,0.0,0.0,0.0,0.0
2019-01-25,5.0,26250.0,0.0,0.0,1.0,0.0,1.0,1.0,2.0,0.0,0.0,0.0,0.0,0.0,750.0,0.0,6000.0,6000.0,13500.0,0.0,0.0,0.0
2019-01-26,5.0,26250.0,0.0,0.0,2.0,0.0,0.0,1.0,2.0,0.0,0.0,0.0,0.0,0.0,6750.0,0.0,0.0,6000.0,13500.0,0.0,0.0,0.0
2019-01-27,7.0,38250.0,0.0,0.0,2.0,1.0,1.0,1.0,2.0,0.0,0.0,0.0,0.0,0.0,6750.0,6000.0,6000.0,6000.0,13500.0,0.0,0.0,0.0
2019-01-28,3.0,19500.0,0.0,0.0,0.0,0.0,0.0,1.0,2.0,0.0,0.0,0.0,0.0,0.0,0.0,0.0,0.0,6000.0,13500.0,0.0,0.0,0.0
2019-01-29,3.0,19500.0,0.0,0.0,0.0,0.0,0.0,1.0,2.0,0.0,0.0,0.0,0.0,0.0,0.0,0.0,0.0,6000.0,13500.0,0.0,0.0,0.0
2019-01-30,2.0,13500.0,0.0,0.0,0.0,0.0,1.0,0.0,1.0,0.0,0.0,0.0,0.0,0.0,0.0,0.0,6000.0,0.0,7500.0,0.0,0.0,0.0
2019-01-31,2.0,26500.0,0.0,0.0,0.0,0.0,0.0,0.0,2.0,0.0,0.0,0.0,0.0,0.0,0.0,0.0,0.0,0.0,26500.0,0.0,0.0,0.0
2019-02-01,2.0,26500.0,0.0,0.0,0.0,0.0,0.0,0.0,2.0,0.0,0.0,0.0,0.0,0.0,0.0,0.0,0.0,0.0,26500.0,0.0,0.0,0.0
2019-02-02,4.0,38500.0,0.0,0.0,0.0,0.0,1.0,0.0,3.0,0.0,0.0,0.0,0.0,0.0,0.0,0.0,6000.0,0.0,32500.0,0.0,0.0,0.0
2019-02-03,1.0,6000.0,0.0,0.0,0.0,0.0,0.0,0.0,1.0,0.0,0.0,0.0,0.0,0.0,0.0,0.0,0.0,0.0,6000.0,0.0,0.0,0.0
2019-02-04,1.0,6000.0,0.0,0.0,0.0,0.0,0.0,0.0,1.0,0.0,0.0,0.0,0.0,0.0,0.0,0.0,0.0,0.0,6000.0,0.0,0.0,0.0
2019-02-05,1.0,6000.0,0.0,0.0,0.0,0.0,0.0,0.0,1.0,0.0,0.0,0.0,0.0,0.0,0.0,0.0,0.0,0.0,6000.0,0.0,0.0,0.0
2019-02-06,0.0,0.0,0.0,0.0,0.0,0.0,0.0,0.0,0.0,0.0,0.0,0.0,0.0,0.0,0.0,0.0,0.0,0.0,0.0,0.0,0.0,0.0
2019-02-07,1.0,6000.0,0.0,0.0,0.0,0.0,1.0,0.0,0.0,0.0,0.0,0.0,0.0,0.0,0.0,0.0,6000.0,0.0,0.0,0.0,0.0,0.0
2019-02-08,0.0,0.0,0.0,0.0,0.0,0.0,0.0,0.0,0.0,0.0,0.0,0.0,0.0,0.0,0.0,0.0,0.0,0.0,0.0,0.0,0.0,0.0
2019-02-09,1.0,6000.0,0.0,0.0,0.0,0.0,1.0,0.0,0.0,0.0,0.0,0.0,0.0,0.0,0.0,0.0,6000.0,0.0,0.0,0.0,0.0,0.0
2019-02-10,1.0,6000.0,0.0,0.0,0.0,0.0,1.0,0.0,0.0,0.0,0.0,0.0,0.0,0.0,0.0,0.0,6000.0,0.0,0.0,0.0,0.0,0.0
2019-02-11,0.0,0.0,0.0,0.0,0.0,0.0,0.0,0.0,0.0,0.0,0.0,0.0,0.0,0.0,0.0,0.0,0.0,0.0,0.0,0.0,0.0,0.0
2019-02-12,0.0,0.0,0.0,0.0,0.0,0.0,0.0,0.0,0.0,0.0,0.0,0.0,0.0,0.0,0.0,0.0,0.0,0.0,0.0,0.0,0.0,0.0
2019-02-13,0.0,0.0,0.0,0.0,0.0,0.0,0.0,0.0,0.0,0.0,0.0,0.0,0.0,0.0,0.0,0.0,0.0,0.0,0.0,0.0,0.0,0.0
2019-02-14,1.0,0.0,0.0,0.0,0.0,0.0,0.0,0.0,0.0,0.0,0.0,1.0,0.0,0.0,0.0,0.0,0.0,0.0,0.0,0.0,0.0,0.0
2019-02-15,1.0,3167.0,0.0,0.0,1.0,0.0,0.0,0.0,0.0,0.0,0.0,0.0,0.0,0.0,3167.0,0.0,0.0,0.0,0.0,0.0,0.0,0.0
2019-02-16,2.0,9167.0,0.0,0.0,1.0,0.0,0.0,0.0,1.0,0.0,0.0,0.0,0.0,0.0,3167.0,0.0,0.0,0.0,6000.0,0.0,0.0,0.0
2019-02-17,4.0,17067.0,0.0,0.0,1.0,0.0,1.0,0.0,2.0,0.0,0.0,0.0,0.0,0.0,3167.0,0.0,6000.0,0.0,7900.0,0.0,0.0,0.0
2019-02-18,2.0,3167.0,0.0,0.0,1.0,0.0,0.0,0.0,0.0,1.0,0.0,0.0,0.0,0.0,3167.0,0.0,0.0,0.0,0.0,0.0,0.0,0.0
2019-02-19,1.0,3167.0,0.0,0.0,1.0,0.0,0.0,0.0,0.0,0.0,0.0,0.0,0.0,0.0,3167.0,0.0,0.0,0.0,0.0,0.0,0.0,0.0
2019-02-20,4.0,129167.0,0.0,0.0,1.0,0.0,2.0,0.0,1.0,0.0,0.0,0.0,0.0,0.0,3167.0,0.0,66000.0,0.0,60000.0,0.0,0.0,0.0
2019-02-21,4.0,123800.0,0.0,0.0,2.0,0.0,0.0,1.0,1.0,0.0,0.0,0.0,0.0,0.0,3800.0,0.0,0.0,60000.0,60000.0,0.0,0.0,0.0
2019-02-22,3.0,120633.0,0.0,0.0,1.0,0.0,0.0,1.0,1.0,0.0,0.0,0.0,0.0,0.0,633.0,0.0,0.0,60000.0,60000.0,0.0,0.0,0.0
2019-02-23,5.0,132633.0,0.0,0.0,1.0,0.0,1.0,1.0,2.0,0.0,0.0,0.0,0.0,0.0,633.0,0.0,6000.0,60000.0,66000.0,0.0,0.0,0.0
2019-02-24,4.0,126633.0,0.0,0.0,1.0,0.0,1.0,1.0,1.0,0.0,0.0,0.0,0.0,0.0,633.0,0.0,6000.0,60000.0,60000.0,0.0,0.0,0.0
2019-02-25,1.0,188000.0,0.0,0.0,0.0,0.0,0.0,0.0,1.0,0.0,0.0,0.0,0.0,0.0,0.0,0.0,0.0,0.0,188000.0,0.0,0.0,0.0
2019-02-26,0.0,0.0,0.0,0.0,0.0,0.0,0.0,0.0,0.0,0.0,0.0,0.0,0.0,0.0,0.0,0.0,0.0,0.0,0.0,0.0,0.0,0.0
2019-02-27,0.0,0.0,0.0,0.0,0.0,0.0,0.0,0.0,0.0,0.0,0.0,0.0,0.0,0.0,0.0,0.0,0.0,0.0,0.0,0.0,0.0,0.0
2019-02-28,0.0,0.0,0.0,0.0,0.0,0.0,0.0,0.0,0.0,0.0,0.0,0.0,0.0,0.0,0.0,0.0,0.0,0.0,0.0,0.0,0.0,0.0
2019-03-01,1.0,6000.0,0.0,0.0,0.0,0.0,1.0,0.0,0.0,0.0,0.0,0.0,0.0,0.0,0.0,0.0,6000.0,0.0,0.0,0.0,0.0,0.0
2019-03-02,2.0,61900.0,0.0,0.0,1.0,0.0,1.0,0.0,0.0,0.0,0.0,0.0,0.0,0.0,1900.0,0.0,60000.0,0.0,0.0,0.0,0.0,0.0
2019-03-03,2.0,12000.0,0.0,0.0,0.0,0.0,2.0,0.0,0.0,0.0,0.0,0.0,0.0,0.0,0.0,0.0,12000.0,0.0,0.0,0.0,0.0,0.0
2019-03-04,1.0,6000.0,0.0,0.0,0.0,0.0,0.0,1.0,0.0,0.0,0.0,0.0,0.0,0.0,0.0,0.0,0.0,6000.0,0.0,0.0,0.0,0.0
2019-03-05,1.0,6000.0,0.0,0.0,0.0,0.0,0.0,1.0,0.0,0.0,0.0,0.0,0.0,0.0,0.0,0.0,0.0,6000.0,0.0,0.0,0.0,0.0
2019-03-06,2.0,12000.0,0.0,0.0,0.0,0.0,1.0,1.0,0.0,0.0,0.0,0.0,0.0,0.0,0.0,0.0,6000.0,6000.0,0.0,0.0,0.0,0.0
2019-03-07,1.0,6000.0,0.0,0.0,0.0,0.0,0.0,1.0,0.0,0.0,0.0,0.0,0.0,0.0,0.0,0.0,0.0,6000.0,0.0,0.0,0.0,0.0
2019-03-08,2.0,12000.0,0.0,0.0,0.0,0.0,2.0,0.0,0.0,0.0,0.0,0.0,0.0,0.0,0.0,0.0,12000.0,0.0,0.0,0.0,0.0,0.0
2019-03-09,5.0,97000.0,0.0,1.0,0.0,0.0,4.0,0.0,0.0,0.0,0.0,0.0,0.0,6000.0,0.0,0.0,91000.0,0.0,0.0,0.0,0.0,0.0
2019-03-10,4.0,78000.0,0.0,0.0,0.0,0.0,4.0,0.0,0.0,0.0,0.0,0.0,0.0,0.0,0.0,0.0,78000.0,0.0,0.0,0.0,0.0,0.0
2019-03-11,0.0,0.0,0.0,0.0,0.0,0.0,0.0,0.0,0.0,0.0,0.0,0.0,0.0,0.0,0.0,0.0,0.0,0.0,0.0,0.0,0.0,0.0
2019-03-12,0.0,0.0,0.0,0.0,0.0,0.0,0.0,0.0,0.0,0.0,0.0,0.0,0.0,0.0,0.0,0.0,0.0,0.0,0.0,0.0,0.0,0.0
2019-03-13,1.0,6000.0,0.0,0.0,0.0,0.0,0.0,0.0,1.0,0.0,0.0,0.0,0.0,0.0,0.0,0.0,0.0,0.0,6000.0,0.0,0.0,0.0
2019-03-14,2.0,60792.0,0.0,0.0,1.0,0.0,0.0,1.0,0.0,0.0,0.0,0.0,0.0,0.0,792.0,0.0,0.0,60000.0,0.0,0.0,0.0,0.0
2019-03-15,2.0,60792.0,0.0,0.0,1.0,0.0,0.0,1.0,0.0,0.0,0.0,0.0,0.0,0.0,792.0,0.0,0.0,60000.0,0.0,0.0,0.0,0.0
2019-03-16,4.0,139792.0,0.0,0.0,2.0,0.0,1.0,1.0,0.0,0.0,0.0,0.0,0.0,0.0,19792.0,0.0,60000.0,60000.0,0.0,0.0,0.0,0.0
2019-03-17,2.0,60792.0,0.0,0.0,1.0,0.0,0.0,1.0,0.0,0.0,0.0,0.0,0.0,0.0,792.0,0.0,0.0,60000.0,0.0,0.0,0.0,0.0
2019-03-18,1.0,792.0,0.0,0.0,1.0,0.0,0.0,0.0,0.0,0.0,0.0,0.0,0.0,0.0,792.0,0.0,0.0,0.0,0.0,0.0,0.0,0.0
2019-03-19,1.0,792.0,0.0,0.0,1.0,0.0,0.0,0.0,0.0,0.0,0.0,0.0,0.0,0.0,792.0,0.0,0.0,0.0,0.0,0.0,0.0,0.0
2019-03-20,2.0,19792.0,0.0,0.0,1.0,0.0,1.0,0.0,0.0,0.0,0.0,0.0,0.0,0.0,792.0,0.0,19000.0,0.0,0.0,0.0,0.0,0.0
2019-03-21,1.0,792.0,0.0,0.0,1.0,0.0,0.0,0.0,0.0,0.0,0.0,0.0,0.0,0.0,792.0,0.0,0.0,0.0,0.0,0.0,0.0,0.0
2019-03-22,3.0,12792.0,0.0,0.0,1.0,0.0,0.0,1.0,1.0,0.0,0.0,0.0,0.0,0.0,792.0,0.0,0.0,6000.0,6000.0,0.0,0.0,0.0
2019-03-23,5.0,73542.0,0.0,0.0,2.0,0.0,1.0,1.0,1.0,0.0,0.0,0.0,0.0,0.0,1542.0,0.0,60000.0,6000.0,6000.0,0.0,0.0,0.0
2019-03-24,5.0,19542.0,0.0,0.0,3.0,0.0,0.0,1.0,1.0,0.0,0.0,0.0,0.0,0.0,7542.0,0.0,0.0,6000.0,6000.0,0.0,0.0,0.0
2019-03-25,6.0,38542.0,0.0,2.0,2.0,0.0,1.0,1.0,0.0,0.0,0.0,0.0,0.0,12000.0,1542.0,0.0,19000.0,6000.0,0.0,0.0,0.0,0.0
2019-03-26,4.0,26542.0,0.0,0.0,2.0,0.0,1.0,0.0,1.0,0.0,0.0,0.0,0.0,0.0,1542.0,0.0,19000.0,0.0,6000.0,0.0,0.0,0.0
2019-03-27,3.0,7542.0,0.0,0.0,2.0,0.0,0.0,0.0,1.0,0.0,0.0,0.0,0.0,0.0,1542.0,0.0,0.0,0.0,6000.0,0.0,0.0,0.0
2019-03-28,5.0,65442.0,0.0,0.0,3.0,0.0,1.0,1.0,0.0,0.0,0.0,0.0,0.0,0.0,3542.0,0.0,60000.0,1900.0,0.0,0.0,0.0,0.0
2019-03-29,5.0,24442.0,0.0,0.0,3.0,0.0,1.0,1.0,0.0,0.0,0.0,0.0,0.0,0.0,3542.0,0.0,19000.0,1900.0,0.0,0.0,0.0,0.0
2019-03-30,6.0,84442.0,0.0,0.0,4.0,0.0,1.0,1.0,0.0,0.0,0.0,0.0,0.0,0.0,22542.0,0.0,60000.0,1900.0,0.0,0.0,0.0,0.0
2019-03-31,8.0,49442.0,0.0,0.0,4.0,0.0,2.0,1.0,0.0,1.0,0.0,0.0,0.0,0.0,22542.0,0.0,25000.0,1900.0,0.0,0.0,0.0,0.0
2019-04-01,3.0,19792.0,0.0,0.0,1.0,0.0,1.0,0.0,0.0,0.0,1.0,0.0,0.0,0.0,792.0,0.0,19000.0,0.0,0.0,0.0,0.0,0.0
2019-04-02,3.0,19792.0,0.0,0.0,1.0,0.0,1.0,0.0,0.0,0.0,1.0,0.0,0.0,0.0,792.0,0.0,19000.0,0.0,0.0,0.0,0.0,0.0
2019-04-03,3.0,6792.0,0.0,0.0,1.0,0.0,0.0,0.0,1.0,0.0,1.0,0.0,0.0,0.0,792.0,0.0,0.0,0.0,6000.0,0.0,0.0,0.0
2019-04-04,3.0,6792.0,0.0,0.0,1.0,0.0,0.0,0.0,1.0,0.0,1.0,0.0,0.0,0.0,792.0,0.0,0.0,0.0,6000.0,0.0,0.0,0.0
2019-04-05,3.0,6792.0,0.0,0.0,1.0,0.0,0.0,0.0,1.0,0.0,1.0,0.0,0.0,0.0,792.0,0.0,0.0,0.0,6000.0,0.0,0.0,0.0
2019-04-06,4.0,72792.0,0.0,1.0,1.0,0.0,1.0,0.0,1.0,0.0,0.0,0.0,0.0,6000.0,792.0,0.0,60000.0,0.0,6000.0,0.0,0.0,0.0
2019-04-07,1.0,792.0,0.0,0.0,1.0,0.0,0.0,0.0,0.0,0.0,0.0,0.0,0.0,0.0,792.0,0.0,0.0,0.0,0.0,0.0,0.0,0.0
2019-04-08,1.0,1900.0,0.0,0.0,0.0,0.0,0.0,1.0,0.0,0.0,0.0,0.0,0.0,0.0,0.0,0.0,0.0,1900.0,0.0,0.0,0.0,0.0
2019-04-09,1.0,1900.0,0.0,0.0,0.0,0.0,0.0,1.0,0.0,0.0,0.0,0.0,0.0,0.0,0.0,0.0,0.0,1900.0,0.0,0.0,0.0,0.0
2019-04-10,1.0,1900.0,0.0,0.0,0.0,0.0,0.0,1.0,0.0,0.0,0.0,0.0,0.0,0.0,0.0,0.0,0.0,1900.0,0.0,0.0,0.0,0.0
2019-04-11,3.0,26900.0,0.0,1.0,0.0,0.0,0.0,1.0,1.0,0.0,0.0,0.0,0.0,6000.0,0.0,0.0,0.0,1900.0,19000.0,0.0,0.0,0.0
2019-04-12,3.0,39900.0,0.0,0.0,0.0,0.0,1.0,1.0,1.0,0.0,0.0,0.0,0.0,0.0,0.0,0.0,19000.0,1900.0,19000.0,0.0,0.0,0.0
2019-04-13,2.0,79000.0,0.0,0.0,0.0,0.0,2.0,0.0,0.0,0.0,0.0,0.0,0.0,0.0,0.0,0.0,79000.0,0.0,0.0,0.0,0.0,0.0
2019-04-14,1.0,19000.0,0.0,0.0,0.0,0.0,1.0,0.0,0.0,0.0,0.0,0.0,0.0,0.0,0.0,0.0,19000.0,0.0,0.0,0.0,0.0,0.0
2019-04-15,1.0,19000.0,0.0,0.0,0.0,0.0,1.0,0.0,0.0,0.0,0.0,0.0,0.0,0.0,0.0,0.0,19000.0,0.0,0.0,0.0,0.0,0.0
2019-04-16,1.0,19000.0,0.0,0.0,0.0,0.0,1.0,0.0,0.0,0.0,0.0,0.0,0.0,0.0,0.0,0.0,19000.0,0.0,0.0,0.0,0.0,0.0
2019-04-17,1.0,19000.0,0.0,0.0,0.0,0.0,1.0,0.0,0.0,0.0,0.0,0.0,0.0,0.0,0.0,0.0,19000.0,0.0,0.0,0.0,0.0,0.0
2019-04-18,1.0,6000.0,0.0,1.0,0.0,0.0,0.0,0.0,0.0,0.0,0.0,0.0,0.0,6000.0,0.0,0.0,0.0,0.0,0.0,0.0,0.0,0.0
2019-04-19,3.0,31000.0,0.0,1.0,1.0,0.0,0.0,0.0,1.0,0.0,0.0,0.0,0.0,6000.0,6000.0,0.0,0.0,0.0,19000.0,0.0,0.0,0.0
2019-04-20,3.0,31000.0,0.0,1.0,1.0,0.0,0.0,0.0,1.0,0.0,0.0,0.0,0.0,6000.0,6000.0,0.0,0.0,0.0,19000.0,0.0,0.0,0.0
2019-04-21,1.0,19000.0,0.0,0.0,0.0,0.0,0.0,0.0,1.0,0.0,0.0,0.0,0.0,0.0,0.0,0.0,0.0,0.0,19000.0,0.0,0.0,0.0
2019-04-22,0.0,0.0,0.0,0.0,0.0,0.0,0.0,0.0,0.0,0.0,0.0,0.0,0.0,0.0,0.0,0.0,0.0,0.0,0.0,0.0,0.0,0.0
2019-04-23,0.0,0.0,0.0,0.0,0.0,0.0,0.0,0.0,0.0,0.0,0.0,0.0,0.0,0.0,0.0,0.0,0.0,0.0,0.0,0.0,0.0,0.0
2019-04-24,1.0,60000.0,0.0,0.0,0.0,0.0,1.0,0.0,0.0,0.0,0.0,0.0,0.0,0.0,0.0,0.0,60000.0,0.0,0.0,0.0,0.0,0.0
2019-04-25,2.0,25000.0,0.0,1.0,0.0,0.0,1.0,0.0,0.0,0.0,0.0,0.0,0.0,6000.0,0.0,0.0,19000.0,0.0,0.0,0.0,0.0,0.0
2019-04-26,3.0,31000.0,0.0,1.0,0.0,0.0,1.0,0.0,1.0,0.0,0.0,0.0,0.0,6000.0,0.0,0.0,19000.0,0.0,6000.0,0.0,0.0,0.0
2019-04-27,3.0,31000.0,0.0,1.0,0.0,0.0,1.0,0.0,1.0,0.0,0.0,0.0,0.0,6000.0,0.0,0.0,19000.0,0.0,6000.0,0.0,0.0,0.0
2019-04-28,3.0,85000.0,0.0,1.0,0.0,0.0,2.0,0.0,0.0,0.0,0.0,0.0,0.0,6000.0,0.0,0.0,79000.0,0.0,0.0,0.0,0.0,0.0
2019-04-29,0.0,0.0,0.0,0.0,0.0,0.0,0.0,0.0,0.0,0.0,0.0,0.0,0.0,0.0,0.0,0.0,0.0,0.0,0.0,0.0,0.0,0.0
2019-04-30,1.0,19000.0,0.0,0.0,0.0,0.0,1.0,0.0,0.0,0.0,0.0,0.0,0.0,0.0,0.0,0.0,19000.0,0.0,0.0,0.0,0.0,0.0
2019-05-01,1.0,19000.0,0.0,0.0,0.0,0.0,1.0,0.0,0.0,0.0,0.0,0.0,0.0,0.0,0.0,0.0,19000.0,0.0,0.0,0.0,0.0,0.0
2019-05-02,0.0,0.0,0.0,0.0,0.0,0.0,0.0,0.0,0.0,0.0,0.0,0.0,0.0,0.0,0.0,0.0,0.0,0.0,0.0,0.0,0.0,0.0
2019-05-03,2.0,12000.0,0.0,0.0,0.0,0.0,0.0,1.0,1.0,0.0,0.0,0.0,0.0,0.0,0.0,0.0,0.0,6000.0,6000.0,0.0,0.0,0.0
2019-05-04,2.0,12000.0,0.0,0.0,1.0,0.0,0.0,0.0,1.0,0.0,0.0,0.0,0.0,0.0,6000.0,0.0,0.0,0.0,6000.0,0.0,0.0,0.0
2019-05-05,2.0,12000.0,0.0,0.0,1.0,0.0,0.0,0.0,1.0,0.0,0.0,0.0,0.0,0.0,6000.0,0.0,0.0,0.0,6000.0,0.0,0.0,0.0
2019-05-06,1.0,6000.0,0.0,0.0,0.0,0.0,0.0,1.0,0.0,0.0,0.0,0.0,0.0,0.0,0.0,0.0,0.0,6000.0,0.0,0.0,0.0,0.0
2019-05-07,1.0,6000.0,0.0,0.0,0.0,0.0,0.0,1.0,0.0,0.0,0.0,0.0,0.0,0.0,0.0,0.0,0.0,6000.0,0.0,0.0,0.0,0.0
2019-05-08,1.0,6000.0,0.0,0.0,0.0,0.0,0.0,1.0,0.0,0.0,0.0,0.0,0.0,0.0,0.0,0.0,0.0,6000.0,0.0,0.0,0.0,0.0
2019-05-09,0.0,0.0,0.0,0.0,0.0,0.0,0.0,0.0,0.0,0.0,0.0,0.0,0.0,0.0,0.0,0.0,0.0,0.0,0.0,0.0,0.0,0.0
2019-05-10,0.0,0.0,0.0,0.0,0.0,0.0,0.0,0.0,0.0,0.0,0.0,0.0,0.0,0.0,0.0,0.0,0.0,0.0,0.0,0.0,0.0,0.0
2019-05-11,1.0,60000.0,0.0,0.0,0.0,0.0,1.0,0.0,0.0,0.0,0.0,0.0,0.0,0.0,0.0,0.0,60000.0,0.0,0.0,0.0,0.0,0.0
2019-05-12,1.0,6000.0,0.0,0.0,0.0,0.0,0.0,0.0,1.0,0.0,0.0,0.0,0.0,0.0,0.0,0.0,0.0,0.0,6000.0,0.0,0.0,0.0
2019-05-13,1.0,19000.0,0.0,0.0,0.0,0.0,1.0,0.0,0.0,0.0,0.0,0.0,0.0,0.0,0.0,0.0,19000.0,0.0,0.0,0.0,0.0,0.0
2019-05-14,1.0,19000.0,0.0,0.0,0.0,0.0,1.0,0.0,0.0,0.0,0.0,0.0,0.0,0.0,0.0,0.0,19000.0,0.0,0.0,0.0,0.0,0.0
2019-05-15,1.0,60000.0,0.0,0.0,0.0,0.0,1.0,0.0,0.0,0.0,0.0,0.0,0.0,0.0,0.0,0.0,60000.0,0.0,0.0,0.0,0.0,0.0
2019-05-16,3.0,32833.0,0.0,0.0,1.0,0.0,1.0,0.0,1.0,0.0,0.0,0.0,0.0,0.0,7833.0,0.0,19000.0,0.0,6000.0,0.0,0.0,0.0
2019-05-17,2.0,26833.0,0.0,0.0,1.0,0.0,1.0,0.0,0.0,0.0,0.0,0.0,0.0,0.0,7833.0,0.0,19000.0,0.0,0.0,0.0,0.0,0.0
2019-05-18,5.0,263733.0,0.0,0.0,2.0,0.0,2.0,0.0,1.0,0.0,0.0,0.0,0.0,0.0,195833.0,0.0,61900.0,0.0,6000.0,0.0,0.0,0.0
2019-05-19,7.0,238833.0,0.0,0.0,2.0,0.0,4.0,0.0,1.0,0.0,0.0,0.0,0.0,0.0,195833.0,0.0,37000.0,0.0,6000.0,0.0,0.0,0.0
2019-05-20,2.0,13833.0,0.0,1.0,1.0,0.0,0.0,0.0,0.0,0.0,0.0,0.0,0.0,6000.0,7833.0,0.0,0.0,0.0,0.0,0.0,0.0,0.0
2019-05-21,1.0,7833.0,0.0,0.0,1.0,0.0,0.0,0.0,0.0,0.0,0.0,0.0,0.0,0.0,7833.0,0.0,0.0,0.0,0.0,0.0,0.0,0.0
2019-05-22,1.0,7833.0,0.0,0.0,1.0,0.0,0.0,0.0,0.0,0.0,0.0,0.0,0.0,0.0,7833.0,0.0,0.0,0.0,0.0,0.0,0.0,0.0
2019-05-23,1.0,7833.0,0.0,0.0,1.0,0.0,0.0,0.0,0.0,0.0,0.0,0.0,0.0,0.0,7833.0,0.0,0.0,0.0,0.0,0.0,0.0,0.0
2019-05-24,2.0,70500.0,0.0,0.0,2.0,0.0,0.0,0.0,0.0,0.0,0.0,0.0,0.0,0.0,70500.0,0.0,0.0,0.0,0.0,0.0,0.0,0.0
2019-05-25,4.0,82500.0,0.0,0.0,2.0,0.0,2.0,0.0,0.0,0.0,0.0,0.0,0.0,0.0,70500.0,0.0,12000.0,0.0,0.0,0.0,0.0,0.0
2019-05-26,3.0,72400.0,0.0,0.0,2.0,0.0,1.0,0.0,0.0,0.0,0.0,0.0,0.0,0.0,70500.0,0.0,1900.0,0.0,0.0,0.0,0.0,0.0
2019-05-27,5.0,91400.0,0.0,1.0,2.0,0.0,1.0,0.0,0.0,1.0,0.0,0.0,0.0,1900.0,70500.0,0.0,19000.0,0.0,0.0,0.0,0.0,0.0
2019-05-28,2.0,26833.0,0.0,0.0,1.0,0.0,1.0,0.0,0.0,0.0,0.0,0.0,0.0,0.0,7833.0,0.0,19000.0,0.0,0.0,0.0,0.0,0.0
2019-05-29,2.0,26833.0,0.0,0.0,1.0,0.0,1.0,0.0,0.0,0.0,0.0,0.0,0.0,0.0,7833.0,0.0,19000.0,0.0,0.0,0.0,0.0,0.0
2019-05-30,2.0,26833.0,0.0,0.0,1.0,0.0,1.0,0.0,0.0,0.0,0.0,0.0,0.0,0.0,7833.0,0.0,19000.0,0.0,0.0,0.0,0.0,0.0
2019-05-31,4.0,92833.0,1.0,0.0,1.0,0.0,2.0,0.0,0.0,0.0,0.0,0.0,60000.0,0.0,7833.0,0.0,25000.0,0.0,0.0,0.0,0.0,0.0
2019-06-01,5.0,44833.0,0.0,1.0,1.0,0.0,3.0,0.0,0.0,0.0,0.0,0.0,0.0,6000.0,7833.0,0.0,31000.0,0.0,0.0,0.0,0.0,0.0
2019-06-02,4.0,38833.0,0.0,1.0,1.0,0.0,2.0,0.0,0.0,0.0,0.0,0.0,0.0,6000.0,7833.0,0.0,25000.0,0.0,0.0,0.0,0.0,0.0
2019-06-03,2.0,26833.0,0.0,0.0,1.0,0.0,1.0,0.0,0.0,0.0,0.0,0.0,0.0,0.0,7833.0,0.0,19000.0,0.0,0.0,0.0,0.0,0.0
2019-06-04,2.0,26833.0,0.0,0.0,1.0,0.0,1.0,0.0,0.0,0.0,0.0,0.0,0.0,0.0,7833.0,0.0,19000.0,0.0,0.0,0.0,0.0,0.0
2019-06-05,2.0,26833.0,0.0,0.0,1.0,0.0,1.0,0.0,0.0,0.0,0.0,0.0,0.0,0.0,7833.0,0.0,19000.0,0.0,0.0,0.0,0.0,0.0
2019-06-06,2.0,26833.0,0.0,0.0,1.0,0.0,1.0,0.0,0.0,0.0,0.0,0.0,0.0,0.0,7833.0,0.0,19000.0,0.0,0.0,0.0,0.0,0.0
2019-06-07,2.0,13833.0,0.0,1.0,1.0,0.0,0.0,0.0,0.0,0.0,0.0,0.0,0.0,6000.0,7833.0,0.0,0.0,0.0,0.0,0.0,0.0,0.0
2019-06-08,3.0,19833.0,0.0,1.0,1.0,0.0,1.0,0.0,0.0,0.0,0.0,0.0,0.0,6000.0,7833.0,0.0,6000.0,0.0,0.0,0.0,0.0,0.0
2019-06-09,5.0,44833.0,0.0,1.0,1.0,0.0,3.0,0.0,0.0,0.0,0.0,0.0,0.0,6000.0,7833.0,0.0,31000.0,0.0,0.0,0.0,0.0,0.0
2019-06-10,0.0,0.0,0.0,0.0,0.0,0.0,0.0,0.0,0.0,0.0,0.0,0.0,0.0,0.0,0.0,0.0,0.0,0.0,0.0,0.0,0.0,0.0
2019-06-11,1.0,6000.0,0.0,1.0,0.0,0.0,0.0,0.0,0.0,0.0,0.0,0.0,0.0,6000.0,0.0,0.0,0.0,0.0,0.0,0.0,0.0,0.0
2019-06-12,1.0,6000.0,0.0,0.0,0.0,0.0,1.0,0.0,0.0,0.0,0.0,0.0,0.0,0.0,0.0,0.0,6000.0,0.0,0.0,0.0,0.0,0.0
2019-06-13,1.0,6000.0,0.0,1.0,0.0,0.0,0.0,0.0,0.0,0.0,0.0,0.0,0.0,6000.0,0.0,0.0,0.0,0.0,0.0,0.0,0.0,0.0
2019-06-14,1.0,19000.0,0.0,0.0,1.0,0.0,0.0,0.0,0.0,0.0,0.0,0.0,0.0,0.0,19000.0,0.0,0.0,0.0,0.0,0.0,0.0,0.0
2019-06-15,3.0,25000.0,0.0,1.0,1.0,0.0,0.0,0.0,0.0,0.0,1.0,0.0,0.0,6000.0,19000.0,0.0,0.0,0.0,0.0,0.0,0.0,0.0
2019-06-16,3.0,20900.0,0.0,1.0,1.0,0.0,0.0,0.0,0.0,0.0,1.0,0.0,0.0,1900.0,19000.0,0.0,0.0,0.0,0.0,0.0,0.0,0.0
2019-06-17,2.0,19000.0,0.0,0.0,0.0,0.0,1.0,0.0,0.0,0.0,1.0,0.0,0.0,0.0,0.0,0.0,19000.0,0.0,0.0,0.0,0.0,0.0
2019-06-18,2.0,19000.0,0.0,0.0,0.0,0.0,1.0,0.0,0.0,0.0,1.0,0.0,0.0,0.0,0.0,0.0,19000.0,0.0,0.0,0.0,0.0,0.0
2019-06-19,3.0,25000.0,0.0,1.0,0.0,0.0,1.0,0.0,0.0,0.0,1.0,0.0,0.0,6000.0,0.0,0.0,19000.0,0.0,0.0,0.0,0.0,0.0
2019-06-20,3.0,25000.0,0.0,1.0,0.0,0.0,1.0,0.0,0.0,0.0,1.0,0.0,0.0,6000.0,0.0,0.0,19000.0,0.0,0.0,0.0,0.0,0.0
2019-06-21,3.0,25000.0,0.0,1.0,0.0,0.0,1.0,0.0,0.0,0.0,1.0,0.0,0.0,6000.0,0.0,0.0,19000.0,0.0,0.0,0.0,0.0,0.0
2019-06-22,6.0,110000.0,0.0,2.0,2.0,0.0,1.0,0.0,0.0,0.0,1.0,0.0,0.0,12000.0,79000.0,0.0,19000.0,0.0,0.0,0.0,0.0,0.0
2019-06-23,5.0,91000.0,0.0,1.0,1.0,0.0,2.0,0.0,0.0,0.0,1.0,0.0,0.0,6000.0,60000.0,0.0,25000.0,0.0,0.0,0.0,0.0,0.0
2019-06-24,1.0,0.0,0.0,0.0,0.0,0.0,0.0,0.0,0.0,0.0,1.0,0.0,0.0,0.0,0.0,0.0,0.0,0.0,0.0,0.0,0.0,0.0
2019-06-25,1.0,0.0,0.0,0.0,0.0,0.0,0.0,0.0,0.0,0.0,1.0,0.0,0.0,0.0,0.0,0.0,0.0,0.0,0.0,0.0,0.0,0.0
2019-06-26,1.0,0.0,0.0,0.0,0.0,0.0,0.0,0.0,0.0,0.0,1.0,0.0,0.0,0.0,0.0,0.0,0.0,0.0,0.0,0.0,0.0,0.0
2019-06-27,1.0,0.0,0.0,0.0,0.0,0.0,0.0,0.0,0.0,0.0,1.0,0.0,0.0,0.0,0.0,0.0,0.0,0.0,0.0,0.0,0.0,0.0
2019-06-28,5.0,24000.0,0.0,1.0,0.0,1.0,1.0,0.0,1.0,0.0,1.0,0.0,0.0,6000.0,0.0,6000.0,6000.0,0.0,6000.0,0.0,0.0,0.0
2019-06-29,8.0,122000.0,0.0,1.0,2.0,1.0,2.0,0.0,1.0,0.0,1.0,0.0,0.0,6000.0,38000.0,6000.0,66000.0,0.0,6000.0,0.0,0.0,0.0
2019-06-30,7.0,144000.0,0.0,0.0,2.0,1.0,3.0,0.0,0.0,0.0,1.0,0.0,0.0,0.0,120000.0,6000.0,18000.0,0.0,0.0,0.0,0.0,0.0
2019-07-01,2.0,6000.0,0.0,0.0,0.0,0.0,0.0,1.0,0.0,0.0,1.0,0.0,0.0,0.0,0.0,0.0,0.0,6000.0,0.0,0.0,0.0,0.0
2019-07-02,3.0,25000.0,0.0,0.0,0.0,0.0,1.0,1.0,0.0,0.0,1.0,0.0,0.0,0.0,0.0,0.0,19000.0,6000.0,0.0,0.0,0.0,0.0
2019-07-03,4.0,31000.0,0.0,0.0,0.0,0.0,2.0,1.0,0.0,0.0,1.0,0.0,0.0,0.0,0.0,0.0,25000.0,6000.0,0.0,0.0,0.0,0.0
2019-07-04,5.0,80900.0,0.0,1.0,1.0,0.0,1.0,0.0,0.0,1.0,1.0,0.0,0.0,1900.0,60000.0,0.0,19000.0,0.0,0.0,0.0,0.0,0.0
2019-07-05,3.0,25000.0,0.0,0.0,0.0,0.0,2.0,0.0,0.0,0.0,1.0,0.0,0.0,0.0,0.0,0.0,25000.0,0.0,0.0,0.0,0.0,0.0
2019-07-06,5.0,140900.0,0.0,0.0,0.0,0.0,4.0,0.0,0.0,0.0,1.0,0.0,0.0,0.0,0.0,0.0,140900.0,0.0,0.0,0.0,0.0,0.0
2019-07-07,3.0,25000.0,0.0,0.0,0.0,0.0,2.0,0.0,0.0,0.0,1.0,0.0,0.0,0.0,0.0,0.0,25000.0,0.0,0.0,0.0,0.0,0.0
2019-07-08,1.0,0.0,0.0,0.0,0.0,0.0,0.0,0.0,0.0,0.0,1.0,0.0,0.0,0.0,0.0,0.0,0.0,0.0,0.0,0.0,0.0,0.0
2019-07-09,1.0,0.0,0.0,0.0,0.0,0.0,0.0,0.0,0.0,0.0,1.0,0.0,0.0,0.0,0.0,0.0,0.0,0.0,0.0,0.0,0.0,0.0
2019-07-10,2.0,6000.0,0.0,0.0,0.0,1.0,0.0,0.0,0.0,0.0,1.0,0.0,0.0,0.0,0.0,6000.0,0.0,0.0,0.0,0.0,0.0,0.0
2019-07-11,1.0,0.0,0.0,0.0,0.0,0.0,0.0,0.0,0.0,0.0,1.0,0.0,0.0,0.0,0.0,0.0,0.0,0.0,0.0,0.0,0.0,0.0
2019-07-12,7.0,152900.0,0.0,0.0,4.0,0.0,1.0,0.0,1.0,0.0,1.0,0.0,0.0,0.0,140900.0,0.0,6000.0,0.0,6000.0,0.0,0.0,0.0
2019-07-13,11.0,181700.0,1.0,1.0,4.0,0.0,1.0,0.0,3.0,0.0,1.0,0.0,1900.0,6000.0,140900.0,0.0,1900.0,0.0,31000.0,0.0,0.0,0.0
2019-07-14,10.0,237900.0,0.0,1.0,5.0,0.0,2.0,0.0,1.0,0.0,1.0,0.0,0.0,6000.0,159900.0,0.0,66000.0,0.0,6000.0,0.0,0.0,0.0
2019-07-15,1.0,0.0,0.0,0.0,0.0,0.0,0.0,0.0,0.0,0.0,1.0,0.0,0.0,0.0,0.0,0.0,0.0,0.0,0.0,0.0,0.0,0.0
2019-07-16,2.0,6000.0,0.0,1.0,0.0,0.0,0.0,0.0,0.0,0.0,1.0,0.0,0.0,6000.0,0.0,0.0,0.0,0.0,0.0,0.0,0.0,0.0
2019-07-17,3.0,66000.0,0.0,0.0,0.0,1.0,1.0,0.0,0.0,0.0,1.0,0.0,0.0,0.0,0.0,6000.0,60000.0,0.0,0.0,0.0,0.0,0.0
2019-07-18,3.0,12000.0,0.0,1.0,0.0,0.0,0.0,0.0,1.0,0.0,1.0,0.0,0.0,6000.0,0.0,0.0,0.0,0.0,6000.0,0.0,0.0,0.0
2019-07-19,7.0,244000.0,0.0,1.0,2.0,0.0,2.0,0.0,1.0,0.0,1.0,0.0,0.0,6000.0,207000.0,0.0,25000.0,0.0,6000.0,0.0,0.0,0.0
2019-07-20,7.0,239900.0,0.0,1.0,3.0,0.0,1.0,0.0,1.0,0.0,1.0,0.0,0.0,6000.0,208900.0,0.0,19000.0,0.0,6000.0,0.0,0.0,0.0
2019-07-21,6.0,287900.0,0.0,0.0,3.0,0.0,2.0,0.0,0.0,0.0,1.0,0.0,0.0,0.0,208900.0,0.0,79000.0,0.0,0.0,0.0,0.0,0.0
2019-07-22,2.0,19000.0,0.0,0.0,0.0,0.0,1.0,0.0,0.0,0.0,1.0,0.0,0.0,0.0,0.0,0.0,19000.0,0.0,0.0,0.0,0.0,0.0
2019-07-23,3.0,25000.0,0.0,1.0,0.0,0.0,1.0,0.0,0.0,0.0,1.0,0.0,0.0,6000.0,0.0,0.0,19000.0,0.0,0.0,0.0,0.0,0.0
2019-07-24,4.0,31000.0,0.0,1.0,0.0,1.0,1.0,0.0,0.0,0.0,1.0,0.0,0.0,6000.0,0.0,6000.0,19000.0,0.0,0.0,0.0,0.0,0.0
2019-07-25,3.0,25000.0,0.0,1.0,0.0,0.0,1.0,0.0,0.0,0.0,1.0,0.0,0.0,6000.0,0.0,0.0,19000.0,0.0,0.0,0.0,0.0,0.0
2019-07-26,4.0,213000.0,0.0,0.0,2.0,0.0,1.0,0.0,0.0,0.0,1.0,0.0,0.0,0.0,194000.0,0.0,19000.0,0.0,0.0,0.0,0.0,0.0
2019-07-27,6.0,407000.0,0.0,1.0,2.0,0.0,1.0,0.0,1.0,0.0,1.0,0.0,0.0,6000.0,376000.0,0.0,19000.0,0.0,6000.0,0.0,0.0,0.0
2019-07-28,3.0,207000.0,0.0,0.0,1.0,0.0,1.0,0.0,0.0,0.0,1.0,0.0,0.0,0.0,188000.0,0.0,19000.0,0.0,0.0,0.0,0.0,0.0
2019-07-29,2.0,6000.0,0.0,0.0,0.0,0.0,0.0,0.0,1.0,0.0,1.0,0.0,0.0,0.0,0.0,0.0,0.0,0.0,6000.0,0.0,0.0,0.0
2019-07-30,3.0,12000.0,1.0,0.0,0.0,0.0,0.0,0.0,1.0,0.0,1.0,0.0,6000.0,0.0,0.0,0.0,0.0,0.0,6000.0,0.0,0.0,0.0
2019-07-31,3.0,12000.0,0.0,0.0,0.0,1.0,0.0,0.0,1.0,0.0,1.0,0.0,0.0,0.0,0.0,6000.0,0.0,0.0,6000.0,0.0,0.0,0.0
2019-08-01,3.0,25000.0,0.0,0.0,0.0,0.0,0.0,0.0,2.0,0.0,1.0,0.0,0.0,0.0,0.0,0.0,0.0,0.0,25000.0,0.0,0.0,0.0
2019-08-02,6.0,251000.0,0.0,1.0,2.0,0.0,0.0,0.0,2.0,0.0,1.0,0.0,0.0,6000.0,207000.0,0.0,0.0,0.0,38000.0,0.0,0.0,0.0
2019-08-03,6.0,251000.0,0.0,1.0,2.0,0.0,0.0,0.0,2.0,0.0,1.0,0.0,0.0,6000.0,207000.0,0.0,0.0,0.0,38000.0,0.0,0.0,0.0
2019-08-04,8.0,317000.0,0.0,2.0,2.0,0.0,1.0,0.0,2.0,0.0,1.0,0.0,0.0,12000.0,207000.0,0.0,60000.0,0.0,38000.0,0.0,0.0,0.0
2019-08-05,1.0,0.0,0.0,0.0,0.0,0.0,0.0,0.0,0.0,0.0,1.0,0.0,0.0,0.0,0.0,0.0,0.0,0.0,0.0,0.0,0.0,0.0
2019-08-06,3.0,79000.0,0.0,0.0,0.0,0.0,1.0,0.0,1.0,0.0,1.0,0.0,0.0,0.0,0.0,0.0,19000.0,0.0,60000.0,0.0,0.0,0.0
2019-08-07,4.0,31000.0,0.0,1.0,0.0,1.0,1.0,0.0,0.0,0.0,1.0,0.0,0.0,6000.0,0.0,6000.0,19000.0,0.0,0.0,0.0,0.0,0.0
2019-08-08,2.0,60000.0,0.0,0.0,0.0,0.0,1.0,0.0,0.0,0.0,1.0,0.0,0.0,0.0,0.0,0.0,60000.0,0.0,0.0,0.0,0.0,0.0
2019-08-09,3.0,25000.0,0.0,0.0,1.0,0.0,1.0,0.0,0.0,0.0,1.0,0.0,0.0,0.0,6000.0,0.0,19000.0,0.0,0.0,0.0,0.0,0.0
2019-08-10,4.0,126000.0,0.0,1.0,0.0,0.0,2.0,0.0,0.0,0.0,1.0,0.0,0.0,6000.0,0.0,0.0,120000.0,0.0,0.0,0.0,0.0,0.0
2019-08-11,3.0,25000.0,0.0,1.0,0.0,0.0,1.0,0.0,0.0,0.0,1.0,0.0,0.0,6000.0,0.0,0.0,19000.0,0.0,0.0,0.0,0.0,0.0
2019-08-12,2.0,6000.0,0.0,0.0,0.0,0.0,0.0,0.0,1.0,0.0,1.0,0.0,0.0,0.0,0.0,0.0,0.0,0.0,6000.0,0.0,0.0,0.0
2019-08-13,3.0,12000.0,0.0,0.0,0.0,1.0,0.0,0.0,1.0,0.0,1.0,0.0,0.0,0.0,0.0,6000.0,0.0,0.0,6000.0,0.0,0.0,0.0
2019-08-14,4.0,72000.0,0.0,2.0,0.0,0.0,0.0,0.0,1.0,0.0,1.0,0.0,0.0,66000.0,0.0,0.0,0.0,0.0,6000.0,0.0,0.0,0.0
2019-08-15,2.0,6000.0,0.0,0.0,1.0,0.0,0.0,0.0,0.0,0.0,1.0,0.0,0.0,0.0,6000.0,0.0,0.0,0.0,0.0,0.0,0.0,0.0
2019-08-16,5.0,78000.0,0.0,1.0,2.0,0.0,0.0,0.0,1.0,0.0,1.0,0.0,0.0,6000.0,66000.0,0.0,0.0,0.0,6000.0,0.0,0.0,0.0
2019-08-17,5.0,78000.0,0.0,0.0,3.0,0.0,0.0,0.0,1.0,0.0,1.0,0.0,0.0,0.0,72000.0,0.0,0.0,0.0,6000.0,0.0,0.0,0.0
2019-08-18,6.0,97000.0,0.0,1.0,2.0,0.0,1.0,0.0,1.0,0.0,1.0,0.0,0.0,6000.0,79000.0,0.0,6000.0,0.0,6000.0,0.0,0.0,0.0
2019-08-19,1.0,0.0,0.0,0.0,0.0,0.0,0.0,0.0,0.0,0.0,1.0,0.0,0.0,0.0,0.0,0.0,0.0,0.0,0.0,0.0,0.0,0.0
2019-08-20,3.0,66000.0,0.0,2.0,0.0,0.0,0.0,0.0,0.0,0.0,1.0,0.0,0.0,66000.0,0.0,0.0,0.0,0.0,0.0,0.0,0.0,0.0
2019-08-21,3.0,12000.0,0.0,1.0,0.0,0.0,0.0,0.0,1.0,0.0,1.0,0.0,0.0,6000.0,0.0,0.0,0.0,0.0,6000.0,0.0,0.0,0.0
2019-08-22,2.0,6000.0,0.0,0.0,0.0,1.0,0.0,0.0,0.0,0.0,1.0,0.0,0.0,0.0,0.0,6000.0,0.0,0.0,0.0,0.0,0.0,0.0
2019-08-23,2.0,60000.0,0.0,0.0,0.0,0.0,1.0,0.0,0.0,0.0,1.0,0.0,0.0,0.0,0.0,0.0,60000.0,0.0,0.0,0.0,0.0,0.0
2019-08-24,4.0,85000.0,0.0,0.0,1.0,0.0,1.0,0.0,1.0,0.0,1.0,0.0,0.0,0.0,19000.0,0.0,60000.0,0.0,6000.0,0.0,0.0,0.0
2019-08-25,4.0,44000.0,0.0,0.0,1.0,0.0,2.0,0.0,0.0,0.0,1.0,0.0,0.0,0.0,19000.0,0.0,25000.0,0.0,0.0,0.0,0.0,0.0
2019-08-26,3.0,25000.0,0.0,0.0,0.0,0.0,1.0,0.0,1.0,0.0,1.0,0.0,0.0,0.0,0.0,0.0,19000.0,0.0,6000.0,0.0,0.0,0.0
2019-08-27,4.0,31000.0,0.0,0.0,0.0,0.0,2.0,0.0,1.0,0.0,1.0,0.0,0.0,0.0,0.0,0.0,25000.0,0.0,6000.0,0.0,0.0,0.0
2019-08-28,3.0,31000.0,0.0,1.0,0.0,1.0,1.0,0.0,0.0,0.0,0.0,0.0,0.0,6000.0,0.0,6000.0,19000.0,0.0,0.0,0.0,0.0,0.0
2019-08-29,2.0,66000.0,0.0,1.0,0.0,0.0,1.0,0.0,0.0,0.0,0.0,0.0,0.0,6000.0,0.0,0.0,60000.0,0.0,0.0,0.0,0.0,0.0
2019-08-30,2.0,120000.0,0.0,0.0,1.0,0.0,0.0,0.0,1.0,0.0,0.0,0.0,0.0,0.0,60000.0,0.0,0.0,0.0,60000.0,0.0,0.0,0.0
2019-08-31,3.0,180000.0,0.0,0.0,1.0,0.0,1.0,0.0,1.0,0.0,0.0,0.0,0.0,0.0,60000.0,0.0,60000.0,0.0,60000.0,0.0,0.0,0.0
2019-09-01,5.0,192000.0,0.0,0.0,1.0,0.0,2.0,0.0,2.0,0.0,0.0,0.0,0.0,0.0,60000.0,0.0,66000.0,0.0,66000.0,0.0,0.0,0.0
2019-09-02,2.0,60000.0,0.0,0.0,0.0,0.0,0.0,0.0,1.0,1.0,0.0,0.0,0.0,0.0,0.0,0.0,0.0,0.0,60000.0,0.0,0.0,0.0
2019-09-03,0.0,0.0,0.0,0.0,0.0,0.0,0.0,0.0,0.0,0.0,0.0,0.0,0.0,0.0,0.0,0.0,0.0,0.0,0.0,0.0,0.0,0.0
2019-09-04,0.0,0.0,0.0,0.0,0.0,0.0,0.0,0.0,0.0,0.0,0.0,0.0,0.0,0.0,0.0,0.0,0.0,0.0,0.0,0.0,0.0,0.0
2019-09-05,0.0,0.0,0.0,0.0,0.0,0.0,0.0,0.0,0.0,0.0,0.0,0.0,0.0,0.0,0.0,0.0,0.0,0.0,0.0,0.0,0.0,0.0
2019-09-06,4.0,78000.0,1.0,1.0,0.0,0.0,1.0,0.0,1.0,0.0,0.0,0.0,6000.0,6000.0,0.0,0.0,60000.0,0.0,6000.0,0.0,0.0,0.0
2019-09-07,4.0,91000.0,0.0,1.0,1.0,0.0,1.0,0.0,1.0,0.0,0.0,0.0,0.0,6000.0,19000.0,0.0,60000.0,0.0,6000.0,0.0,0.0,0.0
2019-09-08,6.0,157000.0,0.0,1.0,1.0,0.0,2.0,0.0,2.0,0.0,0.0,0.0,0.0,6000.0,19000.0,0.0,120000.0,0.0,12000.0,0.0,0.0,0.0
2019-09-09,1.0,6000.0,0.0,0.0,0.0,0.0,0.0,0.0,1.0,0.0,0.0,0.0,0.0,0.0,0.0,0.0,0.0,0.0,6000.0,0.0,0.0,0.0
2019-09-10,2.0,25000.0,0.0,0.0,0.0,0.0,1.0,0.0,1.0,0.0,0.0,0.0,0.0,0.0,0.0,0.0,19000.0,0.0,6000.0,0.0,0.0,0.0
2019-09-11,3.0,18000.0,0.0,0.0,0.0,0.0,1.0,0.0,2.0,0.0,0.0,0.0,0.0,0.0,0.0,0.0,6000.0,0.0,12000.0,0.0,0.0,0.0
2019-09-12,4.0,91000.0,0.0,2.0,0.0,0.0,1.0,0.0,1.0,0.0,0.0,0.0,0.0,12000.0,0.0,0.0,19000.0,0.0,60000.0,0.0,0.0,0.0
2019-09-13,3.0,31000.0,0.0,1.0,1.0,0.0,1.0,0.0,0.0,0.0,0.0,0.0,0.0,6000.0,6000.0,0.0,19000.0,0.0,0.0,0.0,0.0,0.0
2019-09-14,6.0,116000.0,0.0,2.0,2.0,0.0,2.0,0.0,0.0,0.0,0.0,0.0,0.0,12000.0,25000.0,0.0,79000.0,0.0,0.0,0.0,0.0,0.0
2019-09-15,4.0,104000.0,0.0,1.0,1.0,0.0,2.0,0.0,0.0,0.0,0.0,0.0,0.0,6000.0,19000.0,0.0,79000.0,0.0,0.0,0.0,0.0,0.0
2019-09-16,0.0,0.0,0.0,0.0,0.0,0.0,0.0,0.0,0.0,0.0,0.0,0.0,0.0,0.0,0.0,0.0,0.0,0.0,0.0,0.0,0.0,0.0
2019-09-17,1.0,19000.0,0.0,0.0,0.0,0.0,0.0,0.0,1.0,0.0,0.0,0.0,0.0,0.0,0.0,0.0,0.0,0.0,19000.0,0.0,0.0,0.0
2019-09-18,3.0,85000.0,0.0,1.0,0.0,0.0,1.0,0.0,1.0,0.0,0.0,0.0,0.0,6000.0,0.0,0.0,60000.0,0.0,19000.0,0.0,0.0,0.0
2019-09-19,1.0,6000.0,0.0,1.0,0.0,0.0,0.0,0.0,0.0,0.0,0.0,0.0,0.0,6000.0,0.0,0.0,0.0,0.0,0.0,0.0,0.0,0.0
2019-09-20,3.0,31000.0,0.0,2.0,1.0,0.0,0.0,0.0,0.0,0.0,0.0,0.0,0.0,12000.0,19000.0,0.0,0.0,0.0,0.0,0.0,0.0,0.0
2019-09-21,5.0,43000.0,0.0,2.0,1.0,0.0,1.0,0.0,1.0,0.0,0.0,0.0,0.0,12000.0,19000.0,0.0,6000.0,0.0,6000.0,0.0,0.0,0.0
2019-09-22,3.0,85000.0,0.0,0.0,1.0,0.0,1.0,0.0,1.0,0.0,0.0,0.0,0.0,0.0,19000.0,0.0,60000.0,0.0,6000.0,0.0,0.0,0.0
2019-09-23,0.0,0.0,0.0,0.0,0.0,0.0,0.0,0.0,0.0,0.0,0.0,0.0,0.0,0.0,0.0,0.0,0.0,0.0,0.0,0.0,0.0,0.0
2019-09-24,2.0,25000.0,0.0,0.0,0.0,0.0,1.0,0.0,1.0,0.0,0.0,0.0,0.0,0.0,0.0,0.0,19000.0,0.0,6000.0,0.0,0.0,0.0
2019-09-25,2.0,79000.0,0.0,0.0,0.0,0.0,1.0,0.0,1.0,0.0,0.0,0.0,0.0,0.0,0.0,0.0,19000.0,0.0,60000.0,0.0,0.0,0.0
2019-09-26,2.0,25000.0,0.0,1.0,0.0,0.0,1.0,0.0,0.0,0.0,0.0,0.0,0.0,6000.0,0.0,0.0,19000.0,0.0,0.0,0.0,0.0,0.0
2019-09-27,2.0,25000.0,0.0,1.0,0.0,0.0,1.0,0.0,0.0,0.0,0.0,0.0,0.0,6000.0,0.0,0.0,19000.0,0.0,0.0,0.0,0.0,0.0
2019-09-28,7.0,135000.0,0.0,1.0,3.0,0.0,2.0,0.0,1.0,0.0,0.0,0.0,0.0,6000.0,31000.0,0.0,79000.0,0.0,19000.0,0.0,0.0,0.0
2019-09-29,5.0,56000.0,0.0,1.0,1.0,0.0,1.0,0.0,2.0,0.0,0.0,0.0,0.0,6000.0,6000.0,0.0,19000.0,0.0,25000.0,0.0,0.0,0.0
2019-09-30,1.0,6000.0,0.0,0.0,0.0,0.0,0.0,1.0,0.0,0.0,0.0,0.0,0.0,0.0,0.0,0.0,0.0,6000.0,0.0,0.0,0.0,0.0
2019-10-01,1.0,6000.0,0.0,0.0,0.0,0.0,0.0,1.0,0.0,0.0,0.0,0.0,0.0,0.0,0.0,0.0,0.0,6000.0,0.0,0.0,0.0,0.0
2019-10-02,2.0,12000.0,0.0,1.0,0.0,0.0,0.0,1.0,0.0,0.0,0.0,0.0,0.0,6000.0,0.0,0.0,0.0,6000.0,0.0,0.0,0.0,0.0
2019-10-03,3.0,72000.0,1.0,0.0,0.0,0.0,1.0,1.0,0.0,0.0,0.0,0.0,6000.0,0.0,0.0,0.0,60000.0,6000.0,0.0,0.0,0.0,0.0
2019-10-04,0.0,0.0,0.0,0.0,0.0,0.0,0.0,0.0,0.0,0.0,0.0,0.0,0.0,0.0,0.0,0.0,0.0,0.0,0.0,0.0,0.0,0.0
2019-10-05,2.0,12000.0,0.0,1.0,0.0,0.0,0.0,0.0,1.0,0.0,0.0,0.0,0.0,6000.0,0.0,0.0,0.0,0.0,6000.0,0.0,0.0,0.0
2019-10-06,2.0,66000.0,0.0,0.0,0.0,0.0,1.0,0.0,1.0,0.0,0.0,0.0,0.0,0.0,0.0,0.0,60000.0,0.0,6000.0,0.0,0.0,0.0
2019-10-07,1.0,19000.0,0.0,0.0,0.0,0.0,0.0,0.0,1.0,0.0,0.0,0.0,0.0,0.0,0.0,0.0,0.0,0.0,19000.0,0.0,0.0,0.0
2019-10-08,2.0,25000.0,0.0,1.0,0.0,0.0,0.0,0.0,1.0,0.0,0.0,0.0,0.0,6000.0,0.0,0.0,0.0,0.0,19000.0,0.0,0.0,0.0
2019-10-09,1.0,6000.0,0.0,1.0,0.0,0.0,0.0,0.0,0.0,0.0,0.0,0.0,0.0,6000.0,0.0,0.0,0.0,0.0,0.0,0.0,0.0,0.0
2019-10-10,2.0,19600.0,0.0,0.0,1.0,0.0,0.0,0.0,1.0,0.0,0.0,0.0,0.0,0.0,600.0,0.0,0.0,0.0,19000.0,0.0,0.0,0.0
2019-10-11,1.0,600.0,0.0,0.0,1.0,0.0,0.0,0.0,0.0,0.0,0.0,0.0,0.0,0.0,600.0,0.0,0.0,0.0,0.0,0.0,0.0,0.0
2019-10-12,3.0,66600.0,0.0,0.0,1.0,0.0,0.0,0.0,2.0,0.0,0.0,0.0,0.0,0.0,600.0,0.0,0.0,0.0,66000.0,0.0,0.0,0.0
2019-10-13,3.0,66600.0,0.0,0.0,1.0,0.0,0.0,0.0,2.0,0.0,0.0,0.0,0.0,0.0,600.0,0.0,0.0,0.0,66000.0,0.0,0.0,0.0
2019-10-14,2.0,6600.0,0.0,0.0,1.0,0.0,0.0,0.0,1.0,0.0,0.0,0.0,0.0,0.0,600.0,0.0,0.0,0.0,6000.0,0.0,0.0,0.0
2019-10-15,3.0,12600.0,0.0,1.0,1.0,0.0,0.0,0.0,1.0,0.0,0.0,0.0,0.0,6000.0,600.0,0.0,0.0,0.0,6000.0,0.0,0.0,0.0
2019-10-16,3.0,12600.0,0.0,1.0,1.0,0.0,0.0,0.0,1.0,0.0,0.0,0.0,0.0,6000.0,600.0,0.0,0.0,0.0,6000.0,0.0,0.0,0.0
2019-10-17,2.0,6600.0,0.0,0.0,1.0,0.0,0.0,0.0,1.0,0.0,0.0,0.0,0.0,0.0,600.0,0.0,0.0,0.0,6000.0,0.0,0.0,0.0
2019-10-18,1.0,600.0,0.0,0.0,1.0,0.0,0.0,0.0,0.0,0.0,0.0,0.0,0.0,0.0,600.0,0.0,0.0,0.0,0.0,0.0,0.0,0.0
2019-10-19,6.0,192600.0,0.0,2.0,2.0,0.0,2.0,0.0,0.0,0.0,0.0,0.0,0.0,66000.0,6600.0,0.0,120000.0,0.0,0.0,0.0,0.0,0.0
2019-10-20,4.0,72600.0,0.0,0.0,2.0,0.0,1.0,1.0,0.0,0.0,0.0,0.0,0.0,0.0,6600.0,0.0,60000.0,6000.0,0.0,0.0,0.0,0.0
2019-10-21,1.0,6000.0,0.0,0.0,0.0,0.0,0.0,1.0,0.0,0.0,0.0,0.0,0.0,0.0,0.0,0.0,0.0,6000.0,0.0,0.0,0.0,0.0
2019-10-22,2.0,12000.0,0.0,1.0,0.0,0.0,0.0,1.0,0.0,0.0,0.0,0.0,0.0,6000.0,0.0,0.0,0.0,6000.0,0.0,0.0,0.0,0.0
2019-10-23,2.0,66000.0,0.0,0.0,0.0,0.0,1.0,1.0,0.0,0.0,0.0,0.0,0.0,0.0,0.0,0.0,60000.0,6000.0,0.0,0.0,0.0,0.0
2019-10-24,1.0,2000.0,0.0,0.0,1.0,0.0,0.0,0.0,0.0,0.0,0.0,0.0,0.0,0.0,2000.0,0.0,0.0,0.0,0.0,0.0,0.0,0.0
2019-10-25,2.0,8000.0,0.0,1.0,1.0,0.0,0.0,0.0,0.0,0.0,0.0,0.0,0.0,6000.0,2000.0,0.0,0.0,0.0,0.0,0.0,0.0,0.0
2019-10-26,2.0,8000.0,0.0,1.0,1.0,0.0,0.0,0.0,0.0,0.0,0.0,0.0,0.0,6000.0,2000.0,0.0,0.0,0.0,0.0,0.0,0.0,0.0
2019-10-27,3.0,14000.0,0.0,1.0,2.0,0.0,0.0,0.0,0.0,0.0,0.0,0.0,0.0,6000.0,8000.0,0.0,0.0,0.0,0.0,0.0,0.0,0.0
2019-10-28,1.0,6000.0,0.0,0.0,0.0,0.0,0.0,0.0,1.0,0.0,0.0,0.0,0.0,0.0,0.0,0.0,0.0,0.0,6000.0,0.0,0.0,0.0
2019-10-29,1.0,6000.0,0.0,0.0,0.0,0.0,0.0,0.0,1.0,0.0,0.0,0.0,0.0,0.0,0.0,0.0,0.0,0.0,6000.0,0.0,0.0,0.0
2019-10-30,1.0,6000.0,0.0,0.0,0.0,0.0,0.0,0.0,1.0,0.0,0.0,0.0,0.0,0.0,0.0,0.0,0.0,0.0,6000.0,0.0,0.0,0.0
2019-10-31,3.0,12000.0,0.0,0.0,0.0,0.0,1.0,0.0,1.0,0.0,0.0,1.0,0.0,0.0,0.0,0.0,6000.0,0.0,6000.0,0.0,0.0,0.0
2019-11-01,4.0,32900.0,0.0,0.0,0.0,0.0,1.0,0.0,3.0,0.0,0.0,0.0,0.0,0.0,0.0,0.0,1900.0,0.0,31000.0,0.0,0.0,0.0
2019-11-02,3.0,85000.0,0.0,0.0,1.0,0.0,1.0,0.0,1.0,0.0,0.0,0.0,0.0,0.0,6000.0,0.0,60000.0,0.0,19000.0,0.0,0.0,0.0
2019-11-03,3.0,126000.0,0.0,1.0,1.0,0.0,1.0,0.0,0.0,0.0,0.0,0.0,0.0,60000.0,6000.0,0.0,60000.0,0.0,0.0,0.0,0.0,0.0
2019-11-04,0.0,0.0,0.0,0.0,0.0,0.0,0.0,0.0,0.0,0.0,0.0,0.0,0.0,0.0,0.0,0.0,0.0,0.0,0.0,0.0,0.0,0.0
2019-11-05,1.0,19000.0,0.0,0.0,0.0,0.0,1.0,0.0,0.0,0.0,0.0,0.0,0.0,0.0,0.0,0.0,19000.0,0.0,0.0,0.0,0.0,0.0
2019-11-06,0.0,0.0,0.0,0.0,0.0,0.0,0.0,0.0,0.0,0.0,0.0,0.0,0.0,0.0,0.0,0.0,0.0,0.0,0.0,0.0,0.0,0.0
2019-11-07,0.0,0.0,0.0,0.0,0.0,0.0,0.0,0.0,0.0,0.0,0.0,0.0,0.0,0.0,0.0,0.0,0.0,0.0,0.0,0.0,0.0,0.0
2019-11-08,1.0,6000.0,0.0,0.0,0.0,0.0,1.0,0.0,0.0,0.0,0.0,0.0,0.0,0.0,0.0,0.0,6000.0,0.0,0.0,0.0,0.0,0.0
2019-11-09,5.0,43000.0,0.0,1.0,0.0,0.0,1.0,0.0,3.0,0.0,0.0,0.0,0.0,6000.0,0.0,0.0,19000.0,0.0,18000.0,0.0,0.0,0.0
2019-11-10,5.0,84000.0,0.0,1.0,0.0,0.0,2.0,0.0,2.0,0.0,0.0,0.0,0.0,6000.0,0.0,0.0,66000.0,0.0,12000.0,0.0,0.0,0.0
2019-11-11,1.0,0.0,0.0,0.0,0.0,0.0,0.0,0.0,0.0,1.0,0.0,0.0,0.0,0.0,0.0,0.0,0.0,0.0,0.0,0.0,0.0,0.0
2019-11-12,1.0,6000.0,0.0,0.0,0.0,0.0,1.0,0.0,0.0,0.0,0.0,0.0,0.0,0.0,0.0,0.0,6000.0,0.0,0.0,0.0,0.0,0.0
2019-11-13,1.0,6000.0,0.0,0.0,0.0,0.0,0.0,0.0,1.0,0.0,0.0,0.0,0.0,0.0,0.0,0.0,0.0,0.0,6000.0,0.0,0.0,0.0
2019-11-14,5.0,138000.0,0.0,0.0,1.0,0.0,0.0,0.0,4.0,0.0,0.0,0.0,0.0,0.0,60000.0,0.0,0.0,0.0,78000.0,0.0,0.0,0.0
2019-11-15,4.0,127900.0,0.0,0.0,1.0,0.0,1.0,0.0,2.0,0.0,0.0,0.0,0.0,0.0,60000.0,0.0,1900.0,0.0,66000.0,0.0,0.0,0.0
2019-11-16,4.0,132000.0,0.0,0.0,1.0,0.0,0.0,0.0,3.0,0.0,0.0,0.0,0.0,0.0,60000.0,0.0,0.0,0.0,72000.0,0.0,0.0,0.0
2019-11-17,3.0,72000.0,0.0,0.0,1.0,0.0,0.0,0.0,2.0,0.0,0.0,0.0,0.0,0.0,60000.0,0.0,0.0,0.0,12000.0,0.0,0.0,0.0
2019-11-18,0.0,0.0,0.0,0.0,0.0,0.0,0.0,0.0,0.0,0.0,0.0,0.0,0.0,0.0,0.0,0.0,0.0,0.0,0.0,0.0,0.0,0.0
2019-11-19,1.0,6000.0,0.0,0.0,0.0,0.0,1.0,0.0,0.0,0.0,0.0,0.0,0.0,0.0,0.0,0.0,6000.0,0.0,0.0,0.0,0.0,0.0
2019-11-20,0.0,0.0,0.0,0.0,0.0,0.0,0.0,0.0,0.0,0.0,0.0,0.0,0.0,0.0,0.0,0.0,0.0,0.0,0.0,0.0,0.0,0.0
2019-11-21,1.0,6000.0,0.0,0.0,0.0,0.0,0.0,0.0,1.0,0.0,0.0,0.0,0.0,0.0,0.0,0.0,0.0,0.0,6000.0,0.0,0.0,0.0
2019-11-22,4.0,18514.0,0.0,0.0,2.0,0.0,1.0,0.0,1.0,0.0,0.0,0.0,0.0,0.0,6514.0,0.0,6000.0,0.0,6000.0,0.0,0.0,0.0
2019-11-23,6.0,30514.0,0.0,0.0,3.0,0.0,1.0,0.0,2.0,0.0,0.0,0.0,0.0,0.0,12514.0,0.0,6000.0,0.0,12000.0,0.0,0.0,0.0
2019-11-24,4.0,18514.0,0.0,0.0,2.0,0.0,1.0,1.0,0.0,0.0,0.0,0.0,0.0,0.0,6514.0,0.0,6000.0,6000.0,0.0,0.0,0.0,0.0
2019-11-25,2.0,6514.0,0.0,0.0,1.0,0.0,0.0,1.0,0.0,0.0,0.0,0.0,0.0,0.0,514.0,0.0,0.0,6000.0,0.0,0.0,0.0,0.0
2019-11-26,2.0,6514.0,0.0,0.0,1.0,0.0,0.0,1.0,0.0,0.0,0.0,0.0,0.0,0.0,514.0,0.0,0.0,6000.0,0.0,0.0,0.0,0.0
2019-11-27,3.0,6514.0,0.0,1.0,1.0,0.0,0.0,0.0,0.0,0.0,1.0,0.0,0.0,6000.0,514.0,0.0,0.0,0.0,0.0,0.0,0.0,0.0
2019-11-28,3.0,514.0,0.0,0.0,1.0,0.0,0.0,0.0,0.0,1.0,1.0,0.0,0.0,0.0,514.0,0.0,0.0,0.0,0.0,0.0,0.0,0.0
2019-11-29,5.0,72514.0,0.0,1.0,1.0,0.0,1.0,0.0,1.0,0.0,1.0,0.0,0.0,6000.0,514.0,0.0,60000.0,0.0,6000.0,0.0,0.0,0.0
2019-11-30,5.0,14449.0,0.0,1.0,2.0,0.0,0.0,0.0,1.0,0.0,1.0,0.0,0.0,6000.0,2449.0,0.0,0.0,0.0,6000.0,0.0,0.0,0.0
2019-12-01,6.0,20449.0,0.0,1.0,2.0,0.0,1.0,0.0,1.0,0.0,1.0,0.0,0.0,6000.0,2449.0,0.0,6000.0,0.0,6000.0,0.0,0.0,0.0
2019-12-02,4.0,68449.0,0.0,0.0,2.0,0.0,2.0,0.0,0.0,0.0,0.0,0.0,0.0,0.0,2449.0,0.0,66000.0,0.0,0.0,0.0,0.0,0.0
2019-12-03,2.0,2449.0,0.0,0.0,2.0,0.0,0.0,0.0,0.0,0.0,0.0,0.0,0.0,0.0,2449.0,0.0,0.0,0.0,0.0,0.0,0.0,0.0
2019-12-04,5.0,33449.0,0.0,0.0,2.0,0.0,1.0,1.0,1.0,0.0,0.0,0.0,0.0,0.0,2449.0,0.0,6000.0,6000.0,19000.0,0.0,0.0,0.0
2019-12-05,4.0,14449.0,0.0,1.0,2.0,0.0,0.0,1.0,0.0,0.0,0.0,0.0,0.0,6000.0,2449.0,0.0,0.0,6000.0,0.0,0.0,0.0,0.0
2019-12-06,5.0,33449.0,0.0,0.0,3.0,0.0,0.0,1.0,1.0,0.0,0.0,0.0,0.0,0.0,21449.0,0.0,0.0,6000.0,6000.0,0.0,0.0,0.0
2019-12-07,7.0,37249.0,0.0,0.0,5.0,0.0,1.0,1.0,0.0,0.0,0.0,0.0,0.0,0.0,29349.0,0.0,1900.0,6000.0,0.0,0.0,0.0,0.0
2019-12-08,6.0,52449.0,0.0,0.0,5.0,0.0,1.0,0.0,0.0,0.0,0.0,0.0,0.0,0.0,46449.0,0.0,6000.0,0.0,0.0,0.0,0.0,0.0
2019-12-09,3.0,62449.0,0.0,0.0,3.0,0.0,0.0,0.0,0.0,0.0,0.0,0.0,0.0,0.0,62449.0,0.0,0.0,0.0,0.0,0.0,0.0,0.0
2019-12-10,4.0,14449.0,0.0,2.0,2.0,0.0,0.0,0.0,0.0,0.0,0.0,0.0,0.0,12000.0,2449.0,0.0,0.0,0.0,0.0,0.0,0.0,0.0
2019-12-11,2.0,2449.0,0.0,0.0,2.0,0.0,0.0,0.0,0.0,0.0,0.0,0.0,0.0,0.0,2449.0,0.0,0.0,0.0,0.0,0.0,0.0,0.0
2019-12-12,4.0,64349.0,0.0,0.0,2.0,0.0,0.0,1.0,1.0,0.0,0.0,0.0,0.0,0.0,2449.0,0.0,0.0,1900.0,60000.0,0.0,0.0,0.0
2019-12-13,3.0,4349.0,0.0,0.0,2.0,0.0,0.0,1.0,0.0,0.0,0.0,0.0,0.0,0.0,2449.0,0.0,0.0,1900.0,0.0,0.0,0.0,0.0
2019-12-14,4.0,23349.0,0.0,0.0,2.0,0.0,0.0,1.0,1.0,0.0,0.0,0.0,0.0,0.0,2449.0,0.0,0.0,1900.0,19000.0,0.0,0.0,0.0
2019-12-15,3.0,21449.0,0.0,0.0,2.0,0.0,0.0,0.0,1.0,0.0,0.0,0.0,0.0,0.0,2449.0,0.0,0.0,0.0,19000.0,0.0,0.0,0.0
2019-12-16,2.0,2449.0,0.0,0.0,2.0,0.0,0.0,0.0,0.0,0.0,0.0,0.0,0.0,0.0,2449.0,0.0,0.0,0.0,0.0,0.0,0.0,0.0
2019-12-17,3.0,8449.0,0.0,0.0,2.0,0.0,1.0,0.0,0.0,0.0,0.0,0.0,0.0,0.0,2449.0,0.0,6000.0,0.0,0.0,0.0,0.0,0.0
2019-12-18,2.0,2449.0,0.0,0.0,2.0,0.0,0.0,0.0,0.0,0.0,0.0,0.0,0.0,0.0,2449.0,0.0,0.0,0.0,0.0,0.0,0.0,0.0
2019-12-19,2.0,2449.0,0.0,0.0,2.0,0.0,0.0,0.0,0.0,0.0,0.0,0.0,0.0,0.0,2449.0,0.0,0.0,0.0,0.0,0.0,0.0,0.0
2019-12-20,4.0,10349.0,0.0,0.0,2.0,0.0,2.0,0.0,0.0,0.0,0.0,0.0,0.0,0.0,2449.0,0.0,7900.0,0.0,0.0,0.0,0.0,0.0
2019-12-21,4.0,14449.0,0.0,1.0,2.0,0.0,1.0,0.0,0.0,0.0,0.0,0.0,0.0,6000.0,2449.0,0.0,6000.0,0.0,0.0,0.0,0.0,0.0
2019-12-22,3.0,62449.0,0.0,0.0,2.0,0.0,1.0,0.0,0.0,0.0,0.0,0.0,0.0,0.0,2449.0,0.0,60000.0,0.0,0.0,0.0,0.0,0.0
2019-12-23,3.0,2449.0,0.0,0.0,2.0,0.0,0.0,0.0,0.0,0.0,1.0,0.0,0.0,0.0,2449.0,0.0,0.0,0.0,0.0,0.0,0.0,0.0
2019-12-24,4.0,2449.0,0.0,0.0,2.0,0.0,0.0,0.0,0.0,1.0,1.0,0.0,0.0,0.0,2449.0,0.0,0.0,0.0,0.0,0.0,0.0,0.0
2019-12-25,4.0,2449.0,0.0,0.0,2.0,0.0,0.0,0.0,0.0,1.0,1.0,0.0,0.0,0.0,2449.0,0.0,0.0,0.0,0.0,0.0,0.0,0.0
2019-12-26,3.0,2449.0,0.0,0.0,2.0,0.0,0.0,0.0,0.0,0.0,1.0,0.0,0.0,0.0,2449.0,0.0,0.0,0.0,0.0,0.0,0.0,0.0
2019-12-27,3.0,2449.0,0.0,0.0,2.0,0.0,0.0,0.0,0.0,0.0,1.0,0.0,0.0,0.0,2449.0,0.0,0.0,0.0,0.0,0.0,0.0,0.0
2019-12-28,3.0,2449.0,0.0,0.0,2.0,0.0,0.0,0.0,0.0,0.0,1.0,0.0,0.0,0.0,2449.0,0.0,0.0,0.0,0.0,0.0,0.0,0.0
2019-12-29,4.0,62449.0,0.0,0.0,2.0,0.0,1.0,0.0,0.0,0.0,1.0,0.0,0.0,0.0,2449.0,0.0,60000.0,0.0,0.0,0.0,0.0,0.0
2019-12-30,2.0,1935.0,0.0,0.0,1.0,0.0,0.0,0.0,0.0,0.0,1.0,0.0,0.0,0.0,1935.0,0.0,0.0,0.0,0.0,0.0,0.0,0.0
2019-12-31,3.0,1935.0,0.0,0.0,1.0,0.0,0.0,0.0,0.0,0.0,1.0,1.0,0.0,0.0,1935.0,0.0,0.0,0.0,0.0,0.0,0.0,0.0
