location,date,demand
store_0,2017-01-02,5552.019186155759
store_0,2017-01-03,8299.941863103852
store_0,2017-01-04,8556.730071981367
store_0,2017-01-05,8595.100423106212
store_0,2017-01-06,8198.941336671523
store_0,2017-01-07,4603.797607265974
store_0,2017-01-08,4540.583413039222
store_0,2017-01-09,8291.576676829185
store_0,2017-01-10,8629.401780805794
store_0,2017-01-11,7217.360816327004
store_0,2017-01-12,8404.744283552835
store_0,2017-01-13,8450.852853256682
store_0,2017-01-14,2755.2363975056096
store_0,2017-01-15,4641.334530703648
store_0,2017-01-16,6799.895740938131
store_0,2017-01-17,8081.113811680767
store_0,2017-01-18,8876.523852367045
store_0,2017-01-19,8948.787720028535
store_0,2017-01-20,9242.38688385874
store_0,2017-01-21,4743.571007447164
store_0,2017-01-22,5218.836514217169
store_0,2017-01-23,7277.118345180379
store_0,2017-01-24,8759.424753886076
store_0,2017-01-25,8512.428488954758
store_0,2017-01-26,9366.624211497612
store_0,2017-01-27,9005.411597842969
store_0,2017-01-28,5217.025687767233
store_0,2017-01-29,5311.287379839701
store_0,2017-01-30,9816.310748371856
store_0,2017-01-31,9825.301502791175
store_0,2017-02-01,9658.321707022084
store_0,2017-02-02,9935.54727593228
store_0,2017-02-03,9029.295381710055
store_0,2017-02-04,5627.4023783761095
store_0,2017-02-05,4812.203429385808
store_0,2017-02-06,10043.810702577995
store_0,2017-02-07,10880.279817255265
store_0,2017-02-08,10241.129601740467
store_0,2017-02-09,5614.312193602551
store_0,2017-02-10,9298.412342971307
store_0,2017-02-11,5791.169020361715
store_0,2017-02-12,5604.2510693996455
store_0,2017-02-13,9859.96585330546
store_0,2017-02-14,9833.538786014824
store_0,2017-02-15,10829.25103537761
store_0,2017-02-16,9970.550782575365
store_0,2017-02-17,10032.94860617334
store_0,2017-02-18,5142.122086659882
store_0,2017-02-19,5112.477221308114
store_0,2017-02-20,7557.664000746703
store_0,2017-02-21,10415.594353026356
store_0,2017-02-22,10810.94968812232
store_0,2017-02-23,10284.355329778742
store_0,2017-02-24,9802.284604330176
store_0,2017-02-25,6251.507121152994
store_0,2017-02-26,5363.4077328118055
store_0,2017-03-01,10224.541249296686
store_0,2017-03-02,11454.476101705855
store_0,2017-03-03,10527.83043154661
store_0,2017-03-04,6427.530502458611
store_0,2017-03-05,5487.835764407714
store_0,2017-03-06,10865.240121171786
store_0,2017-03-07,11232.00762540129
store_0,2017-03-08,10893.249750125142
store_0,2017-03-09,11109.550529361695
store_0,2017-03-10,9654.881966563957
store_0,2017-03-11,5920.772717151014
store_0,2017-03-12,5667.293457938461
store_0,2017-03-13,10706.328474407164
store_0,2017-03-14,3470.0265933316846
store_0,2017-03-15,10224.997214156878
store_0,2017-03-16,10619.119854500908
store_0,2017-03-17,10294.16821647567
store_0,2017-03-18,6228.51151277621
store_0,2017-03-19,6000.540285827029
store_0,2017-03-20,11018.529896088015
store_0,2017-03-21,10824.93205392103
store_0,2017-03-22,10646.841965306205
store_0,2017-03-23,11108.19137613852
store_0,2017-03-24,10261.714100507068
store_0,2017-03-25,6157.420625483714
store_0,2017-03-26,5360.496464361628
store_0,2017-03-27,9797.042164009805
store_0,2017-03-28,10337.3994674324
store_0,2017-03-29,10953.620204763833
store_0,2017-03-30,10646.951534710786
store_0,2017-03-31,9327.90808107924
store_0,2017-04-01,6821.442787280788
store_0,2017-04-02,5695.431002957269
store_0,2017-04-03,10493.953200539509
store_0,2017-04-04,10362.399225800214
store_0,2017-04-05,10778.83277841541
store_0,2017-04-06,10556.727197864946
store_0,2017-04-07,10436.771935018684
store_0,2017-04-08,5782.026232940645
store_0,2017-04-09,5167.430094498424
store_0,2017-04-10,9105.443237216858
store_0,2017-04-11,9960.971968211505
store_0,2017-04-12,9800.572416725572
store_0,2017-04-13,10637.83500536834
store_0,2017-04-14,9189.508392338912
store_0,2017-04-15,5797.111725098052
store_0,2017-04-17,11089.763522994424
store_0,2017-04-18,11359.881310248573
store_0,2017-04-19,11493.655363890624
store_0,2017-04-20,11212.899837904872
store_0,2017-04-21,10715.80859291366
store_0,2017-04-22,6285.230975052292
store_0,2017-04-23,6474.708604865109
store_0,2017-04-24,10338.048120481875
store_0,2017-04-25,11250.330706100174
store_0,2017-04-26,11428.20011194819
store_0,2017-04-27,11318.24689331576
store_0,2017-04-28,10344.18316507604
store_0,2017-04-29,6393.448567865085
store_0,2017-04-30,5956.931778731075
store_0,2017-05-01,10556.555598327986
store_0,2017-05-02,11165.630880816929
store_0,2017-05-03,12171.893660130068
store_0,2017-05-04,11436.846062842971
store_0,2017-05-05,10189.783063721448
store_0,2017-05-06,6881.511578777092
store_0,2017-05-07,5830.234426524371
store_0,2017-05-08,11186.793384661223
store_0,2017-05-09,11541.99916378277
store_0,2017-05-10,12015.670278009511
store_0,2017-05-11,11279.447091362124
store_0,2017-05-12,10492.305741805563
store_0,2017-05-13,5722.16379245755
store_0,2017-05-14,5288.754893286506
store_0,2017-05-15,10825.339666205631
store_0,2017-05-16,11625.5038431357
store_0,2017-05-17,11523.949011438614
store_0,2017-05-18,10894.353934496348
store_0,2017-05-19,10140.656455766208
store_0,2017-05-20,5703.652624020269
store_0,2017-05-21,5742.1275124529375
store_0,2017-05-22,10328.275188624344
store_0,2017-05-23,9999.64271497474
store_0,2017-05-24,10012.75659178486
store_0,2017-05-25,9622.653805411628
store_0,2017-05-26,8361.482802067352
store_0,2017-05-27,4619.855116878123
store_0,2017-05-28,4351.865328212492
store_0,2017-05-29,5367.873781943276
store_0,2017-05-30,4353.401060817812
store_0,2017-05-31,9999.662966837348
store_0,2017-06-01,10953.95804491655
store_0,2017-06-02,9325.72210888431
store_0,2017-06-03,5189.910517424515
store_0,2017-06-04,5805.489260930745
store_0,2017-06-05,9544.587176320085
store_0,2017-06-06,10141.792264906331
store_0,2017-06-07,10343.16227918625
store_0,2017-06-08,10414.496089463317
store_0,2017-06-09,9394.091002200556
store_0,2017-06-10,5361.080793230664
store_0,2017-06-11,5327.890340478276
store_0,2017-06-12,10333.53993307918
store_0,2017-06-13,9578.508787166023
store_0,2017-06-14,10538.16223046964
store_0,2017-06-15,10457.711270280784
store_0,2017-06-16,9776.547204924776
store_0,2017-06-17,4566.667670263623
store_0,2017-06-18,4552.314160972431
store_0,2017-06-19,8617.118909387591
store_0,2017-06-20,9800.708170038246
store_0,2017-06-21,10063.788522716512
store_0,2017-06-22,9556.542974339767
store_0,2017-06-23,9409.038901698035
store_0,2017-06-24,5667.2943644052
store_0,2017-06-25,7270.960496816113
store_0,2017-06-26,9813.78985887744
store_0,2017-06-27,10283.487977547164
store_0,2017-06-28,10362.423348332708
store_0,2017-06-29,10043.961696491837
store_0,2017-06-30,8951.501830388412
store_0,2017-07-01,4821.912673114246
store_0,2017-07-02,4646.7473812702965
store_0,2017-07-03,6824.142295154639
store_0,2017-07-04,2073.28368048216
store_0,2017-07-05,11139.728340006051
store_0,2017-07-06,10731.86494270741
store_0,2017-07-07,10066.04819208638
store_0,2017-07-08,4990.579965827587
store_0,2017-07-09,5321.291562471356
store_0,2017-07-10,10412.739483980107
store_0,2017-07-11,10188.167679421556
store_0,2017-07-12,10609.67025382394
store_0,2017-07-13,9668.08845295854
store_0,2017-07-14,9290.002856901154
store_0,2017-07-15,5972.650337884731
store_0,2017-07-16,5667.437308222337
store_0,2017-07-17,10072.22435138502
store_0,2017-07-18,9857.201350510417
store_0,2017-07-19,3652.2481439543417
store_0,2017-07-20,9086.786071947208
store_0,2017-07-21,8407.312726108674
store_0,2017-07-22,4524.3616298017605
store_0,2017-07-23,4862.765224022657
store_0,2017-07-24,9183.085701542012
store_0,2017-07-25,10099.41666777225
store_0,2017-07-26,3100.469684952929
store_0,2017-07-27,9730.496947389089
store_0,2017-07-28,8183.147935365531
store_0,2017-07-29,5039.725651740747
store_0,2017-07-30,4728.339712428205
store_0,2017-07-31,9064.542675486951
store_0,2017-08-01,9079.32002984568
store_0,2017-08-02,8725.339958116432
store_0,2017-08-03,8731.30735172598
store_0,2017-08-04,7833.531164764956
store_0,2017-08-05,4547.525437339388
store_0,2017-08-06,4882.737485543533
store_0,2017-08-07,8612.544027546899
store_0,2017-08-08,8950.159584509005
store_0,2017-08-09,8613.141354725054
store_0,2017-08-10,8444.944168649574
store_0,2017-08-11,7776.917129562575
store_0,2017-08-12,4904.988309796791
store_0,2017-08-13,4823.54119483005
store_0,2017-08-14,8218.138888519088
store_0,2017-08-15,8680.566169274918
store_0,2017-08-16,8285.869177143286
store_0,2017-08-17,8676.08048410379
store_0,2017-08-18,8071.282548952077
store_0,2017-08-19,5063.044356083568
store_0,2017-08-20,6917.312827792062
store_0,2017-08-21,8780.126719556989
store_0,2017-08-22,9058.675587681744
store_0,2017-08-23,8244.585053458335
store_0,2017-08-24,8527.732974650284
store_0,2017-08-25,8439.962471774055
store_0,2017-08-26,4671.115900443403
store_0,2017-08-27,5249.450123921549
store_0,2017-08-28,9420.792030018782
store_0,2017-08-29,8715.923947921274
store_0,2017-08-30,9130.195620293116
store_0,2017-08-31,9750.298068666254
store_0,2017-09-01,8272.030218288448
store_0,2017-09-02,5128.3366199540615
store_0,2017-09-03,4293.24662755453
store_0,2017-09-04,5352.341826112767
store_0,2017-09-05,9512.530919886978
store_0,2017-09-06,9454.934422988224
store_0,2017-09-07,9690.905451901384
store_0,2017-09-08,9440.888992040114
store_0,2017-09-09,5812.205408741959
store_0,2017-09-10,5001.797637721332
store_0,2017-09-11,9338.443834609106
store_0,2017-09-12,10372.469729781382
store_0,2017-09-13,9828.981831092937
store_0,2017-09-14,10117.801109002414
store_0,2017-09-15,10100.98725511679
store_0,2017-09-16,5888.997984280225
store_0,2017-09-17,5788.370837361779
store_0,2017-09-18,9919.741447578968
store_0,2017-09-19,9497.44698911213
store_0,2017-09-20,9498.308441242572
store_0,2017-09-21,8555.726447913992
store_0,2017-09-22,8805.964630665296
store_0,2017-09-23,5524.926509033722
store_0,2017-09-24,5409.329223761233
store_0,2017-09-25,9848.044195673452
store_0,2017-09-26,9433.806150310911
store_0,2017-09-27,9986.040698797977
store_0,2017-09-28,10201.920699779535
store_0,2017-09-29,9146.792747027175
store_0,2017-09-30,5185.0492218352565
store_0,2017-10-01,4868.030239358318
store_0,2017-10-02,9122.177481651572
store_0,2017-10-03,9800.324704583312
store_0,2017-10-04,9527.152142291892
store_0,2017-10-05,9657.345523865088
store_0,2017-10-06,9071.385922639429
store_0,2017-10-07,5961.189422157058
store_0,2017-10-08,5787.959155759232
store_0,2017-10-09,8462.567946713369
store_0,2017-10-10,9300.130232344463
store_0,2017-10-11,9078.131331749177
store_0,2017-10-12,9398.75705998272
store_0,2017-10-13,9657.901013890523
store_0,2017-10-14,6005.926755920238
store_0,2017-10-15,5147.476218864746
store_0,2017-10-16,9925.829041557428
store_0,2017-10-17,9287.422254122292
store_0,2017-10-18,9784.085336019052
store_0,2017-10-19,8654.097293113004
store_0,2017-10-20,9334.532723009965
store_0,2017-10-21,5887.799206335792
store_0,2017-10-22,5536.899808026664
store_0,2017-10-23,4393.259324744648
store_0,2017-10-24,9561.885430423616
store_0,2017-10-25,9820.466295700293
store_0,2017-10-26,9595.060932724107
store_0,2017-10-27,9158.635671791604
store_0,2017-10-28,5897.389697226834
store_0,2017-10-29,4386.007578746886
store_0,2017-10-30,9075.831531820286
store_0,2017-10-31,9157.895012158657
store_0,2017-11-01,9531.492868890216
store_0,2017-11-02,9837.39392622082
store_0,2017-11-03,9307.73392745732
store_0,2017-11-04,5637.3872162944135
store_0,2017-11-05,4817.474915401215
store_0,2017-11-06,8928.101190908721
store_0,2017-11-07,8339.168886493502
store_0,2017-11-08,9527.74537143003
store_0,2017-11-09,9396.07867039738
store_0,2017-11-10,8216.920298500949
store_0,2017-11-11,5449.722165298613
store_0,2017-11-12,4769.739999154167
store_0,2017-11-13,8431.721057182642
store_0,2017-11-14,9007.758113192129
store_0,2017-11-15,8991.031153071703
store_0,2017-11-16,9770.961106015016
store_0,2017-11-17,8226.762365453596
store_0,2017-11-18,5154.909190503215
store_0,2017-11-19,4890.1681501590765
store_0,2017-11-20,8708.297631908017
store_0,2017-11-21,9177.804802011611
store_0,2017-11-22,6554.913397064765
store_0,2017-11-24,3610.446833012988
store_0,2017-11-25,4625.608401734544
store_0,2017-11-26,4928.073057917357
store_0,2017-11-27,9024.475909199646
store_0,2017-11-28,8415.487249647143
store_0,2017-11-29,9266.21742585511
store_0,2017-11-30,8961.509872391043
store_0,2017-12-01,8744.268728770076
store_0,2017-12-02,5546.770222583871
store_0,2017-12-03,5072.268340417025
store_0,2017-12-04,9252.176640944732
store_0,2017-12-05,9174.975323188668
store_0,2017-12-06,9306.4766092805
store_0,2017-12-07,9223.43847086763
store_0,2017-12-08,8180.434505133458
store_0,2017-12-09,6358.254294768249
store_0,2017-12-10,4952.555864313222
store_0,2017-12-11,9003.8608033188
store_0,2017-12-12,8121.758857922475
store_0,2017-12-13,8725.797236779852
store_0,2017-12-14,7511.034668370093
store_0,2017-12-15,8122.4622579047555
store_0,2017-12-16,5029.02929040772
store_0,2017-12-17,5165.324562602745
store_0,2017-12-18,8362.379114494204
store_0,2017-12-19,8684.317621737362
store_0,2017-12-20,8506.02265921701
store_0,2017-12-21,8589.44010397679
store_0,2017-12-22,6110.573593677836
store_0,2017-12-23,4291.515898128074
store_0,2017-12-24,1714.8685513138423
store_0,2017-12-26,4842.084638193335
store_0,2017-12-27,6282.286549587809
store_0,2017-12-28,5744.0252983860655
store_0,2017-12-29,6137.42859179828
store_0,2017-12-30,4845.068482815996
store_0,2017-12-31,3816.2699570508
store_0,2018-01-01,3463.603614539742
store_0,2018-01-02,7711.680111637492
store_0,2018-01-03,7582.161127934113
store_0,2018-01-04,4982.612858470204
store_0,2018-01-05,7368.188640937817
store_0,2018-01-06,3793.754810895648
store_0,2018-01-07,3958.175771931443
store_0,2018-01-08,8461.571332851936
store_0,2018-01-09,7623.627552376031
store_0,2018-01-10,8126.750432101759
store_0,2018-01-11,8411.790709262437
store_0,2018-01-12,8668.480968376083
store_0,2018-01-13,4824.606820165325
store_0,2018-01-14,4045.623112673836
store_0,2018-01-15,5875.898259589401
store_0,2018-01-16,7778.788228161766
store_0,2018-01-17,7744.579765292889
store_0,2018-01-18,8110.655518066124
store_0,2018-01-19,8620.10953376515
store_0,2018-01-20,4678.333837551131
store_0,2018-01-21,4192.163491576321
store_0,2018-01-22,8303.264416456745
store_0,2018-01-23,8234.094130722176
store_0,2018-01-24,7669.760274083192
store_0,2018-01-25,8571.121603121663
store_0,2018-01-26,8688.355938452138
store_0,2018-01-27,5247.070594621862
store_0,2018-01-28,4739.422792650865
store_0,2018-01-29,9552.86639947544
store_0,2018-01-30,8597.595313127316
store_0,2018-01-31,9593.549340394671
store_0,2018-02-01,9760.342495237515
store_0,2018-02-02,8570.804475032473
store_0,2018-02-03,5175.199475886484
store_0,2018-02-04,3887.086784879872
store_0,2018-02-05,9400.480299986424
store_0,2018-02-06,9245.843893438048
store_0,2018-02-07,9136.847245413108
store_0,2018-02-08,9841.912493620011
store_0,2018-02-09,8713.757870681311
store_0,2018-02-10,5568.407071873605
store_0,2018-02-11,5044.2810388720845
store_0,2018-02-12,9643.801484255282
store_0,2018-02-13,9285.356872924072
store_0,2018-02-14,9277.458351602589
store_0,2018-02-15,10580.72417272336
store_0,2018-02-16,9166.892472751775
store_0,2018-02-17,5334.88802995385
store_0,2018-02-18,4702.77569766272
store_0,2018-02-19,6607.9441565205125
store_0,2018-02-20,9536.807521139412
store_0,2018-02-21,10057.700906924149
store_0,2018-02-22,9607.052372049724
store_0,2018-02-23,8734.272725832647
store_0,2018-02-24,5887.064922068805
store_0,2018-02-25,4899.887488942612
store_0,2018-02-26,10030.11467443246
store_0,2018-02-27,9182.665627183998
store_0,2018-02-28,9121.123673928669
store_0,2018-03-01,9816.961187959352
store_0,2018-03-02,8072.938179012049
store_0,2018-03-03,5475.099501388196
store_0,2018-03-04,4953.088925397697
store_0,2018-03-05,9770.5766008943
store_0,2018-03-06,10279.516655105894
store_0,2018-03-07,5999.363983492823
store_0,2018-03-08,9392.672801726563
store_0,2018-03-09,9525.313142716264
store_0,2018-03-10,5446.645834315272
store_0,2018-03-11,5261.711500282762
store_0,2018-03-12,9346.141713323925
store_0,2018-03-13,9125.970143651535
store_0,2018-03-14,9734.450186409184
store_0,2018-03-15,10487.917279053869
store_0,2018-03-16,9377.51732542346
store_0,2018-03-17,6291.410275772066
store_0,2018-03-18,5143.239335045236
store_0,2018-03-19,9797.402011357724
store_0,2018-03-20,9898.391806837595
store_0,2018-03-21,5393.4137124811405
store_0,2018-03-22,10366.833132711998
store_0,2018-03-23,9743.630038068472
store_0,2018-03-24,6170.183154028099
store_0,2018-03-25,5389.166324245538
store_0,2018-03-26,8899.612913614916
store_0,2018-03-27,7277.403990572016
store_0,2018-03-28,9179.041508391643
store_0,2018-03-29,10234.878404661711
store_0,2018-03-30,8115.075826259659
store_0,2018-03-31,5210.516720278642
store_0,2018-04-02,9849.39956549746
store_0,2018-04-03,9891.885038805543
store_0,2018-04-04,10027.369054161576
store_0,2018-04-05,10448.61068752186
store_0,2018-04-06,10131.597611218358
store_0,2018-04-07,6248.070484363959
store_0,2018-04-08,5792.986489445671
store_0,2018-04-09,9606.041846255335
store_0,2018-04-10,9870.641614122547
store_0,2018-04-11,10561.663755201413
store_0,2018-04-12,10136.11322249961
store_0,2018-04-13,10050.99423114048
store_0,2018-04-14,6703.359928202242
store_0,2018-04-15,5539.546516494096
store_0,2018-04-16,9641.586387491789
store_0,2018-04-17,9943.615663481676
store_0,2018-04-18,10273.037466099771
store_0,2018-04-19,10334.62316412818
store_0,2018-04-20,9685.985095913731
store_0,2018-04-21,6121.050581572215
store_0,2018-04-22,5801.374379782968
store_0,2018-04-23,3910.0134594619935
store_0,2018-04-24,10328.351608846033
store_0,2018-04-25,9961.105622873703
store_0,2018-04-26,10788.925529073938
store_0,2018-04-27,10265.394089733174
store_0,2018-04-28,6267.751731329578
store_0,2018-04-29,5550.171462149869
store_0,2018-04-30,10400.461948577728
store_0,2018-05-01,10622.363496239836
store_0,2018-05-02,10637.992825663625
store_0,2018-05-03,10862.78178350654
store_0,2018-05-04,10080.964819730038
store_0,2018-05-05,5831.174436520063
store_0,2018-05-06,5453.725715607029
store_0,2018-05-07,10781.304810312904
store_0,2018-05-08,10988.872096914793
store_0,2018-05-09,10311.12109696093
store_0,2018-05-10,10109.474787725365
store_0,2018-05-11,9794.56262594206
store_0,2018-05-12,6215.263488951676
store_0,2018-05-13,5198.1963542108
store_0,2018-05-14,11252.728683496916
store_0,2018-05-15,10691.153593567573
store_0,2018-05-16,10969.54800737666
store_0,2018-05-17,11165.067890352004
store_0,2018-05-18,9643.819906843066
store_0,2018-05-19,5452.173151185595
store_0,2018-05-20,5705.580385431436
store_0,2018-05-21,9788.920490963554
store_0,2018-05-22,9562.254361679568
store_0,2018-05-23,10144.047597537903
store_0,2018-05-24,9428.454988928255
store_0,2018-05-25,8061.897711424828
store_0,2018-05-26,4498.441634468745
store_0,2018-05-27,4162.573475818088
store_0,2018-05-28,4935.160921725824
store_0,2018-05-29,9080.68161472326
store_0,2018-05-30,9044.693968887716
store_0,2018-05-31,9564.665237083922
store_0,2018-06-01,9225.832184917848
store_0,2018-06-02,5765.704990797852
store_0,2018-06-03,5819.700940212171
store_0,2018-06-04,9290.722639596208
store_0,2018-06-05,9390.850633677012
store_0,2018-06-06,9571.74861980424
store_0,2018-06-07,9243.647404091069
store_0,2018-06-08,8652.918978788419
store_0,2018-06-09,5986.029944056278
store_0,2018-06-10,5035.8205098748185
store_0,2018-06-11,9550.753282221429
store_0,2018-06-12,9487.365226854035
store_0,2018-06-13,10246.806813829946
store_0,2018-06-14,9563.01793141316
store_0,2018-06-15,9015.60621924486
store_0,2018-06-16,5047.186470944554
store_0,2018-06-17,4341.487188279422
store_0,2018-06-18,9195.103735313667
store_0,2018-06-19,9973.25790933188
store_0,2018-06-20,9575.24939756367
store_0,2018-06-21,9531.404301849963
store_0,2018-06-22,8780.609500246248
store_0,2018-06-23,5392.747549140982
store_0,2018-06-24,7290.896306818455
store_0,2018-06-25,9753.24224992911
store_0,2018-06-26,8812.768362722782
store_0,2018-06-27,9524.574990797188
store_0,2018-06-28,9772.687469707964
store_0,2018-06-29,9016.989590106805
store_0,2018-06-30,5079.668457633202
store_0,2018-07-01,5489.689882177281
store_0,2018-07-02,9465.442461071558
store_0,2018-07-03,9161.265160206203
store_0,2018-07-04,2178.7156822907577
store_0,2018-07-05,9674.495026324064
store_0,2018-07-06,8596.500180333358
store_0,2018-07-07,5333.555068959932
store_0,2018-07-08,5188.608771960995
store_0,2018-07-09,9727.484695124906
store_0,2018-07-10,9840.264019566315
store_0,2018-07-11,9437.131499011475
store_0,2018-07-12,10556.703472296527
store_0,2018-07-13,9659.403888595536
store_0,2018-07-14,5555.841373950456
store_0,2018-07-15,6036.565681018377
store_0,2018-07-16,10016.71919016604
store_0,2018-07-17,9392.52769877216
store_0,2018-07-18,10812.500537570344
store_0,2018-07-19,10279.270615631853
store_0,2018-07-20,8750.541910040301
store_0,2018-07-21,5780.522549362347
store_0,2018-07-22,5666.358023060381
store_0,2018-07-23,9799.579804974132
store_0,2018-07-24,9972.930156066315
store_0,2018-07-25,2860.4038565321102
store_0,2018-07-26,10272.814348946771
store_0,2018-07-27,9947.700274280924
store_0,2018-07-28,5712.9811421942895
store_0,2018-07-29,5786.537262327247
store_0,2018-07-30,9368.807885241624
store_0,2018-07-31,10508.893112375412
store_0,2018-08-01,9505.830514939842
store_0,2018-08-02,9410.131334155229
store_0,2018-08-03,8657.507083045773
store_0,2018-08-04,4978.258995406553
store_0,2018-08-05,5144.891628751527
store_0,2018-08-06,9293.12760116919
store_0,2018-08-07,9357.032423487755
store_0,2018-08-08,8986.037023149185
store_0,2018-08-09,9051.400973045786
store_0,2018-08-10,8535.771980874177
store_0,2018-08-11,5291.464180913461
store_0,2018-08-12,5247.234985260491
store_0,2018-08-13,9531.369620255178
store_0,2018-08-14,9158.794253826769
store_0,2018-08-15,9558.81932819982
store_0,2018-08-16,9225.803306447471
store_0,2018-08-17,7986.804570385294
store_0,2018-08-18,5750.589261832789
store_0,2018-08-19,7215.760914113603
store_0,2018-08-20,9269.473878872568
store_0,2018-08-21,10003.9185743176
store_0,2018-08-22,9579.744168042593
store_0,2018-08-23,10232.30901030805
store_0,2018-08-24,8630.995461270404
store_0,2018-08-25,5984.5133479058095
store_0,2018-08-26,5436.350681970504
store_0,2018-08-27,5974.322783164457
store_0,2018-08-28,10561.265114202775
store_0,2018-08-29,10874.989744587376
store_0,2018-08-30,10358.565359905882
store_0,2018-08-31,8619.016825813855
store_0,2018-09-01,5532.841794992203
store_0,2018-09-02,5508.046958656841
store_0,2018-09-03,5292.325857964286
store_0,2018-09-04,10740.097088550268
store_0,2018-09-05,11078.2925579645
store_0,2018-09-06,10811.038107013295
store_0,2018-09-07,10223.01129368273
store_0,2018-09-08,6044.937126312224
store_0,2018-09-09,5044.366621599974
store_0,2018-09-10,8425.80429736226
store_0,2018-09-11,9504.02013648713
store_0,2018-09-12,11279.824245854748
store_0,2018-09-13,11348.499548024456
store_0,2018-09-14,10266.162195333953
store_0,2018-09-15,6318.975637355591
store_0,2018-09-16,5441.401389958022
store_0,2018-09-17,10949.172690410283
store_0,2018-09-18,9850.9790145681
store_0,2018-09-19,8933.980026459107
store_0,2018-09-20,11384.523246715582
store_0,2018-09-21,10175.482966347952
store_0,2018-09-22,6062.287707030696
store_0,2018-09-23,5517.127886551395
store_0,2018-09-24,9989.631657412076
store_0,2018-09-25,10175.183064353574
store_0,2018-09-26,10740.937820980376
store_0,2018-09-27,10605.155853790802
store_0,2018-09-28,10370.809239189854
store_0,2018-09-29,6374.937629666895
store_0,2018-09-30,5811.704537557691
store_0,2018-10-01,10429.217735131824
store_0,2018-10-02,10545.403023443716
store_0,2018-10-03,9944.200576936972
store_0,2018-10-04,11665.383067001754
store_0,2018-10-05,10272.9822029837
store_0,2018-10-06,6596.095822882737
store_0,2018-10-07,6316.140153746799
store_0,2018-10-08,9033.560986078948
store_0,2018-10-09,10783.338256116916
store_0,2018-10-10,11109.564486362033
store_0,2018-10-11,10546.03019304558
store_0,2018-10-12,10635.928568487388
store_0,2018-10-13,6196.677872354874
store_0,2018-10-14,5806.483453519774
store_0,2018-10-15,10141.448353937358
store_0,2018-10-16,6787.093609686923
store_0,2018-10-17,10730.955400367347
store_0,2018-10-18,10947.943953686769
store_0,2018-10-19,11001.846228830962
store_0,2018-10-20,6441.771273812347
store_0,2018-10-21,5727.276297717571
store_0,2018-10-22,10617.896350640893
store_0,2018-10-23,11971.833694687037
store_0,2018-10-24,11661.064544604556
store_0,2018-10-25,11074.620437698792
store_0,2018-10-26,10628.13472969558
store_0,2018-10-27,5521.377204453437
store_0,2018-10-28,5555.430851888687
store_0,2018-10-29,10567.59828768409
store_0,2018-10-30,10812.13576287594
store_0,2018-10-31,11874.971218181598
store_0,2018-11-01,11458.899294355826
store_0,2018-11-02,10524.776685338633
store_0,2018-11-03,6199.090884801743
store_0,2018-11-04,5791.558312939596
store_0,2018-11-05,10899.932714674816
store_0,2018-11-06,10270.298506769605
store_0,2018-11-07,11250.32063477144
store_0,2018-11-08,11704.35436796222
store_0,2018-11-09,10221.834264728916
store_0,2018-11-10,6360.153152311119
store_0,2018-11-11,6424.586954029775
store_0,2018-11-12,9740.197499558511
store_0,2018-11-13,10094.368764844014
store_0,2018-11-14,11055.792820495291
store_0,2018-11-15,10103.485413458531
store_0,2018-11-16,10070.31037289012
store_0,2018-11-17,6905.886135671929
store_0,2018-11-18,5725.42019630836
store_0,2018-11-19,11081.421783702785
store_0,2018-11-20,10166.475111425245
store_0,2018-11-21,7530.125514003485
store_0,2018-11-23,4700.683235466751
store_0,2018-11-24,4897.283916291943
store_0,2018-11-25,5785.35010893042
store_0,2018-11-26,10102.76793132423
store_0,2018-11-27,10894.14279981855
store_0,2018-11-28,11022.65442018565
store_0,2018-11-29,10869.94808150392
store_0,2018-11-30,10155.528011788616
store_0,2018-12-01,5733.869143449186
store_0,2018-12-02,4983.45303788403
store_0,2018-12-03,11222.802564602029
store_0,2018-12-04,10676.380565084077
store_0,2018-12-05,10421.589239525532
store_0,2018-12-06,11502.383056586645
store_0,2018-12-07,11479.006792347564
store_0,2018-12-08,7875.153423878004
store_0,2018-12-09,5781.905850694114
store_0,2018-12-10,11340.13529653264
store_0,2018-12-11,11361.818715988677
store_0,2018-12-12,11083.294721939705
store_0,2018-12-13,11053.258089117233
store_0,2018-12-14,10924.313619469316
store_0,2018-12-15,6620.552143374356
store_0,2018-12-16,5141.788341414409
store_0,2018-12-17,10865.959941414916
store_0,2018-12-18,9485.647436779383
store_0,2018-12-19,9362.759823182658
store_0,2018-12-20,9574.34661297328
store_0,2018-12-21,8184.190890794684
store_0,2018-12-22,5324.274008550471
store_0,2018-12-23,5014.936840367816
store_0,2018-12-24,2498.832510054684
store_0,2018-12-26,6606.921035788295
store_0,2018-12-27,7416.277402269903
store_0,2018-12-28,7132.986606101334
store_0,2018-12-29,6180.288387550521
store_0,2018-12-30,5277.527935011099
store_0,2018-12-31,5489.466100713541
store_0,2019-01-01,4683.546393268714
store_0,2019-01-02,9655.30473032947
store_0,2019-01-03,9502.772683479185
store_0,2019-01-04,10166.451276517108
store_0,2019-01-05,5547.81908949594
store_0,2019-01-06,4944.576147204001
store_0,2019-01-07,9491.659026323494
store_0,2019-01-08,9452.480055286098
store_0,2019-01-09,9689.232541481782
store_0,2019-01-10,9891.05629474542
store_0,2019-01-11,9159.14461485449
store_0,2019-01-12,5402.56017322132
store_0,2019-01-13,4469.784476877977
store_0,2019-01-14,9221.976067904956
store_0,2019-01-15,9915.399317225372
store_0,2019-01-16,9224.810695964376
store_0,2019-01-17,10275.640908885918
store_0,2019-01-18,9480.638038111832
store_0,2019-01-19,4980.410565989067
store_0,2019-01-20,4812.71990456639
store_0,2019-01-21,5157.024726370475
store_0,2019-01-22,9059.172310372478
store_0,2019-01-23,10073.54618059315
store_0,2019-01-24,9770.259104843091
store_0,2019-01-25,9687.821625031294
store_0,2019-01-26,6041.007167432766
store_0,2019-01-27,5264.195827547813
store_0,2019-01-28,10693.302185909532
store_0,2019-01-29,10916.64944079924
store_0,2019-01-30,10077.367781330586
store_0,2019-01-31,10119.859130032037
store_0,2019-02-01,10900.459751662274
store_0,2019-02-02,5939.728405324464
store_0,2019-02-03,4975.402886891134
store_0,2019-02-04,11229.004219742454
store_0,2019-02-05,11003.913176124068
store_0,2019-02-06,11210.669678341255
store_0,2019-02-07,11479.282386309167
store_0,2019-02-08,11265.616162622877
store_0,2019-02-09,5885.660356262961
store_0,2019-02-10,5061.562532995732
store_0,2019-02-11,10842.34563850119
store_0,2019-02-12,9353.73914974262
store_0,2019-02-13,11549.973056799809
store_0,2019-02-14,10858.891051508066
store_0,2019-02-15,10193.357631204406
store_0,2019-02-16,5510.861383527516
store_0,2019-02-17,4855.000075835786
store_0,2019-02-18,8288.665265620844
store_0,2019-02-19,11197.29721740032
store_0,2019-02-20,9710.648396111366
store_0,2019-02-21,11598.580817064872
store_0,2019-02-22,10718.000819500328
store_0,2019-02-23,6339.526385607178
store_0,2019-02-24,5773.4559690891
store_0,2019-02-25,10925.248750323512
store_0,2019-02-26,11181.788331679734
store_0,2019-02-27,11191.94181314216
store_0,2019-02-28,11784.951127101069
store_0,2019-03-01,10246.98920348586
store_0,2019-03-02,6180.821232571868
store_0,2019-03-03,5828.741332283018
store_0,2019-03-04,8962.384254008777
store_0,2019-03-05,12317.494905488367
store_0,2019-03-06,11268.136630042558
store_0,2019-03-07,11515.734628178032
store_0,2019-03-08,10754.721842609606
store_0,2019-03-09,7067.719904350718
store_0,2019-03-10,6272.573195061166
store_0,2019-03-11,12041.243667019373
store_0,2019-03-12,11254.917626715664
store_0,2019-03-13,11344.633195622748
store_0,2019-03-14,12771.696244850977
store_0,2019-03-15,10842.196822867822
store_0,2019-03-16,7459.29411406848
store_0,2019-03-17,6052.942253833545
store_0,2019-03-18,11362.8407251556
store_0,2019-03-19,11413.327087130294
store_0,2019-03-20,11514.587393367572
store_0,2019-03-21,11729.449494794082
store_0,2019-03-22,10058.00090747911
store_0,2019-03-23,6312.93503763055
store_0,2019-03-24,5873.180296221955
store_0,2019-03-25,11243.817140927404
store_0,2019-03-26,11077.279143938002
store_0,2019-03-27,11543.917061007409
store_0,2019-03-28,11706.20299873783
store_0,2019-03-29,10881.173905285495
store_0,2019-03-30,7638.429284874132
store_0,2019-03-31,5373.300004232928
store_0,2019-04-01,11555.904370043978
store_0,2019-04-02,12282.283410952568
store_0,2019-04-03,11628.670235537204
store_0,2019-04-04,13287.031580626724
store_0,2019-04-05,10928.005156885523
store_0,2019-04-06,7318.829872634027
store_0,2019-04-07,6814.399880150326
store_0,2019-04-08,11113.491792558216
store_0,2019-04-09,10950.42566581499
store_0,2019-04-10,12039.755233859638
store_0,2019-04-11,10848.823661170116
store_0,2019-04-12,10548.748393930502
store_0,2019-04-13,6110.724544649105
store_0,2019-04-14,5799.033272146244
store_0,2019-04-15,6482.495260127021
store_0,2019-04-16,11344.165546981538
store_0,2019-04-17,10873.058807868978
store_0,2019-04-18,11283.366763713142
store_0,2019-04-19,8662.281693279761
store_0,2019-04-20,5810.937659610457
store_0,2019-04-22,12191.344453897918
store_0,2019-04-23,12358.688146732527
store_0,2019-04-24,12727.082780239478
store_0,2019-04-25,11556.3210538786
store_0,2019-04-26,10664.38082841429
store_0,2019-04-27,7328.872493963847
store_0,2019-04-28,6390.177991870692
store_0,2019-04-29,11937.077246878667
store_0,2019-04-30,11213.759836091313
store_0,2019-05-01,10813.977721034204
store_0,2019-05-02,11723.77340226945
store_0,2019-05-03,11309.122794234256
store_0,2019-05-04,6764.414981123845
store_0,2019-05-05,6285.425879531883
store_0,2019-05-06,11072.295645117469
store_0,2019-05-07,11199.982119086912
store_0,2019-05-08,12010.816922824371
store_0,2019-05-09,11748.539495096304
store_0,2019-05-10,9382.68555566375
store_0,2019-05-11,6296.352046960975
store_0,2019-05-12,5244.111969486919
store_0,2019-05-13,11254.704918532992
store_0,2019-05-14,11617.337290816302
store_0,2019-05-15,11748.965038314413
store_0,2019-05-16,12312.740315239404
store_0,2019-05-17,10710.136019298589
store_0,2019-05-18,7158.951985786495
store_0,2019-05-19,6252.543389747359
store_0,2019-05-20,11429.811756631503
store_0,2019-05-21,10352.897958164758
store_0,2019-05-22,10397.30906901548
store_0,2019-05-23,10470.644989659577
store_0,2019-05-24,8643.366539043687
store_0,2019-05-25,5419.619834363347
store_0,2019-05-26,4610.883409177807
store_0,2019-05-27,5031.435581288539
store_0,2019-05-28,9771.550987003107
store_0,2019-05-29,9803.325497981574
store_0,2019-05-30,10078.06312018516
store_0,2019-05-31,9467.500377226204
store_0,2019-06-01,6190.701280358914
store_0,2019-06-02,5252.272175061775
store_0,2019-06-03,10335.766973026051
store_0,2019-06-04,10484.63179172308
store_0,2019-06-05,11049.344221730888
store_0,2019-06-06,10150.031054674648
store_0,2019-06-07,9425.448629569104
store_0,2019-06-08,5589.046167785696
store_0,2019-06-09,6108.088361850108
store_0,2019-06-10,9937.656219097093
store_0,2019-06-11,10699.658695885748
store_0,2019-06-12,10234.857037273792
store_0,2019-06-13,10427.272619988302
store_0,2019-06-14,10210.698343590931
store_0,2019-06-15,5617.470514346309
store_0,2019-06-16,4939.926582124369
store_0,2019-06-17,10404.267881157228
store_0,2019-06-18,9484.814476962896
store_0,2019-06-19,10251.957120487112
store_0,2019-06-20,11298.878864675911
store_0,2019-06-21,9193.321466380832
store_0,2019-06-22,5956.79520112564
store_0,2019-06-23,5855.223643697882
store_0,2019-06-24,10883.465308830637
store_0,2019-06-25,10664.638643716218
store_0,2019-06-26,10468.035519890022
store_0,2019-06-27,10913.622475141796
store_0,2019-06-28,9679.000595144127
store_0,2019-06-29,6234.974839761364
store_0,2019-06-30,9160.166009444796
store_0,2019-07-01,10718.464158504936
store_0,2019-07-02,11179.51433290182
store_0,2019-07-03,9769.654237376522
store_0,2019-07-04,2064.0681636168124
store_0,2019-07-05,6673.7066914611
store_0,2019-07-06,4509.745742300732
store_0,2019-07-07,6076.016632692014
store_0,2019-07-08,10509.831656077244
store_0,2019-07-09,10189.895048643108
store_0,2019-07-10,10495.785914506114
store_0,2019-07-11,10971.033154862598
store_0,2019-07-12,9917.5420001265
store_0,2019-07-13,5856.839983616012
store_0,2019-07-14,5634.782146512343
store_0,2019-07-15,10295.88460189634
store_0,2019-07-16,10786.501142584808
store_0,2019-07-17,10214.45751054698
store_0,2019-07-18,10852.627027615925
store_0,2019-07-19,10071.673138130687
store_0,2019-07-20,5070.997282012873
store_0,2019-07-21,5418.101106019287
store_0,2019-07-22,10424.768449111074
store_0,2019-07-23,10549.114203252126
store_0,2019-07-24,11002.743376566024
store_0,2019-07-25,9896.67645254846
store_0,2019-07-26,10319.80490823069
store_0,2019-07-27,5544.813190640553
store_0,2019-07-28,5559.376794168179
store_0,2019-07-29,10334.512435876784
store_0,2019-07-30,10173.820958611555
store_0,2019-07-31,11377.078387484162
store_0,2019-08-01,10735.235923323444
store_0,2019-08-02,9433.102053537476
store_0,2019-08-03,5620.043441540482
store_0,2019-08-04,6421.113380223638
store_0,2019-08-05,10055.699488466176
store_0,2019-08-06,10133.32407475006
store_0,2019-08-07,10282.49379092198
store_0,2019-08-08,10658.09735156765
store_0,2019-08-09,9057.0461158426
store_0,2019-08-10,5542.608099731562
store_0,2019-08-11,5769.426365519735
store_0,2019-08-12,10246.597873599563
store_0,2019-08-13,9851.172796377476
store_0,2019-08-14,10588.83328951555
store_0,2019-08-15,10748.18295320011
store_0,2019-08-16,8669.997016965055
store_0,2019-08-17,4985.296504517764
store_0,2019-08-18,7718.362443689605
store_0,2019-08-19,10511.732521771066
store_0,2019-08-20,11139.957482148153
store_0,2019-08-21,9977.8257331318
store_0,2019-08-22,10839.98445113784
store_0,2019-08-23,9917.777155023015
store_0,2019-08-24,5769.250737413033
store_0,2019-08-25,6347.856043234365
store_0,2019-08-26,11144.051623589394
store_0,2019-08-27,10929.972618041464
store_0,2019-08-28,11138.976995691335
store_0,2019-08-29,10657.566426981108
store_0,2019-08-30,8648.101012886837
store_0,2019-08-31,5747.6348396787525
store_0,2019-09-01,5301.0691085927065
store_0,2019-09-02,6206.669651943131
store_0,2019-09-03,10922.568362694828
store_0,2019-09-04,10739.775032295904
store_0,2019-09-05,11341.575407129558
store_0,2019-09-06,11234.006109718855
store_0,2019-09-07,6271.398593146963
store_0,2019-09-08,5700.571383713701
store_0,2019-09-09,11704.68516078569
store_0,2019-09-10,11507.842330729898
store_0,2019-09-11,11852.203573753404
store_0,2019-09-12,10951.582198305903
store_0,2019-09-13,10679.99340658376
store_0,2019-09-14,6124.347652351984
store_0,2019-09-15,6017.055569775109
store_0,2019-09-16,11739.790564621377
store_0,2019-09-17,11611.16725752555
store_0,2019-09-18,11306.493994088209
store_0,2019-09-19,11304.29070931909
store_0,2019-09-20,10531.80910376013
store_0,2019-09-21,6551.280441497505
store_0,2019-09-22,6536.327484684563
store_0,2019-09-23,11489.18775361874
store_0,2019-09-24,12429.97331321756
store_0,2019-09-25,11948.579559141775
store_0,2019-09-26,12037.30382525243
store_0,2019-09-27,10309.603536882492
store_0,2019-09-28,5999.068475846344
store_0,2019-09-29,6015.534903902047
store_0,2019-09-30,6176.817936168202
store_0,2019-10-01,10861.260400692434
store_0,2019-10-02,11770.030101173104
store_0,2019-10-03,11270.081142195406
store_0,2019-10-04,10166.133731778677
store_0,2019-10-05,6306.280356006975
store_0,2019-10-06,6387.424200090046
store_0,2019-10-07,10855.184949018763
store_0,2019-10-08,10674.208187263364
store_0,2019-10-09,10867.071276852985
store_0,2019-10-10,11245.866480794715
store_0,2019-10-11,10348.900184697284
store_0,2019-10-12,6998.464660337967
store_0,2019-10-13,7393.8608212738045
store_0,2019-10-14,10410.845509276038
store_0,2019-10-15,11131.574258649396
store_0,2019-10-16,11223.747404748734
store_0,2019-10-17,11772.199275992283
store_0,2019-10-18,10712.746885157414
store_0,2019-10-19,6631.491474270874
store_0,2019-10-20,5774.584357710262
store_0,2019-10-21,10362.92325325758
store_0,2019-10-22,11109.512549042338
store_0,2019-10-23,11291.317122120696
store_0,2019-10-24,10735.722811870331
store_0,2019-10-25,10568.985655158049
store_0,2019-10-26,4928.099548982537
store_0,2019-10-27,6588.879174311895
store_0,2019-10-28,11608.89383741301
store_0,2019-10-29,10428.949204733306
store_0,2019-10-30,11238.866001567394
store_0,2019-10-31,11707.077257634091
store_0,2019-11-01,10759.833398354349
store_0,2019-11-02,6493.125939737201
store_0,2019-11-03,6473.052673245964
store_0,2019-11-04,11744.276959710416
store_0,2019-11-05,10927.854951567782
store_0,2019-11-06,11055.587646735608
store_0,2019-11-07,11346.207223040956
store_0,2019-11-08,10229.266237157615
store_0,2019-11-09,6261.224256702381
store_0,2019-11-10,6842.671224776022
store_0,2019-11-11,11122.09749403175
store_0,2019-11-12,10521.692142103158
store_0,2019-11-13,10834.488650088297
store_0,2019-11-14,11805.109603844858
store_0,2019-11-15,10157.414748186844
store_0,2019-11-16,6529.915818713178
store_0,2019-11-17,5731.863522068652
store_0,2019-11-18,11508.600092639716
store_0,2019-11-19,10541.636929684431
store_0,2019-11-20,11483.586119868436
store_0,2019-11-21,11390.47728446335
store_0,2019-11-22,10810.085106458082
store_0,2019-11-23,6406.61025731396
store_0,2019-11-24,6001.236293154807
store_0,2019-11-25,11425.951369684282
store_0,2019-11-26,10406.985744019968
store_0,2019-11-27,8234.004081946481
store_0,2019-11-29,4531.719810993337
store_0,2019-11-30,5047.972726824399
store_0,2019-12-01,5862.843746369221
store_0,2019-12-02,10985.555268897742
store_0,2019-12-03,11133.177490662509
store_0,2019-12-04,11279.851870672055
store_0,2019-12-05,11782.132345667364
store_0,2019-12-06,10736.476120296164
store_0,2019-12-07,7256.032069134247
store_0,2019-12-08,6517.552424748717
store_0,2019-12-09,11377.396011135232
store_0,2019-12-10,11266.50437876203
store_0,2019-12-11,10862.03825453712
store_0,2019-12-12,11997.645582189049
store_0,2019-12-13,10203.07717209969
store_0,2019-12-14,7373.988198206215
store_0,2019-12-15,6226.608724287978
store_0,2019-12-16,10620.20881657768
store_0,2019-12-17,9913.069161555406
store_0,2019-12-18,9050.115620711156
store_0,2019-12-19,9727.696363962265
store_0,2019-12-20,8750.257221356045
store_0,2019-12-21,4896.756996801107
store_0,2019-12-22,4479.998725726494
store_0,2019-12-23,7646.751890672655
store_0,2019-12-24,2399.3850006707107
store_0,2019-12-26,6364.038691077064
store_0,2019-12-27,7174.367930169257
store_0,2019-12-28,5088.195493655002
store_0,2019-12-29,4914.770873112439
store_0,2019-12-30,7809.836801118632
store_0,2019-12-31,5784.629532361035
store_1,2017-01-02,2170.55548763656
store_1,2017-01-03,2523.109326080002
store_1,2017-01-04,2734.014582909602
store_1,2017-01-05,2699.068338530288
store_1,2017-01-06,3320.058445761136
store_1,2017-01-07,2964.9436918426927
store_1,2017-01-08,2694.772807229499
store_1,2017-01-09,2960.672919175248
store_1,2017-01-10,3070.331009844686
store_1,2017-01-11,2949.3981299867646
store_1,2017-01-12,2674.662784158675
store_1,2017-01-13,3300.00102612763
store_1,2017-01-14,2116.5612762966844
store_1,2017-01-15,2313.3075373021065
store_1,2017-01-16,2864.294649542003
store_1,2017-01-17,3191.0275202515923
store_1,2017-01-18,2595.4626206862004
store_1,2017-01-19,2828.05069135284
store_1,2017-01-20,2877.4024172324257
store_1,2017-01-21,2965.0554946081675
store_1,2017-01-22,1774.3725817740158
store_1,2017-01-23,2709.8238573304257
store_1,2017-01-24,2489.5382994211845
store_1,2017-01-25,2708.848898782197
store_1,2017-01-26,2947.444090605484
store_1,2017-01-27,3578.317630521909
store_1,2017-01-28,2615.9244183045435
store_1,2017-01-29,2255.874435492369
store_1,2017-01-30,3154.0155766912176
store_1,2017-01-31,2663.136463635756
store_1,2017-02-01,2946.7038039321105
store_1,2017-02-02,2776.1225439976465
store_1,2017-02-03,3310.5632231016484
store_1,2017-02-04,2452.4416167290888
store_1,2017-02-05,1854.9836959060617
store_1,2017-02-06,2507.965268628303
store_1,2017-02-07,2283.4303884481706
store_1,2017-02-08,2862.1022105078937
store_1,2017-02-09,2932.49996137024
store_1,2017-02-10,3744.4840028397
store_1,2017-02-11,2537.9901516497216
store_1,2017-02-12,2674.2091941602357
store_1,2017-02-13,2892.712917452286
store_1,2017-02-14,2668.3304857389776
store_1,2017-02-15,3055.6024264220323
store_1,2017-02-16,3185.975452981611
store_1,2017-02-17,2884.881389832065
store_1,2017-02-18,2737.285085460196
store_1,2017-02-19,2579.8610573156584
store_1,2017-02-20,2477.4801827493343
store_1,2017-02-21,2652.285059812995
store_1,2017-02-22,3039.38753631228
store_1,2017-02-23,3208.0322405731795
store_1,2017-02-24,3202.574836976975
store_1,2017-02-25,2832.054973274336
store_1,2017-02-26,2333.1621157261047
store_1,2017-02-27,2885.9851290320307
store_1,2017-02-28,3067.189512033535
store_1,2017-03-01,3286.197513421947
store_1,2017-03-02,3213.5373083119784
store_1,2017-03-03,3484.8722133450037
store_1,2017-03-04,2803.8851154887398
store_1,2017-03-05,2650.6862448390066
store_1,2017-03-06,2883.2041586006367
store_1,2017-03-07,3134.179495307379
store_1,2017-03-08,3018.836680048132
store_1,2017-03-09,3435.95975102608
store_1,2017-03-10,3527.655793180531
store_1,2017-03-11,2563.481323647421
store_1,2017-03-12,2366.6954251809902
store_1,2017-03-13,2889.5640185743405
store_1,2017-03-14,3252.940703509789
store_1,2017-03-15,3344.616276797811
store_1,2017-03-16,3115.257147280215
store_1,2017-03-17,3584.76039464941
store_1,2017-03-18,2708.629463341254
store_1,2017-03-19,3331.3785718965933
store_1,2017-03-20,3138.678382801987
store_1,2017-03-21,2808.766141606639
store_1,2017-03-22,3009.1937747325387
store_1,2017-03-23,3756.139623941643
store_1,2017-03-24,3667.56181908673
store_1,2017-03-25,2340.9510997963725
store_1,2017-03-26,2590.104191994925
store_1,2017-03-27,2917.1238338119583
store_1,2017-03-28,3168.1131318827347
store_1,2017-03-29,3039.4053584491685
store_1,2017-03-30,3852.923825039181
store_1,2017-03-31,3382.3857009863013
store_1,2017-04-01,2799.26353690039
store_1,2017-04-02,2655.167847197004
store_1,2017-04-03,3029.991524907673
store_1,2017-04-04,3480.220909301398
store_1,2017-04-05,3152.749670150428
store_1,2017-04-06,3149.186746539253
store_1,2017-04-07,3782.810202600639
store_1,2017-04-08,2601.0701812477573
store_1,2017-04-09,2443.134699109573
store_1,2017-04-10,3273.01674904501
store_1,2017-04-11,3164.934087494132
store_1,2017-04-12,2884.213122350244
store_1,2017-04-13,2840.0213690085766
store_1,2017-04-14,3343.5626499518025
store_1,2017-04-15,2694.004446894685
store_1,2017-04-17,3039.772886142203
store_1,2017-04-18,3167.3598541110846
store_1,2017-04-19,3110.485991615215
store_1,2017-04-20,3134.4276219295057
store_1,2017-04-21,3749.554888609106
store_1,2017-04-22,2945.853104403303
store_1,2017-04-23,3123.3089007991475
store_1,2017-04-24,2953.314893877077
store_1,2017-04-25,2676.2122620575715
store_1,2017-04-26,3009.040750052024
store_1,2017-04-27,3021.0713689474555
store_1,2017-04-28,4245.229594258175
store_1,2017-04-29,2709.793295405128
store_1,2017-04-30,2674.772427410217
store_1,2017-05-01,3507.532411179593
store_1,2017-05-02,3699.1231120031134
store_1,2017-05-03,3238.781855244144
store_1,2017-05-04,3304.39324101533
store_1,2017-05-05,3019.656662459932
store_1,2017-05-06,2693.4083395216685
store_1,2017-05-07,2126.322307899124
store_1,2017-05-08,2986.042643820278
store_1,2017-05-09,3215.2323161587387
store_1,2017-05-10,2699.212580998368
store_1,2017-05-11,3274.566572753936
store_1,2017-05-12,3938.268909704429
store_1,2017-05-13,2861.633985282709
store_1,2017-05-14,1861.8106151610796
store_1,2017-05-15,2874.72868703589
store_1,2017-05-16,3194.7658260344274
store_1,2017-05-17,3188.3574357097546
store_1,2017-05-18,2955.350422063397
store_1,2017-05-19,3788.635778176344
store_1,2017-05-20,2731.4467974143727
store_1,2017-05-21,2730.8764131602093
store_1,2017-05-22,3044.659572304683
store_1,2017-05-23,2707.898578779177
store_1,2017-05-24,2742.1665739550263
store_1,2017-05-25,3008.155828915131
store_1,2017-05-26,3553.350129534572
store_1,2017-05-27,2408.472424485096
store_1,2017-05-28,1984.317514666737
store_1,2017-05-29,2065.242409686812
store_1,2017-05-30,2680.050064185694
store_1,2017-05-31,2668.055341703692
store_1,2017-06-01,3048.024765664305
store_1,2017-06-02,3228.064165169408
store_1,2017-06-03,3082.191195341012
store_1,2017-06-04,2699.9305368539603
store_1,2017-06-05,2834.2259417125547
store_1,2017-06-06,2920.272521148157
store_1,2017-06-07,2723.1179538635206
store_1,2017-06-08,2735.514370262565
store_1,2017-06-09,3545.441246310239
store_1,2017-06-10,2699.560077234078
store_1,2017-06-11,2468.3804288903234
store_1,2017-06-12,2990.029012181911
store_1,2017-06-13,2704.643949135542
store_1,2017-06-14,3462.856641699848
store_1,2017-06-15,3358.761533514781
store_1,2017-06-16,4063.720333657902
store_1,2017-06-17,2364.664823702874
store_1,2017-06-18,2435.542731340973
store_1,2017-06-19,3077.959996107357
store_1,2017-06-20,3077.105539794155
store_1,2017-06-21,3089.3346512730686
store_1,2017-06-22,3191.348740742
store_1,2017-06-23,3125.11366505104
store_1,2017-06-24,2818.824132572841
store_1,2017-06-25,2607.86601231116
store_1,2017-06-26,3031.1167096522568
store_1,2017-06-27,3024.773359449768
store_1,2017-06-28,2604.966289863682
store_1,2017-06-29,3148.1850104512
store_1,2017-06-30,3028.491531083934
store_1,2017-07-01,2377.1026474270407
store_1,2017-07-02,2637.380184181376
store_1,2017-07-03,3021.425389078463
store_1,2017-07-04,885.5153698880575
store_1,2017-07-05,3004.8074198597205
store_1,2017-07-06,2818.8828693131986
store_1,2017-07-07,3366.1513284627968
store_1,2017-07-08,2762.3003113590803
store_1,2017-07-09,2185.773625199894
store_1,2017-07-10,2875.389130958176
store_1,2017-07-11,2996.522679229585
store_1,2017-07-12,3338.8214216973643
store_1,2017-07-13,2930.557508648395
store_1,2017-07-14,3322.8493111455296
store_1,2017-07-15,2951.729621462197
store_1,2017-07-16,2453.015538665697
store_1,2017-07-17,3135.491629318341
store_1,2017-07-18,2690.2803757808983
store_1,2017-07-19,3226.357558836145
store_1,2017-07-20,2784.882547183636
store_1,2017-07-21,3245.134261087982
store_1,2017-07-22,2217.131916478136
store_1,2017-07-23,2571.113229297096
store_1,2017-07-24,3067.792591849164
store_1,2017-07-25,3215.1975327566893
store_1,2017-07-26,3151.023209981284
store_1,2017-07-27,2749.4188127955304
store_1,2017-07-28,3383.276011606084
store_1,2017-07-29,2598.6659392143147
store_1,2017-07-30,2231.918749622767
store_1,2017-07-31,2939.904388820698
store_1,2017-08-01,2995.1831791750947
store_1,2017-08-02,3034.910500427002
store_1,2017-08-03,3286.710488795275
store_1,2017-08-04,3774.799004468715
store_1,2017-08-05,2696.496533273915
store_1,2017-08-06,2319.1880940808514
store_1,2017-08-07,2534.9101781505447
store_1,2017-08-08,2685.251185319136
store_1,2017-08-09,2960.9802589096043
store_1,2017-08-10,3341.0420928103918
store_1,2017-08-11,3541.16902138045
store_1,2017-08-12,2264.443750934951
store_1,2017-08-13,2258.417290462039
store_1,2017-08-14,2764.307277867976
store_1,2017-08-15,2737.981910968484
store_1,2017-08-16,2822.8036802906718
store_1,2017-08-17,3036.2189250219126
store_1,2017-08-18,3100.475779647691
store_1,2017-08-19,2294.706950104817
store_1,2017-08-20,2399.921021449231
store_1,2017-08-21,3253.3163424442887
store_1,2017-08-22,3517.9010198818146
store_1,2017-08-23,2681.461173589619
store_1,2017-08-24,2983.0889816177946
store_1,2017-08-25,3468.046394892061
store_1,2017-08-26,2382.989376665877
store_1,2017-08-27,2216.9720607619392
store_1,2017-08-28,3251.6071750978767
store_1,2017-08-29,3067.4705328665414
store_1,2017-08-30,3043.023219353224
store_1,2017-08-31,3475.494794510496
store_1,2017-09-01,3658.9709956271113
store_1,2017-09-02,2466.4976592393496
store_1,2017-09-03,2464.3862971267617
store_1,2017-09-04,1994.3825946111203
store_1,2017-09-05,2867.068049059863
store_1,2017-09-06,2933.170411143851
store_1,2017-09-07,2977.345222160956
store_1,2017-09-08,3567.0812178875008
store_1,2017-09-09,2328.6684498205614
store_1,2017-09-10,2322.227167163369
store_1,2017-09-11,2844.2120026639946
store_1,2017-09-12,2685.172086342991
store_1,2017-09-13,2737.6494881188164
store_1,2017-09-14,3050.492003754472
store_1,2017-09-15,3440.554467932148
store_1,2017-09-16,2126.7468052733407
store_1,2017-09-17,2270.741421734931
store_1,2017-09-18,2680.518037341607
store_1,2017-09-19,2409.0255735498454
store_1,2017-09-20,2941.0216831615903
store_1,2017-09-21,4249.827451557627
store_1,2017-09-22,3039.111062248579
store_1,2017-09-23,2341.51436418419
store_1,2017-09-24,2474.440164483201
store_1,2017-09-25,2734.5646419315467
store_1,2017-09-26,2951.4765463156727
store_1,2017-09-27,3024.451561640503
store_1,2017-09-28,3177.6445262093307
store_1,2017-09-29,3169.827865927474
store_1,2017-09-30,2436.410362240692
store_1,2017-10-01,2419.078256882752
store_1,2017-10-02,2888.910683593678
store_1,2017-10-03,2954.691654558097
store_1,2017-10-04,2276.4306028714395
store_1,2017-10-05,3142.466241081263
store_1,2017-10-06,3220.1586444093427
store_1,2017-10-07,2421.7004998149687
store_1,2017-10-08,2684.250577901813
store_1,2017-10-09,2411.6992189440757
store_1,2017-10-10,2782.367210337215
store_1,2017-10-11,2774.5152859990703
store_1,2017-10-12,2711.8845980984856
store_1,2017-10-13,3393.991018955619
store_1,2017-10-14,2545.685098180612
store_1,2017-10-15,2918.4874435372167
store_1,2017-10-16,2998.164356590094
store_1,2017-10-17,2683.10646708596
store_1,2017-10-18,3017.760494720363
store_1,2017-10-19,2723.694791538127
store_1,2017-10-20,3173.5181372264237
store_1,2017-10-21,2416.308584694853
store_1,2017-10-22,2313.587096603498
store_1,2017-10-23,3016.7763391174503
store_1,2017-10-24,2686.2357259180067
store_1,2017-10-25,3173.348769969413
store_1,2017-10-26,2816.41324134782
store_1,2017-10-27,2784.571719118947
store_1,2017-10-28,2539.6722530432594
store_1,2017-10-29,2342.24074747098
store_1,2017-10-30,2514.0582403429075
store_1,2017-10-31,3033.087985365025
store_1,2017-11-01,3341.9149043330067
store_1,2017-11-02,2709.742973342461
store_1,2017-11-03,3111.185131233025
store_1,2017-11-04,2639.5579428706133
store_1,2017-11-05,2910.980628369074
store_1,2017-11-06,3189.54062981336
store_1,2017-11-07,2803.5756656253584
store_1,2017-11-08,2839.233802737078
store_1,2017-11-09,2973.3216640010423
store_1,2017-11-10,3359.0927853344983
store_1,2017-11-11,2160.6140902680995
store_1,2017-11-12,2194.515825476931
store_1,2017-11-13,2779.584354435104
store_1,2017-11-14,2695.3673017925084
store_1,2017-11-15,2753.3549317785887
store_1,2017-11-16,2570.4545095368185
store_1,2017-11-17,3350.104084678436
store_1,2017-11-18,2264.423240638665
store_1,2017-11-19,2774.366704664728
store_1,2017-11-20,2848.0420040454583
store_1,2017-11-21,2664.3731021050176
store_1,2017-11-22,2898.9860492199928
store_1,2017-11-24,1932.1412499265707
store_1,2017-11-25,2154.5567761384486
store_1,2017-11-26,2161.104398024781
store_1,2017-11-27,2907.297803594174
store_1,2017-11-28,2917.477450870521
store_1,2017-11-29,2742.665820156445
store_1,2017-11-30,3242.096874026688
store_1,2017-12-01,3763.8249114705072
store_1,2017-12-02,2670.04211816876
store_1,2017-12-03,2955.135564037994
store_1,2017-12-04,2783.623240432127
store_1,2017-12-05,2657.530253108621
store_1,2017-12-06,2873.398550319946
store_1,2017-12-07,2759.882367033361
store_1,2017-12-08,3476.019104424003
store_1,2017-12-09,2662.512210890522
store_1,2017-12-10,2170.3560474351584
store_1,2017-12-11,3001.665617786074
store_1,2017-12-12,3055.0655964606653
store_1,2017-12-13,2743.9556541454926
store_1,2017-12-14,2654.924950032708
store_1,2017-12-15,2972.571361326165
store_1,2017-12-16,2520.016092387385
store_1,2017-12-17,2174.278314961287
store_1,2017-12-18,3002.463717949611
store_1,2017-12-19,5473.059760646735
store_1,2017-12-20,2687.042113188152
store_1,2017-12-21,2286.040562945392
store_1,2017-12-22,2481.7212758704904
store_1,2017-12-23,2037.684933883587
store_1,2017-12-24,973.0575837395248
store_1,2017-12-26,2264.9700211123563
store_1,2017-12-27,2426.077381119328
store_1,2017-12-28,2432.330882818982
store_1,2017-12-29,2629.624666189144
store_1,2017-12-30,2148.8269287134835
store_1,2017-12-31,1413.75152959563
store_1,2018-01-01,1581.6105714884663
store_1,2018-01-02,2309.983808091496
store_1,2018-01-03,2380.4018602194
store_1,2018-01-04,2675.3832705404
store_1,2018-01-05,3244.169132290353
store_1,2018-01-06,2381.3172654354
store_1,2018-01-07,2393.98024421453
store_1,2018-01-08,2120.0862175811976
store_1,2018-01-09,2339.2535005368427
store_1,2018-01-10,2750.490341668613
store_1,2018-01-11,3242.415021617844
store_1,2018-01-12,2923.948557925518
store_1,2018-01-13,2174.6910579611044
store_1,2018-01-14,2569.6625256652114
store_1,2018-01-15,2539.742425249516
store_1,2018-01-16,2407.167779138423
store_1,2018-01-17,2581.250611444379
store_1,2018-01-18,3262.102412480433
store_1,2018-01-19,3292.9001680838523
store_1,2018-01-20,2267.158326006202
store_1,2018-01-21,2090.2365924470364
store_1,2018-01-22,2931.8866972285286
store_1,2018-01-23,2376.1677039320207
store_1,2018-01-24,2713.765262461594
store_1,2018-01-25,3094.3875558660484
store_1,2018-01-26,3517.717993160542
store_1,2018-01-27,2408.259200455929
store_1,2018-01-28,2284.977133026083
store_1,2018-01-29,2871.068928061625
store_1,2018-01-30,2899.7342822893456
store_1,2018-01-31,2808.516011350438
store_1,2018-02-01,3031.2562144749054
store_1,2018-02-02,3618.7258521762815
store_1,2018-02-03,2374.7152271398977
store_1,2018-02-04,2038.120870447476
store_1,2018-02-05,2802.3934840752
store_1,2018-02-06,2402.038950297444
store_1,2018-02-07,2766.214050959227
store_1,2018-02-08,3006.962737630257
store_1,2018-02-09,3365.473750484453
store_1,2018-02-10,3336.636259726276
store_1,2018-02-11,2745.362020323649
store_1,2018-02-12,2275.4662015189297
store_1,2018-02-13,2430.972078816451
store_1,2018-02-14,2722.267468278644
store_1,2018-02-15,2833.138082086661
store_1,2018-02-16,2985.1241783266005
store_1,2018-02-17,2223.532648488607
store_1,2018-02-18,2668.27477048187
store_1,2018-02-19,2264.383163897524
store_1,2018-02-20,2730.2580419878864
store_1,2018-02-21,2718.710874082522
store_1,2018-02-22,3113.3561320660497
store_1,2018-02-23,3087.460237982701
store_1,2018-02-24,3059.533335866802
store_1,2018-02-25,2340.624723454318
store_1,2018-02-26,2840.7930380561256
store_1,2018-02-27,2733.255559892099
store_1,2018-02-28,2595.153730664521
store_1,2018-03-01,3453.948835709221
store_1,2018-03-02,3478.698332751733
store_1,2018-03-03,2600.041439883958
store_1,2018-03-04,2846.9207072570834
store_1,2018-03-05,2973.838360937747
store_1,2018-03-06,2894.09010695658
store_1,2018-03-07,2928.094552420277
store_1,2018-03-08,2811.057818169769
store_1,2018-03-09,3628.802614418772
store_1,2018-03-10,2457.063998991582
store_1,2018-03-11,2513.785699831408
store_1,2018-03-12,2771.210464131028
store_1,2018-03-13,2406.481149045462
store_1,2018-03-14,2920.64293254441
store_1,2018-03-15,3008.4633381831886
store_1,2018-03-16,3031.329204087474
store_1,2018-03-17,2514.3650940286125
store_1,2018-03-18,2609.1760478366286
store_1,2018-03-19,3058.8374480992725
store_1,2018-03-20,2639.008440721314
store_1,2018-03-21,2345.901704121392
store_1,2018-03-22,2788.295507778956
store_1,2018-03-23,2888.302028852754
store_1,2018-03-24,2572.364216462437
store_1,2018-03-25,2549.258254942077
store_1,2018-03-26,3172.100595011465
store_1,2018-03-27,2900.503138439669
store_1,2018-03-28,3157.047478643037
store_1,2018-03-29,3036.29877127231
store_1,2018-03-30,3019.081441518786
store_1,2018-03-31,2556.974181345028
store_1,2018-04-02,2843.855000246211
store_1,2018-04-03,3110.698035025666
store_1,2018-04-04,2840.9343631466377
store_1,2018-04-05,3238.826684971081
store_1,2018-04-06,3446.914228780396
store_1,2018-04-07,2444.200007377469
store_1,2018-04-08,2538.382696925353
store_1,2018-04-09,2785.019997859688
store_1,2018-04-10,2985.181036483308
store_1,2018-04-11,2652.675722825276
store_1,2018-04-12,3034.2838592670096
store_1,2018-04-13,4245.076669329942
store_1,2018-04-14,2632.2500178822306
store_1,2018-04-15,2531.145214619747
store_1,2018-04-16,2944.035374750849
store_1,2018-04-17,3091.171993755469
store_1,2018-04-18,3027.7237133105
store_1,2018-04-19,3187.6879666569453
store_1,2018-04-20,3734.831344707856
store_1,2018-04-21,3017.111409127001
store_1,2018-04-22,2616.818326079827
store_1,2018-04-23,2931.895705837639
store_1,2018-04-24,2603.518405216208
store_1,2018-04-25,3009.5569990000863
store_1,2018-04-26,2916.3077315215683
store_1,2018-04-27,3574.631184366678
store_1,2018-04-28,2437.338477713257
store_1,2018-04-29,2346.91667426467
store_1,2018-04-30,2546.7325579974045
store_1,2018-05-01,2587.02170115676
store_1,2018-05-02,2367.043892115205
store_1,2018-05-03,2955.95427511883
store_1,2018-05-04,3857.225812728444
store_1,2018-05-05,2530.2940798075183
store_1,2018-05-06,2559.8878957851643
store_1,2018-05-07,3178.2390695651134
store_1,2018-05-08,3610.688511987904
store_1,2018-05-09,3268.312328666945
store_1,2018-05-10,3696.350362870661
store_1,2018-05-11,3219.365665873654
store_1,2018-05-12,2078.9204949857394
store_1,2018-05-13,1796.6752821063365
store_1,2018-05-14,2829.399010201731
store_1,2018-05-15,2726.175255064189
store_1,2018-05-16,2919.96600412143
store_1,2018-05-17,2920.728680471807
store_1,2018-05-18,3340.1231646917463
store_1,2018-05-19,2366.1898937016927
store_1,2018-05-20,2315.1538822445305
store_1,2018-05-21,2971.1520088778266
store_1,2018-05-22,2819.560031314088
store_1,2018-05-23,2832.0495857851274
store_1,2018-05-24,3231.552802434988
store_1,2018-05-25,2636.9208963566925
store_1,2018-05-26,1948.6825147691268
store_1,2018-05-27,1868.01695632592
store_1,2018-05-28,2301.151048507408
store_1,2018-05-29,2588.1337885044904
store_1,2018-05-30,4230.313605577822
store_1,2018-05-31,3219.3452726528726
store_1,2018-06-01,3354.9745397040865
store_1,2018-06-02,2491.027257350573
store_1,2018-06-03,2632.7263585870246
store_1,2018-06-04,3092.861519348282
store_1,2018-06-05,2947.792940470453
store_1,2018-06-06,3572.187412145089
store_1,2018-06-07,3232.804474514247
store_1,2018-06-08,3051.459328292404
store_1,2018-06-09,2527.872070171169
store_1,2018-06-10,2642.045941599509
store_1,2018-06-11,2938.870081481945
store_1,2018-06-12,3032.6730188760685
store_1,2018-06-13,3523.8050483732663
store_1,2018-06-14,3250.4233248690075
store_1,2018-06-15,2958.045915048982
store_1,2018-06-16,2146.135427374319
store_1,2018-06-17,1569.0816956809456
store_1,2018-06-18,3067.4098796383087
store_1,2018-06-19,2807.752268491616
store_1,2018-06-20,3041.4770468669763
store_1,2018-06-21,2870.0422617762824
store_1,2018-06-22,3271.15144907558
store_1,2018-06-23,2482.968795892714
store_1,2018-06-24,2482.263108183463
store_1,2018-06-25,3124.853184795552
store_1,2018-06-26,3024.4175298278237
store_1,2018-06-27,2749.7394894446875
store_1,2018-06-28,2942.450791002474
store_1,2018-06-29,2964.4005391423343
store_1,2018-06-30,2349.16505503362
store_1,2018-07-01,2299.0231999296475
store_1,2018-07-02,3018.603510628748
store_1,2018-07-03,2798.8766255534238
store_1,2018-07-04,697.5387135901726
store_1,2018-07-05,3297.777084734157
store_1,2018-07-06,3079.3617493949314
store_1,2018-07-07,2259.1981036856528
store_1,2018-07-08,2549.899434897537
store_1,2018-07-09,3492.8473659235506
store_1,2018-07-10,2867.302917310678
store_1,2018-07-11,3187.097852990368
store_1,2018-07-12,2808.8275487014703
store_1,2018-07-13,3527.4881645502733
store_1,2018-07-14,2610.950844135771
store_1,2018-07-15,2350.3359341385467
store_1,2018-07-16,3014.025726769526
store_1,2018-07-17,2648.439035447395
store_1,2018-07-18,2934.9541816451447
store_1,2018-07-19,2600.6080462375
store_1,2018-07-20,3170.704144862786
store_1,2018-07-21,2333.4232309636072
store_1,2018-07-22,2507.6649599435136
store_1,2018-07-23,3096.10732750074
store_1,2018-07-24,3003.729634776756
store_1,2018-07-25,3207.9907834378
store_1,2018-07-26,2710.5581543579133
store_1,2018-07-27,3209.183552163732
store_1,2018-07-28,2302.215057006447
store_1,2018-07-29,2826.99632174378
store_1,2018-07-30,3053.502702387929
store_1,2018-07-31,3140.3127019382478
store_1,2018-08-01,3104.1948712920966
store_1,2018-08-02,2920.702165802448
store_1,2018-08-03,3267.249667720185
store_1,2018-08-04,2382.102649289081
store_1,2018-08-05,2738.8250716022358
store_1,2018-08-06,2970.529035459508
store_1,2018-08-07,2692.777910534818
store_1,2018-08-08,3023.4689862439877
store_1,2018-08-09,2985.6257483371305
store_1,2018-08-10,3280.510172105039
store_1,2018-08-11,2171.3761163459176
store_1,2018-08-12,2664.086267574811
store_1,2018-08-13,2619.992789589079
store_1,2018-08-14,2935.7096798183434
store_1,2018-08-15,2851.754355443001
store_1,2018-08-16,2667.540684778799
store_1,2018-08-17,3027.154609440132
store_1,2018-08-18,2828.601648691242
store_1,2018-08-19,3033.201634290217
store_1,2018-08-20,2900.1940729943303
store_1,2018-08-21,2651.557617782062
store_1,2018-08-22,2985.412606433292
store_1,2018-08-23,3553.474643153852
store_1,2018-08-24,2961.032929490417
store_1,2018-08-25,2101.150411713799
store_1,2018-08-26,2379.638884924727
store_1,2018-08-27,2626.4780403750024
store_1,2018-08-28,2664.888787657013
store_1,2018-08-29,2886.028618764558
store_1,2018-08-30,2981.549579731658
store_1,2018-08-31,2791.58565195824
store_1,2018-09-01,2069.8314426517118
store_1,2018-09-02,2027.544082431019
store_1,2018-09-03,2183.435579376945
store_1,2018-09-04,2567.433346998356
store_1,2018-09-05,4048.01344551858
store_1,2018-09-06,2397.8073166245663
store_1,2018-09-07,3533.6055423936086
store_1,2018-09-08,2616.435927864331
store_1,2018-09-09,2253.258668217089
store_1,2018-09-10,2746.8458160312784
store_1,2018-09-11,2538.024775796717
store_1,2018-09-12,2842.3731266213576
store_1,2018-09-13,2699.587191854638
store_1,2018-09-14,3268.281167520407
store_1,2018-09-15,2389.675977815232
store_1,2018-09-16,2299.6530110108115
store_1,2018-09-17,2951.802011605939
store_1,2018-09-18,2990.0320065822248
store_1,2018-09-19,2839.6496492463293
store_1,2018-09-20,3000.4803217378308
store_1,2018-09-21,3283.4070280911374
store_1,2018-09-22,2902.71905034278
store_1,2018-09-23,2284.4020991401208
store_1,2018-09-24,3157.5258958517697
store_1,2018-09-25,3411.522530840376
store_1,2018-09-26,3149.8688902716367
store_1,2018-09-27,3204.463408798764
store_1,2018-09-28,3348.9539175297805
store_1,2018-09-29,1922.6426467462784
store_1,2018-09-30,2204.1644438443973
store_1,2018-10-01,2635.256077544004
store_1,2018-10-02,3240.357055160948
store_1,2018-10-03,3312.2680237386926
store_1,2018-10-04,3041.8307463530423
store_1,2018-10-05,3279.452223688693
store_1,2018-10-06,1882.9182435314087
store_1,2018-10-07,2191.5492913180738
store_1,2018-10-08,2764.0410025527426
store_1,2018-10-09,3033.695597369049
store_1,2018-10-10,3066.3868684377157
store_1,2018-10-11,2831.5552201265773
store_1,2018-10-12,3312.785678116848
store_1,2018-10-13,2671.74033742689
store_1,2018-10-14,2946.13659774719
store_1,2018-10-15,3166.2433259101267
store_1,2018-10-16,2809.646735170462
store_1,2018-10-17,3087.8187047506885
store_1,2018-10-18,2960.078416766663
store_1,2018-10-19,3239.428639142466
store_1,2018-10-20,2371.901925935473
store_1,2018-10-21,2348.363100682733
store_1,2018-10-22,2665.5931435949906
store_1,2018-10-23,2448.8577617291844
store_1,2018-10-24,2785.609122338063
store_1,2018-10-25,2926.7493048934857
store_1,2018-10-26,3216.149299496004
store_1,2018-10-27,2896.862984181841
store_1,2018-10-28,2543.954422305749
store_1,2018-10-29,3065.137780018462
store_1,2018-10-30,2953.2286573553
store_1,2018-10-31,2888.625543158262
store_1,2018-11-01,3768.155735187968
store_1,2018-11-02,3299.0668604004427
store_1,2018-11-03,2997.5756346007947
store_1,2018-11-04,2620.8100819597607
store_1,2018-11-05,2724.721140427482
store_1,2018-11-06,2748.326271378141
store_1,2018-11-07,3120.0942896024617
store_1,2018-11-08,2667.1524602714044
store_1,2018-11-09,3664.892613252555
store_1,2018-11-10,2263.1677370468024
store_1,2018-11-11,1786.0910834483582
store_1,2018-11-12,2423.5218087096678
store_1,2018-11-13,2607.062545011261
store_1,2018-11-14,2644.5591923373995
store_1,2018-11-15,2623.491916502204
store_1,2018-11-16,3013.0947288400966
store_1,2018-11-17,2261.661269351466
store_1,2018-11-18,2255.65832486942
store_1,2018-11-19,2763.247405171046
store_1,2018-11-20,2759.465855330458
store_1,2018-11-21,2495.443234496792
store_1,2018-11-23,1642.331046102604
store_1,2018-11-24,2186.531608696884
store_1,2018-11-25,2599.3153229806007
store_1,2018-11-26,2567.725141344498
store_1,2018-11-27,2480.132092529648
store_1,2018-11-28,2716.229756918465
store_1,2018-11-29,3010.1987179914386
store_1,2018-11-30,2839.90947559726
store_2,2017-01-09,45762.84084020421
store_2,2017-01-16,44758.25231431197
store_2,2017-01-23,45139.09691813778
store_2,2017-01-30,46864.67879947199
store_2,2017-02-06,43191.040014087805
store_2,2017-02-13,49188.0704216413
store_2,2017-02-20,47368.90163447116
store_2,2017-02-27,46104.22398410804
store_2,2017-03-06,47673.67581662582
store_2,2017-03-13,45835.43511661948
store_2,2017-03-20,52883.037427847135
store_2,2017-03-27,50107.32849912888
store_2,2017-04-03,54645.486166061455
store_2,2017-04-10,46556.680007200834
store_2,2017-04-17,51675.88353155242
store_2,2017-04-24,51957.99086889259
store_2,2017-05-01,52994.20181723354
store_2,2017-05-08,50472.773952015166
store_2,2017-05-15,52642.63922614056
store_2,2017-05-22,49092.64184024678
store_2,2017-05-29,44834.54000410672
store_2,2017-06-05,51876.719284521714
store_2,2017-06-12,54011.76325151476
store_2,2017-06-19,56962.43052913564
store_2,2017-06-26,52191.398397442186
store_2,2017-07-03,39999.97557914842
store_2,2017-07-10,54236.36199679922
store_2,2017-07-17,51709.18304712112
store_2,2017-07-24,49898.59568395137
store_2,2017-07-31,50759.50010645626
store_2,2017-08-07,48122.94196974402
store_2,2017-08-14,47309.92082361741
store_2,2017-08-21,45481.32908631582
store_2,2017-08-28,47236.07358276745
store_2,2017-09-04,43179.356282681794
store_2,2017-09-11,54014.961184177
store_2,2017-09-18,50269.06371495767
store_2,2017-09-25,49877.6530486944
store_2,2017-10-02,50157.34682218673
store_2,2017-10-09,49877.62348687479
store_2,2017-10-16,51645.284518976274
store_2,2017-10-23,49394.54204582918
store_2,2017-10-30,51357.82394059662
store_2,2017-11-06,49132.72791989733
store_2,2017-11-13,48355.16179076483
store_2,2017-11-20,31850.5044118489
store_2,2017-11-27,50853.49160203703
store_2,2017-12-04,52217.84647288754
store_2,2017-12-11,40413.23455942202
store_2,2017-12-18,43460.09263946603
store_2,2017-12-25,29523.3627946211
store_2,2018-01-01,36138.4009402548
store_2,2018-01-08,49831.83238473438
store_2,2018-01-15,45472.53936830912
store_2,2018-01-22,48352.8499568563
store_2,2018-01-29,50168.71822528768
store_2,2018-02-05,47829.29089298014
store_2,2018-02-12,49695.831785194816
store_2,2018-02-19,48198.24825359052
store_2,2018-02-26,47923.808078202914
store_2,2018-03-05,47149.75382463114
store_2,2018-03-12,52759.02127752129
store_2,2018-03-19,46966.00834096229
store_2,2018-03-26,48086.82668632129
store_2,2018-04-02,50634.48471876784
store_2,2018-04-09,51132.491048512864
store_2,2018-04-16,48878.33663254455
store_2,2018-04-23,51538.42458608504
store_2,2018-04-30,50536.53754035047
store_2,2018-05-07,48981.10868194538
store_2,2018-05-14,50010.60266157362
store_2,2018-05-21,49740.920005224536
store_2,2018-05-28,44984.80307495819
store_2,2018-06-04,52134.73779884791
store_2,2018-06-11,50206.39793914015
store_2,2018-06-18,54064.97610508461
store_2,2018-06-25,51537.989491550885
store_2,2018-07-02,38543.87275586973
store_2,2018-07-09,52381.140329572576
store_2,2018-07-16,54469.70831959839
store_2,2018-07-23,53109.78864945472
store_2,2018-07-30,52782.54427667777
store_2,2018-08-06,51121.83064926389
store_2,2018-08-13,48036.03995268584
store_2,2018-08-20,47028.38508012978
store_2,2018-08-27,45622.01975724358
store_2,2018-09-03,44610.67069595256
store_2,2018-09-10,48801.7980271288
store_2,2018-09-17,47168.226148013215
store_2,2018-09-24,48835.34564106117
store_2,2018-10-01,49787.744707027865
store_2,2018-10-08,49646.6669612941
store_2,2018-10-15,48880.4229277335
store_2,2018-10-22,50404.1404867658
store_2,2018-10-29,51161.8891865754
store_2,2018-11-05,49992.75491087823
store_2,2018-11-12,47761.13193830208
store_2,2018-11-19,33045.42589817022
store_2,2018-11-26,51765.61958773499
store_2,2018-12-03,53955.58001961086
store_2,2018-12-10,51839.2475802399
store_2,2018-12-17,47971.678051774485
store_2,2018-12-24,29313.09664489801
store_2,2018-12-31,41014.28388156947
store_2,2019-01-07,51436.02043947369
store_2,2019-01-14,50144.66968850876
store_2,2019-01-21,46072.27391180831
store_2,2019-01-28,50535.4133637917
store_2,2019-02-04,53815.62451620159
store_2,2019-02-11,51606.68739799201
store_2,2019-02-18,51133.04208297644
store_2,2019-02-25,53006.13546159029
store_2,2019-03-04,53326.47042369166
store_2,2019-03-11,57215.52359447184
store_2,2019-03-18,50460.90711968845
store_2,2019-03-25,55448.170348372085
store_2,2019-04-01,56677.54231881951
store_2,2019-04-08,54839.61719212649
store_2,2019-04-15,49237.54215461915
store_2,2019-04-22,52370.49862857992
store_2,2019-04-29,54436.59733736869
store_2,2019-05-06,52524.56810966711
store_2,2019-05-13,51032.55979904282
store_2,2019-05-20,46499.54503848665
store_2,2019-05-27,42859.5760855924
store_2,2019-06-03,51597.07030137625
store_2,2019-06-10,50402.415788276376
store_2,2019-06-17,49207.66825247946
store_2,2019-06-24,54514.32778414989
store_2,2019-07-01,37130.80428704935
store_2,2019-07-08,53670.6400289725
store_2,2019-07-15,52847.3045686026
store_2,2019-07-22,52239.96824018181
store_2,2019-07-29,53503.33716767928
store_2,2019-08-05,50775.99130923693
store_2,2019-08-12,48485.78062110045
store_2,2019-08-19,47433.082039236775
store_2,2019-08-26,46673.10294194591
store_2,2019-09-02,42188.35559449057
store_2,2019-09-09,51865.01169176165
store_2,2019-09-16,51043.8446620149
store_2,2019-09-23,52134.92425554652
store_2,2019-09-30,51694.27878297136
store_2,2019-10-07,51102.85149377959
store_2,2019-10-14,49710.94722462703
store_2,2019-10-21,53080.01975553345
store_2,2019-10-28,51504.7733253369
store_2,2019-11-04,50637.90247078027
store_2,2019-11-11,49474.21432087701
store_2,2019-11-18,51106.03541135619
store_2,2019-11-25,34593.239595898056
store_2,2019-12-02,51731.3887862481
store_2,2019-12-09,54048.68915145444
store_2,2019-12-16,49893.61205532004
store_2,2019-12-23,28156.32187073452
store_3,2017-01-09,48390.50733898076
store_3,2017-01-16,51911.11553053755
store_3,2017-01-23,53449.320464968725
store_3,2017-01-30,58704.38242358937
store_3,2017-02-06,57473.36474790895
store_3,2017-02-13,60780.8543714146
store_3,2017-02-20,60485.7628299691
store_3,2017-02-27,44122.214049415474
store_3,2017-03-06,65342.99616771335
store_3,2017-03-13,57543.692151475545
store_3,2017-03-20,65378.126481806175
store_3,2017-03-27,63579.79524223412
store_3,2017-04-03,63578.14066507783
store_3,2017-04-10,54491.44274495924
store_3,2017-04-17,68631.94820786956
store_3,2017-04-24,67029.3893435182
store_3,2017-05-01,68232.45527114086
store_3,2017-05-08,67527.13434536525
store_3,2017-05-15,66455.58304751571
store_3,2017-05-22,57296.53154795354
store_3,2017-05-29,50996.01774175456
store_3,2017-06-05,60527.09994578548
store_3,2017-06-12,59803.451257156456
store_3,2017-06-19,60385.45233940146
store_3,2017-06-26,58923.8247660221
store_3,2017-07-03,51146.93897873558
store_3,2017-07-10,61808.756373192366
store_3,2017-07-17,50462.89949773008
store_3,2017-07-24,50064.68230119076
store_3,2017-07-31,52864.30410282292
store_3,2017-08-07,52126.23576961995
store_3,2017-08-14,53912.29445186879
store_3,2017-08-21,52971.64883148636
store_3,2017-08-28,54710.82313269647
store_3,2017-09-04,54265.60465939276
store_3,2017-09-11,61436.05258124464
store_3,2017-09-18,57211.44368930791
store_3,2017-09-25,58669.68395278262
store_3,2017-10-02,58927.53435294758
store_3,2017-10-09,57050.89055946524
store_3,2017-10-16,58410.6656621842
store_3,2017-10-23,52812.70493135799
store_3,2017-10-30,57365.20939824293
store_3,2017-11-06,54627.47658218336
store_3,2017-11-13,54473.31113557738
store_3,2017-11-20,37605.14412364928
store_3,2017-11-27,55030.99774886391
store_3,2017-12-04,56448.31170849646
store_3,2017-12-11,51679.26767730644
store_3,2017-12-18,46259.11754254512
store_3,2017-12-25,31667.163517832283
store_3,2018-01-01,38860.176936346455
store_3,2018-01-08,50162.45092780741
store_3,2018-01-15,47000.52863400278
store_3,2018-01-22,51453.08975010864
store_3,2018-01-29,55137.44428403377
store_3,2018-02-05,56951.5299138846
store_3,2018-02-12,57991.89708187365
store_3,2018-02-19,55330.73009347786
store_3,2018-02-26,56651.99176930242
store_3,2018-03-05,55675.80051853388
store_3,2018-03-12,59506.64625867928
store_3,2018-03-19,56759.02017973056
store_3,2018-03-26,48916.52936377859
store_3,2018-04-02,62389.91893101443
store_3,2018-04-09,62468.36111391572
store_3,2018-04-16,61801.27273847033
store_3,2018-04-23,57071.71350346829
store_3,2018-04-30,63889.46502584486
store_3,2018-05-07,63398.79526101853
store_3,2018-05-14,64880.07161825325
store_3,2018-05-21,55646.59026082094
store_3,2018-05-28,53436.43985834859
store_3,2018-06-04,57171.73872988804
store_3,2018-06-11,57252.2231327874
store_3,2018-06-18,59739.26870026487
store_3,2018-06-25,57449.62100307433
store_3,2018-07-02,49598.58235114687
store_3,2018-07-09,60813.39462956359
store_3,2018-07-16,60698.44052460343
store_3,2018-07-23,54352.946845321785
store_3,2018-07-30,57574.32055391596
store_3,2018-08-06,55762.069167900045
store_3,2018-08-13,58427.94125506093
store_3,2018-08-20,59137.30512268753
store_3,2018-08-27,57429.04858132339
store_3,2018-09-03,59234.06865308728
store_3,2018-09-10,62584.68745037616
store_3,2018-09-17,62873.55353808311
store_3,2018-09-24,64068.35980295127
store_3,2018-10-01,65769.4225821275
store_3,2018-10-08,64111.58381596552
store_3,2018-10-15,61778.33511803928
store_3,2018-10-22,67030.35781366898
store_3,2018-10-29,67229.03044617742
store_3,2018-11-05,67131.4805952479
store_3,2018-11-12,63695.461203226754
store_3,2018-11-19,44161.33966982063
store_3,2018-11-26,63762.36342595418
store_3,2018-12-03,68959.22149271796
store_3,2018-12-10,67525.16092783633
store_3,2018-12-17,57812.11555406321
store_3,2018-12-24,35112.83387677584
store_3,2018-12-31,49989.93642100796
store_3,2019-01-07,57555.91718279058
store_3,2019-01-14,57911.59549864791
store_3,2019-01-21,55053.02694219107
store_3,2019-01-28,63622.76958194927
store_3,2019-02-04,67135.70851239852
store_3,2019-02-11,63164.16798711939
store_3,2019-02-18,63626.17487039401
store_3,2019-02-25,67340.48179058722
store_3,2019-03-04,68158.76535973922
store_3,2019-03-11,71766.9239249786
store_3,2019-03-18,68264.32094177917
store_3,2019-03-25,69464.1195390032
store_3,2019-04-01,73815.12450683035
store_3,2019-04-08,67411.00256412881
store_3,2019-04-15,54456.3057315809
store_3,2019-04-22,73216.86774899735
store_3,2019-04-29,70047.55186116362
store_3,2019-05-06,66954.7837542367
store_3,2019-05-13,71055.37895773555
store_3,2019-05-20,61324.53355605616
store_3,2019-05-27,55594.84901910527
store_3,2019-06-03,63142.35720035958
store_3,2019-06-10,62067.54001230654
store_3,2019-06-17,62445.2586544875
store_3,2019-06-24,68003.90339192896
store_3,2019-07-01,50991.169958853934
store_3,2019-07-08,63575.70990434392
store_3,2019-07-15,62710.241808806895
store_3,2019-07-22,63297.297374517104
store_3,2019-07-29,64094.90658059754
store_3,2019-08-05,61498.69528679977
store_3,2019-08-12,62808.44287786513
store_3,2019-08-19,64504.38412385927
store_3,2019-08-26,63567.3726254616
store_3,2019-09-02,62416.56454064294
store_3,2019-09-09,68837.70989228575
store_3,2019-09-16,69581.15955549643
store_3,2019-09-23,70229.25136786139
store_3,2019-09-30,62938.02786810485
store_3,2019-10-07,68383.55656023888
store_3,2019-10-14,67657.189165805
store_3,2019-10-21,65585.44011474343
store_3,2019-10-28,68709.79831268532
store_3,2019-11-04,68407.08849969078
store_3,2019-11-11,66702.58197903674
store_3,2019-11-18,68142.23208358278
store_3,2019-11-25,45509.47747983769
store_3,2019-12-02,69690.7775900788
store_3,2019-12-09,69307.25832121732
store_3,2019-12-16,57438.10290669016
store_3,2019-12-23,33587.50987935713
